Date,High,Low,Open,Close,Volume,Adj Close
2000-01-03,28.765625,20.59375,21.25,25.265625,9040800.0,25.265625
2000-01-04,24.5,22.3125,23.75,22.34375,6331200.0,22.34375
2000-01-05,24.375,21.515625,22.0,22.328125,5072000.0,22.328125
2000-01-06,22.625,19.84375,22.0625,20.0,6408400.0,20.0
2000-01-07,21.65625,20.3125,21.015625,20.59375,5456400.0,20.59375
2000-01-10,25.0,21.25,21.28125,24.03125,9786000.0,24.03125
2000-01-11,26.765625,23.3125,23.5,23.75,6759600.0,23.75
2000-01-12,24.484375,22.15625,24.265625,22.5,4612400.0,22.5
2000-01-13,23.796875,22.21875,23.25,23.203125,5160000.0,23.203125
2000-01-14,23.53125,21.03125,23.5,21.203125,4668400.0,21.203125
2000-01-18,21.09375,19.25,21.078125,19.578125,12421600.0,19.578125
2000-01-19,19.484375,19.0625,19.359375,19.21875,4629600.0,19.21875
2000-01-20,20.46875,18.75,20.46875,19.140625,5696000.0,19.140625
2000-01-21,19.75,17.15625,19.5,17.25,8121200.0,17.25
2000-01-24,18.75,17.484375,17.75,17.765625,9941600.0,17.765625
2000-01-25,19.8125,17.125,18.328125,18.984375,5461600.0,18.984375
2000-01-26,19.4375,16.96875,18.8125,18.265625,14158800.0,18.265625
2000-01-27,19.390625,17.125,18.296875,18.28125,5180800.0,18.28125
2000-01-28,19.453125,17.75,18.34375,17.765625,6653600.0,17.765625
2000-01-31,20.5,17.5,18.140625,20.4375,5277600.0,20.4375
2000-02-01,20.984375,18.75,20.46875,20.609375,4379600.0,20.609375
2000-02-02,22.609375,19.75,20.6875,21.9375,5889200.0,21.9375
2000-02-03,23.08984375,20.984375,22.015625,23.0,3909600.0,23.0
2000-02-04,22.875,21.375,22.78125,21.484375,2622800.0,21.484375
2000-02-07,22.03125,19.90625,21.59375,20.46875,3283600.0,20.46875
2000-02-08,22.140625,20.34375,20.40625,22.03125,3414400.0,22.03125
2000-02-09,22.1875,20.125,22.171875,20.1875,1883600.0,20.1875
2000-02-10,21.5,20.46875,20.875,21.484375,2665200.0,21.484375
2000-02-11,21.421875,20.0,21.3125,20.4375,2496000.0,20.4375
2000-02-14,21.09375,20.3125,20.625,20.96875,1112400.0,20.96875
2000-02-15,21.65625,19.9375,20.46875,21.328125,2603200.0,21.328125
2000-02-16,22.625,20.875,21.078125,21.25,3043600.0,21.25
2000-02-17,22.1875,21.08203125,21.484375,22.0,2515600.0,22.0
2000-02-18,23.578125,21.71875,22.421875,22.625,5776000.0,22.625
2000-02-22,22.25,20.25,22.1875,21.53125,4987200.0,21.53125
2000-02-23,22.203125,20.90625,21.5625,22.109375,4840800.0,22.109375
2000-02-24,23.21875,20.90625,22.1875,22.78125,3028000.0,22.78125
2000-02-25,22.4375,20.9375,22.40625,20.9375,2532400.0,20.9375
2000-02-28,22.375,20.09375,20.921875,21.96875,3520400.0,21.96875
2000-02-29,25.5625,21.875,21.90625,25.0,6444400.0,25.0
2000-03-01,24.125,22.9375,23.75,23.734375,6330000.0,23.734375
2000-03-02,24.15625,23.59375,23.75,23.75,3720000.0,23.75
2000-03-03,25.84375,23.890625,24.03125,25.546875,3213600.0,25.546875
2000-03-06,25.5,21.75,25.5,22.734375,8284000.0,22.734375
2000-03-07,24.6875,22.578125,22.86328125,23.5,9264000.0,23.5
2000-03-08,24.671875,22.0,23.515625,24.015625,6436000.0,24.015625
2000-03-09,24.875,23.25,24.0,24.765625,3113200.0,24.765625
2000-03-10,26.125,22.90625,24.703125,23.203125,5687600.0,23.203125
2000-03-13,22.984375,21.546875,22.98046875,21.6875,5192000.0,21.6875
2000-03-14,20.375,18.6875,20.109375,18.75,17405200.0,18.75
2000-03-15,19.875,18.625,19.046875,19.3125,11374800.0,19.3125
2000-03-16,20.875,19.140625,19.390625,20.296875,5786400.0,20.296875
2000-03-17,21.375,19.53125,20.46875,20.140625,9121600.0,20.140625
2000-03-20,20.796875,19.0625,20.328125,19.5,3886400.0,19.5
2000-03-21,19.875,18.75,19.515625,19.30078125,4753200.0,19.30078125
2000-03-22,21.0625,19.515625,19.6875,20.4375,3651600.0,20.4375
2000-03-23,20.8125,19.25,20.453125,20.34375,3828400.0,20.34375
2000-03-24,20.28125,18.765625,20.28125,19.09375,7078400.0,19.09375
2000-03-27,19.9375,18.734375,19.28125,19.09375,3089600.0,19.09375
2000-03-28,19.71875,18.65625,19.40625,18.765625,2048800.0,18.765625
2000-03-29,19.03125,17.53125,18.90625,17.625,5518800.0,17.625
2000-03-30,18.25,17.0625,17.25,17.578125,5568800.0,17.578125
2000-03-31,18.09375,17.15625,17.65625,17.796875,4403200.0,17.796875
2000-04-03,18.0,16.48828125,18.0,16.671875,4025600.0,16.671875
2000-04-04,17.53125,14.375,16.9375,16.453125,7273200.0,16.453125
2000-04-05,18.0,16.0,16.125,17.046875,6508800.0,17.046875
2000-04-06,18.03125,16.8125,16.984375,17.703125,3518400.0,17.703125
2000-04-07,17.1875,15.75,17.109375,15.921875,12963600.0,15.921875
2000-04-10,16.09375,14.015625,16.078125,14.9375,8215600.0,14.9375
2000-04-11,15.96875,14.53125,14.625,15.015625,6703600.0,15.015625
2000-04-12,15.65625,13.953125,14.984375,13.953125,4842400.0,13.953125
2000-04-13,15.640625,14.0,14.375,14.625,8278000.0,14.625
2000-04-14,15.046875,13.96875,14.53125,14.16015625,4224400.0,14.16015625
2000-04-17,14.375,12.671875,14.015625,14.03125,5074800.0,14.03125
2000-04-18,15.0,13.96875,13.96875,14.9375,6115200.0,14.9375
2000-04-19,15.1875,14.0,15.1875,14.0,1912400.0,14.0
2000-04-20,14.703125,13.625,14.203125,14.703125,3099200.0,14.703125
2000-04-24,14.625,12.6875,14.375,13.3125,3781200.0,13.3125
2000-04-25,14.3125,13.21875,13.78125,13.296875,7452800.0,13.296875
2000-04-26,15.40625,13.375,13.453125,15.078125,8602000.0,15.078125
2000-04-27,16.0625,13.5,14.421875,15.375,8215200.0,15.375
2000-04-28,15.875,14.51953125,15.53125,15.125,5032800.0,15.125
2000-05-01,15.03125,14.40625,15.0,14.71875,7526800.0,14.71875
2000-05-02,14.78125,12.890625,14.765625,13.34375,9966800.0,13.34375
2000-05-03,14.0,12.875,13.421875,13.515625,6077600.0,13.515625
2000-05-04,14.984375,12.25,12.375,13.796875,16837600.0,13.796875
2000-05-05,16.40625,13.78125,13.890625,15.421875,12098400.0,15.421875
2000-05-08,16.4375,14.359375,14.90625,14.625,7813600.0,14.625
2000-05-09,14.875,13.6875,14.875,14.5625,5072400.0,14.5625
2000-05-10,15.0,13.90625,14.515625,14.265625,4896400.0,14.265625
2000-05-11,16.703125,13.5,14.5,16.453125,7678000.0,16.453125
2000-05-12,16.96875,15.0625,16.25,15.09375,4318000.0,15.09375
2000-05-15,16.15625,14.67578125,15.140625,16.0,4722000.0,16.0
2000-05-16,16.75,15.828125,15.84375,16.640625,3386400.0,16.640625
2000-05-17,16.5625,15.8125,16.5546875,16.0625,3917200.0,16.0625
2000-05-18,16.6875,15.125,16.296875,15.4375,3096400.0,15.4375
2000-05-19,16.0625,14.484375,15.875,14.484375,4535200.0,14.484375
2000-05-22,14.5625,12.546875,14.5625,14.34375,5518800.0,14.34375
2000-05-23,14.5,13.5,14.015625,13.578125,2624800.0,13.578125
2000-05-24,15.71875,13.453125,13.46875,15.4375,7750000.0,15.4375
2000-05-25,15.5625,14.53125,15.40625,14.75,3851200.0,14.75
2000-05-26,15.1875,14.0,15.171875,14.5,2654800.0,14.5
2000-05-30,15.84375,14.609375,14.71875,15.6875,5565600.0,15.6875
2000-05-31,16.75,15.765625,15.84375,15.96875,6050000.0,15.96875
2000-06-01,17.5,15.75,16.078125,17.265625,5307200.0,17.265625
2000-06-02,18.75,17.75,18.125,17.921875,4145200.0,17.921875
2000-06-05,18.5,17.4375,17.921875,17.734375,3276000.0,17.734375
2000-06-06,18.9375,17.0,17.71875,17.015625,7646800.0,17.015625
2000-06-07,18.0,16.78125,17.1875,17.9375,4978400.0,17.9375
2000-06-08,17.78125,17.0,17.2265625,17.125,2394800.0,17.125
2000-06-09,17.6875,16.0625,17.67578125,16.71875,3362400.0,16.71875
2000-06-12,17.03125,15.765625,16.90625,15.859375,1936400.0,15.859375
2000-06-13,16.21875,15.40625,15.625,16.125,2611200.0,16.125
2000-06-14,16.11328125,15.28125,15.9375,15.5625,4264800.0,15.5625
2000-06-15,16.375,15.015625,15.859375,16.296875,3426800.0,16.296875
2000-06-16,16.9375,16.375,16.734375,16.578125,3892800.0,16.578125
2000-06-19,18.09375,16.4375,16.578125,17.65625,2725600.0,17.65625
2000-06-20,18.1875,17.125,17.44140625,17.6875,4033600.0,17.6875
2000-06-21,18.5,17.21875,17.484375,18.15625,2249600.0,18.15625
2000-06-22,20.1875,17.71875,18.125,19.28125,7709600.0,19.28125
2000-06-23,19.484375,18.234375,19.125,18.734375,4450400.0,18.734375
2000-06-26,19.21875,18.40625,18.921875,19.03125,2134800.0,19.03125
2000-06-27,19.46875,18.9375,19.25,19.234375,2928000.0,19.234375
2000-06-28,20.03125,19.0,19.234375,19.421875,2890800.0,19.421875
2000-06-29,20.0,19.125,19.359375,19.578125,3205200.0,19.578125
2000-06-30,19.78125,18.234375,19.453125,18.234375,3159200.0,18.234375
2000-07-03,19.375,18.203125,18.21875,18.84375,1238000.0,18.84375
2000-07-05,19.78125,18.34375,19.234375,18.734375,2933600.0,18.734375
2000-07-06,20.046875,18.703125,18.765625,19.921875,2554400.0,19.921875
2000-07-07,21.25,20.03125,20.046875,20.765625,2690400.0,20.765625
2000-07-10,21.125,20.125,20.546875,20.4375,2473200.0,20.4375
2000-07-11,20.796875,19.90625,20.359375,20.46875,4044000.0,20.46875
2000-07-12,20.890625,20.0625,20.484375,20.265625,3413600.0,20.265625
2000-07-13,20.4375,19.8125,20.25,20.0,3168000.0,20.0
2000-07-14,20.21484375,19.6875,20.1171875,19.96875,1436000.0,19.96875
2000-07-17,21.0625,19.6875,20.046875,20.765625,2202800.0,20.765625
2000-07-18,21.25,20.40625,20.6875,20.71875,2833600.0,20.71875
2000-07-19,22.0625,20.71875,20.84375,21.484375,3418000.0,21.484375
2000-07-20,22.21875,21.12890625,21.484375,21.75,2874400.0,21.75
2000-07-21,21.921875,20.78125,21.65625,20.796875,2233600.0,20.796875
2000-07-24,21.6875,20.1875,20.75,20.19921875,2071600.0,20.19921875
2000-07-25,20.25,18.953125,20.171875,19.203125,3566000.0,19.203125
2000-07-26,22.125,18.96875,19.125,21.65625,10827200.0,21.65625
2000-07-27,23.8125,20.53125,21.640625,23.25,6260400.0,23.25
2000-07-28,23.21875,21.546875,23.15625,22.578125,4251600.0,22.578125
2000-07-31,22.625,21.125,22.5,22.109375,3215200.0,22.109375
2000-08-01,22.15625,21.0,21.84375,21.0,2246800.0,21.0
2000-08-02,21.984375,20.796875,21.140625,20.84375,3440800.0,20.84375
2000-08-03,21.375,19.5,20.78125,21.34375,3253200.0,21.34375
2000-08-04,21.625,20.875,21.625,21.484375,3631600.0,21.484375
2000-08-07,22.21875,21.671875,21.9296875,22.15625,3054000.0,22.15625
2000-08-08,22.28125,21.46875,22.2734375,21.5,2942800.0,21.5
2000-08-09,21.71875,20.875,21.625,21.0625,2519600.0,21.0625
2000-08-10,21.71875,20.9375,21.546875,21.0625,2230800.0,21.0625
2000-08-11,21.625,20.890625,21.1875,21.484375,893200.0,21.484375
2000-08-14,22.4375,21.5,21.5,22.390625,2724800.0,22.390625
2000-08-15,23.3125,22.5,22.75,22.875,4188800.0,22.875
2000-08-16,23.25,22.125,23.09375,22.59375,3150400.0,22.59375
2000-08-17,23.0,22.3125,22.640625,23.0,2965200.0,23.0
2000-08-18,23.234375,22.515625,23.1875,22.609375,5340000.0,22.609375
2000-08-21,23.0625,22.53125,22.71875,22.71875,2780400.0,22.71875
2000-08-22,24.21875,22.703125,22.734375,23.6875,3525200.0,23.6875
2000-08-23,24.09375,23.34375,23.84375,23.8125,1952400.0,23.8125
2000-08-24,25.3125,23.8125,23.8125,24.859375,5065200.0,24.859375
2000-08-25,26.875,24.71875,24.84375,26.46875,5454400.0,26.46875
2000-08-28,26.0,25.21875,25.234375,25.65625,4381200.0,25.65625
2000-08-29,26.46875,25.15625,25.609375,26.25,3422800.0,26.25
2000-08-30,27.015625,26.1875,26.265625,26.796875,2010400.0,26.796875
2000-08-31,27.12109375,26.0,26.859375,26.984375,2747600.0,26.984375
2000-09-01,27.5,26.40625,27.49609375,27.234375,2352400.0,27.234375
2000-09-05,27.40625,27.015625,27.34375,27.203125,1743200.0,27.203125
2000-09-06,27.5,26.8125,27.0625,26.984375,1872800.0,26.984375
2000-09-07,27.40625,26.265625,27.046875,26.859375,4060000.0,26.859375
2000-09-08,26.71875,24.75,26.703125,24.75,3246000.0,24.75
2000-09-11,25.875,23.65625,25.25,25.3125,2264400.0,25.3125
2000-09-12,25.4375,24.25,25.0625,24.6875,1287000.0,24.6875
2000-09-13,25.0,23.25,24.0625,23.9375,3183200.0,23.9375
2000-09-14,25.8125,24.0,24.03125,24.6875,2895800.0,24.6875
2000-09-15,25.0,23.3125,24.5,23.75,4052400.0,23.75
2000-09-18,24.03125,22.125,23.5,22.71875,3607400.0,22.71875
2000-09-19,24.0,22.75,22.75,23.84375,2309000.0,23.84375
2000-09-20,23.9375,21.78125,23.84375,23.625,2744000.0,23.625
2000-09-21,24.1875,22.4375,23.515625,23.6875,1183000.0,23.6875
2000-09-22,24.96875,22.5,22.53125,24.28125,4070400.0,24.28125
2000-09-25,27.46875,24.3828125,24.640625,26.625,3588200.0,26.625
2000-09-26,27.25,25.40625,27.0625,25.4375,3283000.0,25.4375
2000-09-27,26.375,20.75,25.6875,22.59375,17841000.0,22.59375
2000-09-28,25.5625,23.3125,23.6171875,25.0625,5770800.0,25.0625
2000-09-29,26.125,24.5,25.0625,24.6875,4191200.0,24.6875
2000-10-02,25.0,23.75,24.6875,24.53125,1632000.0,24.53125
2000-10-03,25.46875,23.3125,24.703125,23.375,2335000.0,23.375
2000-10-04,26.0,22.53125,23.78125,25.03125,3153200.0,25.03125
2000-10-05,25.25,23.90625,25.0625,24.25,1768200.0,24.25
2000-10-06,24.96875,22.53125,24.84375,23.46875,3155200.0,23.46875
2000-10-09,25.5625,22.625,23.4375,24.875,1810000.0,24.875
2000-10-10,25.59375,24.5,24.75,24.96875,1912600.0,24.96875
2000-10-11,25.0,23.03125,24.96875,24.4375,2279600.0,24.4375
2000-10-12,24.625,23.25,24.2578125,23.40625,2275000.0,23.40625
2000-10-13,25.5,23.40625,23.4375,25.0,2515200.0,25.0
2000-10-16,26.0,24.8125,25.09375,25.53125,2954000.0,25.53125
2000-10-17,26.59375,25.34375,25.65625,26.5,3520000.0,26.5
2000-10-18,27.46875,25.1875,26.15625,26.34375,3023400.0,26.34375
2000-10-19,27.375,25.5625,26.9921875,26.21875,3115800.0,26.21875
2000-10-20,27.34375,25.90625,26.03125,26.78125,2213600.0,26.78125
2000-10-23,28.96875,26.96875,26.96875,27.6875,3766600.0,27.6875
2000-10-24,26.875,24.4375,26.4375,25.0,7136400.0,25.0
2000-10-25,27.0,23.0,25.09375,23.09375,5705400.0,23.09375
2000-10-26,25.9375,19.96875,20.0,25.625,10638000.0,25.625
2000-10-27,25.28125,23.6875,25.25,24.9375,4269800.0,24.9375
2000-10-30,25.75,23.75,24.921875,24.03125,3374800.0,24.03125
2000-10-31,25.03125,23.9375,24.40625,25.0,2558400.0,25.0
2000-11-01,25.0,23.875,24.75,23.96875,3380800.0,23.96875
2000-11-02,24.96875,23.8125,24.1875,24.59375,2910200.0,24.59375
2000-11-03,24.71875,24.0,24.59375,24.5,2248800.0,24.5
2000-11-06,24.6875,24.0,24.375,24.1875,878200.0,24.1875
2000-11-07,24.5,23.875,24.15625,23.96875,1395400.0,23.96875
2000-11-08,24.5625,22.78125,24.0,22.875,3073400.0,22.875
2000-11-09,22.90625,21.53125,22.1875,22.59375,4426000.0,22.59375
2000-11-10,22.25,20.90625,22.2265625,21.21875,4124400.0,21.21875
2000-11-13,21.5625,19.8125,21.1875,20.375,4225400.0,20.375
2000-11-14,22.375,20.8515625,21.0,21.96875,3983400.0,21.96875
2000-11-15,23.375,21.8125,22.125,22.5,2415800.0,22.5
2000-11-16,22.5,21.5,22.484375,21.53125,1967600.0,21.53125
2000-11-17,22.1875,20.96875,22.0,21.59375,3194200.0,21.59375
2000-11-20,21.59375,20.5625,21.53125,20.65625,3206000.0,20.65625
2000-11-21,22.0,20.75,21.21875,20.96875,2431400.0,20.96875
2000-11-22,19.78125,18.5625,19.7734375,19.09375,5522600.0,19.09375
2000-11-24,22.21875,19.375,19.5546875,22.0,1797600.0,22.0
2000-11-27,23.90625,22.4375,22.625,22.4375,6503600.0,22.4375
2000-11-28,21.875,20.875,21.4375,21.03125,3621000.0,21.03125
2000-11-29,21.0625,18.8125,21.0,19.84375,5135600.0,19.84375
2000-11-30,19.4375,17.28125,19.40625,17.84375,9670200.0,17.84375
2000-12-01,20.53125,18.21875,18.25,19.75,3274000.0,19.75
2000-12-04,19.5625,18.5,19.0625,18.78125,2178800.0,18.78125
2000-12-05,19.1875,16.96875,16.96875,18.875,7484800.0,18.875
2000-12-06,19.3125,17.96875,18.6875,17.96875,4443600.0,17.96875
2000-12-07,18.21875,17.0,17.8125,17.65625,2215200.0,17.65625
2000-12-08,20.8125,17.0,17.53125,20.75,4962400.0,20.75
2000-12-11,20.46875,18.96875,19.96875,19.875,5095800.0,19.875
2000-12-12,21.6875,19.65625,19.71875,20.84375,5387200.0,20.84375
2000-12-13,22.0625,20.96875,21.578125,21.4375,6935400.0,21.4375
2000-12-14,21.59375,19.65625,21.390625,20.0,4132400.0,20.0
2000-12-15,20.0,18.15625,19.40625,18.90625,5747800.0,18.90625
2000-12-18,20.0,18.96875,19.0,20.0,5004600.0,20.0
2000-12-19,20.6875,18.125,19.75,18.15625,3495600.0,18.15625
2000-12-20,18.625,16.875,18.0,18.0,2361000.0,18.0
2000-12-21,20.875,17.96875,18.0,18.78125,3405800.0,18.78125
2000-12-22,21.34375,19.71875,19.7421875,21.09375,6037200.0,21.09375
2000-12-26,21.6875,20.5625,21.21875,21.25,3003400.0,21.25
2000-12-27,22.3125,21.03125,21.25,22.1875,4115400.0,22.1875
2000-12-28,22.75,21.8125,22.1875,22.25,1976000.0,22.25
2000-12-29,22.390625,20.84375,22.34375,21.3125,4280200.0,21.3125
2001-01-02,21.90625,18.53125,21.84375,19.46875,2344400.0,19.46875
2001-01-03,20.5,19.25,19.40625,20.1796875,4705400.0,20.1796875
2001-01-04,20.59375,19.53125,19.75,20.34375,6723600.0,20.34375
2001-01-05,20.5,17.625,20.375,17.625,8838400.0,17.625
2001-01-08,18.5,17.3125,17.4375,18.40625,3561200.0,18.40625
2001-01-09,19.5,18.53125,18.75,19.03125,2423400.0,19.03125
2001-01-10,19.625,18.3125,18.9375,19.5625,2891000.0,19.5625
2001-01-11,18.0625,17.25,17.5,17.71875,17488000.0,17.71875
2001-01-12,18.34375,17.625,17.6875,18.125,4729400.0,18.125
2001-01-16,19.125,17.90625,18.0,18.71875,10342800.0,18.71875
2001-01-17,19.3125,18.65625,19.1953125,18.6875,2244200.0,18.6875
2001-01-18,20.125,18.65625,18.734375,19.59375,3081000.0,19.59375
2001-01-19,21.875,19.5,19.84375,20.75,6078800.0,20.75
2001-01-22,21.96875,19.8125,21.125,20.25,3401600.0,20.25
2001-01-23,21.65625,20.3125,20.34375,21.375,3011800.0,21.375
2001-01-24,22.375,21.0,21.59375,21.125,6843600.0,21.125
2001-01-25,20.59375,19.3125,20.125,19.78125,6717400.0,19.78125
2001-01-26,19.78125,18.09375,19.4375,19.125,5686400.0,19.125
2001-01-29,19.703125,18.90625,19.0,19.34375,2921400.0,19.34375
2001-01-30,20.75,19.0625,19.3125,20.0,4240200.0,20.0
2001-01-31,24.15625,21.8125,21.875,22.90625,12574800.0,22.90625
2001-02-01,23.375,22.46875,23.1875,22.78125,3937200.0,22.78125
2001-02-02,23.15625,22.375,22.78125,22.8125,6200800.0,22.8125
2001-02-05,23.5625,22.34375,22.65625,23.21875,2075000.0,23.21875
2001-02-06,24.90625,22.9375,23.25,23.90625,3368200.0,23.90625
2001-02-07,25.0,23.25,23.53125,23.9375,2617200.0,23.9375
2001-02-08,24.6875,23.125,24.15625,23.5625,3411600.0,23.5625
2001-02-09,23.90625,22.25,23.484375,23.75,7128000.0,23.75
2001-02-12,25.21875,23.34375,23.6484375,24.5625,4736200.0,24.5625
2001-02-13,26.125,24.65625,24.71875,24.8125,3977200.0,24.8125
2001-02-14,25.59375,24.28125,24.71875,25.5625,3206000.0,25.5625
2001-02-15,26.9375,24.625,25.75,24.875,6405800.0,24.875
2001-02-16,24.78125,23.125,24.21875,24.375,5828600.0,24.375
2001-02-20,24.71875,22.9375,24.625,23.15625,3508400.0,23.15625
2001-02-21,24.375,22.90625,23.15625,23.625,6537400.0,23.625
2001-02-22,27.28125,23.9375,24.03125,26.46875,12190400.0,26.46875
2001-02-23,27.15625,25.21875,26.21875,26.53125,7227800.0,26.53125
2001-02-26,27.25,25.75,26.328125,25.90625,4379000.0,25.90625
2001-02-27,25.96875,24.1875,25.96875,24.96875,5278200.0,24.96875
2001-02-28,26.40625,24.625,24.84375,25.0,4227000.0,25.0
2001-03-01,26.6875,23.375,24.65625,26.15625,5827000.0,26.15625
2001-03-02,26.5625,25.0,25.21875,25.90625,5424200.0,25.90625
2001-03-05,25.5625,24.6875,25.5,25.0,3623800.0,25.0
2001-03-06,25.8125,24.5,25.2265625,25.625,2884000.0,25.625
2001-03-07,27.625,25.75,25.75,27.3125,4416800.0,27.3125
2001-03-08,26.9375,26.15625,26.6875,26.40625,4458000.0,26.40625
2001-03-09,26.15625,24.9375,26.15625,25.0625,3183200.0,25.0625
2001-03-12,26.8125,24.125,24.84375,24.96875,5027600.0,24.96875
2001-03-13,26.65625,24.4375,25.1875,26.375,5109400.0,26.375
2001-03-14,27.5,24.84375,24.875,26.3125,4803200.0,26.3125
2001-03-15,27.125,25.3125,26.6875,25.84375,5018000.0,25.84375
2001-03-16,25.875,22.78125,25.8671875,23.6875,12134200.0,23.6875
2001-03-19,25.5,23.0,23.875,25.1875,5149600.0,25.1875
2001-03-20,26.75,24.03125,25.5,24.15625,6521200.0,24.15625
2001-03-21,26.03125,24.1875,24.5625,25.125,6028000.0,25.125
2001-03-22,26.125,24.28125,24.8125,25.5,7189200.0,25.5
2001-03-23,26.53125,25.5,25.96875,26.0,6385600.0,26.0
2001-03-26,26.8125,25.625,26.375,25.875,4951600.0,25.875
2001-03-27,27.46875,24.9375,25.625,27.375,6403000.0,27.375
2001-03-28,28.40625,26.4375,26.71875,27.9375,13631000.0,27.9375
2001-03-29,28.25,26.9375,27.28125,28.0625,8114400.0,28.0625
2001-03-30,27.796875,26.96875,27.5625,27.125,5393200.0,27.125
2001-04-02,27.34375,26.46875,27.0,26.71875,5514200.0,26.71875
2001-04-03,26.84375,25.375,26.4375,26.53125,7981600.0,26.53125
2001-04-04,25.65625,22.65625,25.0,24.1875,27941000.0,24.1875
2001-04-05,25.40625,23.21875,24.90625,25.3671875,12110200.0,25.3671875
2001-04-06,26.84375,24.375,24.84375,26.40625,11735000.0,26.40625
2001-04-09,26.774999618530273,25.405000686645508,26.3700008392334,26.7450008392334,6459600.0,26.7450008392334
2001-04-10,28.1299991607666,26.045000076293945,26.799999237060547,27.860000610351562,8058600.0,27.860000610351562
2001-04-11,28.645000457763672,27.145000457763672,28.2549991607666,27.9950008392334,8444800.0,27.9950008392334
2001-04-12,28.950000762939453,26.920000076293945,27.0,28.875,6787600.0,28.875
2001-04-16,29.239999771118164,28.0,28.725000381469727,28.829999923706055,8797000.0,28.829999923706055
2001-04-17,29.170000076293945,27.25,28.53499984741211,27.885000228881836,6514400.0,27.885000228881836
2001-04-18,30.850000381469727,27.875,28.645000457763672,29.5049991607666,13024600.0,29.5049991607666
2001-04-19,30.125,28.2450008392334,29.43000030517578,30.079999923706055,7551000.0,30.079999923706055
2001-04-20,29.700000762939453,27.3799991607666,29.700000762939453,28.395000457763672,8612800.0,28.395000457763672
2001-04-23,28.700000762939453,27.475000381469727,27.850000381469727,27.825000762939453,4785000.0,27.825000762939453
2001-04-24,28.625,27.25,27.94499969482422,27.7549991607666,5441000.0,27.7549991607666
2001-04-25,28.584999084472656,27.209999084472656,27.80500030517578,28.520000457763672,4745800.0,28.520000457763672
2001-04-26,28.75,27.40999984741211,28.610000610351562,27.989999771118164,4194600.0,27.989999771118164
2001-04-27,29.25,28.079999923706055,28.155000686645508,28.485000610351562,5353800.0,28.485000610351562
2001-04-30,28.780000686645508,27.899999618530273,28.600000381469727,28.309999465942383,4485400.0,28.309999465942383
2001-05-01,31.125,28.25,28.299999237060547,31.094999313354492,6908000.0,31.094999313354492
2001-05-02,31.075000762939453,28.625,31.0,29.0,7746800.0,29.0
2001-05-03,28.825000762939453,26.954999923706055,28.655000686645508,27.334999084472656,5845200.0,27.334999084472656
2001-05-04,29.684999465942383,26.584999084472656,26.905000686645508,29.649999618530273,7265200.0,29.649999618530273
2001-05-07,29.5,28.55500030517578,29.049999237060547,29.059999465942383,4112600.0,29.059999465942383
2001-05-08,29.31999969482422,27.625,29.03499984741211,27.809999465942383,5200600.0,27.809999465942383
2001-05-09,28.584999084472656,27.375,27.799999237060547,28.024999618530273,5466600.0,28.024999618530273
2001-05-10,28.844999313354492,27.0,28.774999618530273,27.260000228881836,3868600.0,27.260000228881836
2001-05-11,27.975000381469727,25.625,27.46500015258789,26.625,8498800.0,26.625
2001-05-14,27.475000381469727,26.024999618530273,26.7450008392334,27.385000228881836,4407800.0,27.385000228881836
2001-05-15,28.950000762939453,27.270000457763672,27.274999618530273,27.864999771118164,6651000.0,27.864999771118164
2001-05-16,30.139999389648438,27.774999618530273,27.774999618530273,30.1200008392334,10432800.0,30.1200008392334
2001-05-17,30.125,28.674999237060547,29.950000762939453,29.399999618530273,6934400.0,29.399999618530273
2001-05-18,29.809999465942383,28.725000381469727,29.68000030517578,29.6299991607666,4820400.0,29.6299991607666
2001-05-21,31.014999389648438,29.475000381469727,29.75,30.975000381469727,7353000.0,30.975000381469727
2001-05-22,31.875,30.094999313354492,31.049999237060547,30.8799991607666,6285000.0,30.8799991607666
2001-05-23,30.875,29.75,30.815000534057617,29.875,6642000.0,29.875
2001-05-24,31.684999465942383,29.80500030517578,29.905000686645508,31.524999618530273,4814000.0,31.524999618530273
2001-05-25,31.530000686645508,30.225000381469727,31.524999618530273,30.899999618530273,4363600.0,30.899999618530273
2001-05-29,30.899999618530273,29.209999084472656,30.899999618530273,29.360000610351562,9703400.0,29.360000610351562
2001-05-30,29.549999237060547,28.549999237060547,29.204999923706055,28.989999771118164,6085200.0,28.989999771118164
2001-05-31,30.094999313354492,29.0,29.075000762939453,29.44499969482422,7365800.0,29.44499969482422
2001-06-01,30.5,29.5,29.5049991607666,30.149999618530273,4631800.0,30.149999618530273
2001-06-04,30.450000762939453,29.68000030517578,30.354999542236328,29.950000762939453,2837600.0,29.950000762939453
2001-06-05,31.385000228881836,29.915000915527344,29.934999465942383,31.18000030517578,5693400.0,31.18000030517578
2001-06-06,30.959999084472656,29.969999313354492,30.780000686645508,30.674999237060547,6925600.0,30.674999237060547
2001-06-07,31.0,30.25,30.674999237060547,30.825000762939453,2830600.0,30.825000762939453
2001-06-08,30.7450008392334,29.114999771118164,30.7450008392334,29.204999923706055,3226200.0,29.204999923706055
2001-06-11,29.71500015258789,28.375,29.2549991607666,28.639999389648438,4107600.0,28.639999389648438
2001-06-12,30.110000610351562,28.229999542236328,28.475000381469727,29.4950008392334,4310800.0,29.4950008392334
2001-06-13,29.84000015258789,28.600000381469727,29.485000610351562,28.790000915527344,3246600.0,28.790000915527344
2001-06-14,28.69499969482422,27.899999618530273,28.65999984741211,27.915000915527344,5579800.0,27.915000915527344
2001-06-15,29.375,27.415000915527344,27.584999084472656,28.475000381469727,5362200.0,28.475000381469727
2001-06-18,29.135000228881836,28.049999237060547,29.100000381469727,28.325000762939453,3300400.0,28.325000762939453
2001-06-19,29.485000610351562,28.5049991607666,28.68000030517578,29.0,3971400.0,29.0
2001-06-20,31.0,28.825000762939453,28.860000610351562,30.545000076293945,5117200.0,30.545000076293945
2001-06-21,30.875,28.549999237060547,30.4950008392334,28.895000457763672,8866600.0,28.895000457763672
2001-06-22,29.0,27.594999313354492,28.8799991607666,27.604999542236328,5274800.0,27.604999542236328
2001-06-25,27.799999237060547,26.799999237060547,27.7450008392334,26.825000762939453,3865400.0,26.825000762939453
2001-06-26,27.18000030517578,26.059999465942383,26.75,26.950000762939453,5950800.0,26.950000762939453
2001-06-27,28.30500030517578,27.0,27.1299991607666,27.549999237060547,3721000.0,27.549999237060547
2001-06-28,28.700000762939453,27.665000915527344,27.71500015258789,28.235000610351562,4794200.0,28.235000610351562
2001-06-29,29.274999618530273,28.225000381469727,28.229999542236328,28.950000762939453,3520800.0,28.950000762939453
2001-07-02,28.799999237060547,26.940000534057617,28.674999237060547,27.114999771118164,7065600.0,27.114999771118164
2001-07-03,27.110000610351562,25.375,26.875,26.71500015258789,9029200.0,26.71500015258789
2001-07-05,27.420000076293945,26.424999237060547,26.7450008392334,26.4950008392334,2196800.0,26.4950008392334
2001-07-06,27.350000381469727,26.25,26.549999237060547,27.190000534057617,5356400.0,27.190000534057617
2001-07-09,27.25,25.799999237060547,27.020000457763672,26.489999771118164,5803000.0,26.489999771118164
2001-07-10,26.825000762939453,25.274999618530273,26.799999237060547,25.5049991607666,7910400.0,25.5049991607666
2001-07-11,27.424999237060547,25.479999542236328,25.53499984741211,26.96500015258789,5478200.0,26.96500015258789
2001-07-12,29.524999618530273,27.274999618530273,27.395000457763672,29.049999237060547,7289400.0,29.049999237060547
2001-07-13,29.75,28.079999923706055,28.790000915527344,29.475000381469727,4456400.0,29.475000381469727
2001-07-16,29.799999237060547,28.514999389648438,29.399999618530273,28.725000381469727,4974400.0,28.725000381469727
2001-07-17,29.75,27.899999618530273,28.774999618530273,28.344999313354492,5178000.0,28.344999313354492
2001-07-18,28.8700008392334,27.524999618530273,28.43000030517578,27.975000381469727,2586600.0,27.975000381469727
2001-07-19,29.479999542236328,27.8799991607666,28.5,28.084999084472656,2833600.0,28.084999084472656
2001-07-20,28.309999465942383,27.200000762939453,27.950000762939453,27.290000915527344,7479000.0,27.290000915527344
2001-07-23,27.489999771118164,25.950000762939453,27.200000762939453,26.549999237060547,4942200.0,26.549999237060547
2001-07-24,27.139999389648438,26.1299991607666,26.719999313354492,26.559999465942383,6006400.0,26.559999465942383
2001-07-25,27.985000610351562,26.55500030517578,26.665000915527344,27.854999542236328,5337000.0,27.854999542236328
2001-07-26,29.424999237060547,27.024999618530273,27.899999618530273,29.204999923706055,5285600.0,29.204999923706055
2001-07-27,30.540000915527344,28.94499969482422,28.9950008392334,30.489999771118164,8435800.0,30.489999771118164
2001-07-30,30.399999618530273,29.649999618530273,30.274999618530273,30.020000457763672,4075000.0,30.020000457763672
2001-07-31,29.950000762939453,28.424999237060547,29.850000381469727,28.459999084472656,10927600.0,28.459999084472656
2001-08-01,30.049999237060547,28.75,28.84000015258789,29.934999465942383,6397400.0,29.934999465942383
2001-08-02,30.024999618530273,29.274999618530273,29.969999313354492,29.850000381469727,3381600.0,29.850000381469727
2001-08-03,29.719999313354492,29.010000228881836,29.719999313354492,29.454999923706055,2260600.0,29.454999923706055
2001-08-06,29.604999542236328,28.889999389648438,29.424999237060547,29.40999984741211,2651400.0,29.40999984741211
2001-08-07,29.559999465942383,28.8700008392334,29.545000076293945,29.360000610351562,2367400.0,29.360000610351562
2001-08-08,29.889999389648438,27.84000015258789,29.274999618530273,28.135000228881836,3087600.0,28.135000228881836
2001-08-09,29.4950008392334,27.850000381469727,28.174999237060547,29.024999618530273,4488400.0,29.024999618530273
2001-08-10,29.030000686645508,28.190000534057617,28.94499969482422,28.94499969482422,2684600.0,28.94499969482422
2001-08-13,29.6200008392334,28.59000015258789,28.94499969482422,29.395000457763672,2798600.0,29.395000457763672
2001-08-14,29.75,28.799999237060547,28.850000381469727,29.56999969482422,3847000.0,29.56999969482422
2001-08-15,29.704999923706055,29.274999618530273,29.575000762939453,29.30500030517578,3445600.0,29.30500030517578
2001-08-16,29.5,27.44499969482422,29.139999389648438,28.21500015258789,5988200.0,28.21500015258789
2001-08-17,28.454999923706055,27.53499984741211,28.06999969482422,28.110000610351562,2978000.0,28.110000610351562
2001-08-20,28.940000534057617,27.8799991607666,28.18000030517578,28.78499984741211,2387800.0,28.78499984741211
2001-08-21,29.5,28.155000686645508,28.799999237060547,28.209999084472656,3734200.0,28.209999084472656
2001-08-22,28.850000381469727,27.739999771118164,28.315000534057617,28.68000030517578,2643800.0,28.68000030517578
2001-08-23,29.489999771118164,28.280000686645508,28.594999313354492,28.985000610351562,4588200.0,28.985000610351562
2001-08-24,29.450000762939453,28.875,29.0,29.09000015258789,4251200.0,29.09000015258789
2001-08-27,29.309999465942383,28.690000534057617,28.9950008392334,29.0049991607666,3335200.0,29.0049991607666
2001-08-28,29.549999237060547,28.735000610351562,29.145000457763672,28.774999618530273,2268600.0,28.774999618530273
2001-08-29,29.125,28.524999618530273,29.049999237060547,28.844999313354492,1744400.0,28.844999313354492
2001-08-30,29.0,27.674999237060547,28.69499969482422,28.174999237060547,3136600.0,28.174999237060547
2001-08-31,28.989999771118164,28.010000228881836,28.020000457763672,28.854999542236328,3346000.0,28.854999542236328
2001-09-04,30.200000762939453,28.434999465942383,28.864999771118164,28.450000762939453,5265200.0,28.450000762939453
2001-09-05,28.825000762939453,27.614999771118164,28.6200008392334,27.80500030517578,5654000.0,27.80500030517578
2001-09-06,28.489999771118164,26.950000762939453,27.735000610351562,27.7450008392334,6121600.0,27.7450008392334
2001-09-07,28.454999923706055,27.114999771118164,27.4950008392334,28.06999969482422,4688600.0,28.06999969482422
2001-09-10,27.94499969482422,26.344999313354492,27.905000686645508,27.135000228881836,5904400.0,27.135000228881836
2001-09-17,26.424999237060547,23.84000015258789,26.424999237060547,24.6200008392334,7821600.0,24.6200008392334
2001-09-18,25.235000610351562,24.040000915527344,24.559999465942383,24.334999084472656,5873200.0,24.334999084472656
2001-09-19,24.350000381469727,20.4950008392334,24.329999923706055,22.825000762939453,22174800.0,22.825000762939453
2001-09-20,23.854999542236328,21.645000457763672,22.329999923706055,23.149999618530273,11256600.0,23.149999618530273
2001-09-21,24.434999465942383,21.600000381469727,21.719999313354492,24.350000381469727,14351000.0,24.350000381469727
2001-09-24,24.9950008392334,23.600000381469727,24.770000457763672,23.915000915527344,9639400.0,23.915000915527344
2001-09-25,23.985000610351562,21.799999237060547,23.8799991607666,22.219999313354492,14723400.0,22.219999313354492
2001-09-26,23.334999084472656,22.375,22.674999237060547,22.729999542236328,8934000.0,22.729999542236328
2001-09-27,22.7450008392334,21.0,22.735000610351562,22.520000457763672,10147600.0,22.520000457763672
2001-09-28,23.309999465942383,22.219999313354492,22.5049991607666,22.834999084472656,9104000.0,22.834999084472656
2001-10-01,23.21500015258789,21.260000228881836,22.565000534057617,21.389999389648438,6850400.0,21.389999389648438
2001-10-02,22.024999618530273,20.600000381469727,21.3799991607666,21.469999313354492,9587000.0,21.469999313354492
2001-10-03,23.950000762939453,20.795000076293945,21.25,23.040000915527344,8709200.0,23.040000915527344
2001-10-04,24.950000762939453,22.84000015258789,23.299999237060547,24.139999389648438,8482400.0,24.139999389648438
2001-10-05,24.049999237060547,22.7549991607666,24.0049991607666,23.270000457763672,6227200.0,23.270000457763672
2001-10-08,24.665000915527344,22.774999618530273,23.2450008392334,23.655000686645508,5902800.0,23.655000686645508
2001-10-09,25.915000915527344,23.774999618530273,24.360000610351562,25.5049991607666,15892000.0,25.5049991607666
2001-10-10,26.024999618530273,25.125,25.524999618530273,25.9950008392334,7397000.0,25.9950008392334
2001-10-11,28.010000228881836,26.204999923706055,26.229999542236328,27.985000610351562,8654200.0,27.985000610351562
2001-10-12,28.209999084472656,26.174999237060547,27.825000762939453,28.094999313354492,6312000.0,28.094999313354492
2001-10-15,27.850000381469727,26.5,27.545000076293945,27.209999084472656,5967600.0,27.209999084472656
2001-10-16,27.670000076293945,26.75,27.625,27.139999389648438,6641200.0,27.139999389648438
2001-10-17,27.575000762939453,26.19499969482422,27.575000762939453,26.350000381469727,6480600.0,26.350000381469727
2001-10-18,27.46500015258789,26.524999618530273,26.53499984741211,27.139999389648438,5865800.0,27.139999389648438
2001-10-19,27.1200008392334,25.915000915527344,27.05500030517578,26.69499969482422,5260800.0,26.69499969482422
2001-10-22,27.790000915527344,26.399999618530273,26.729999542236328,27.625,5919600.0,27.625
2001-10-23,28.6200008392334,26.65999984741211,27.674999237060547,27.469999313354492,8890400.0,27.469999313354492
2001-10-24,28.274999618530273,27.260000228881836,27.44499969482422,27.424999237060547,4826800.0,27.424999237060547
2001-10-25,28.875,26.950000762939453,27.0,28.774999618530273,6571400.0,28.774999618530273
2001-10-26,28.649999618530273,27.020000457763672,28.149999618530273,27.28499984741211,6663000.0,27.28499984741211
2001-10-29,27.225000381469727,26.295000076293945,27.200000762939453,26.350000381469727,3659400.0,26.350000381469727
2001-10-30,26.239999771118164,25.0,26.235000610351562,25.604999542236328,6004600.0,25.604999542236328
2001-10-31,26.524999618530273,25.610000610351562,25.799999237060547,25.729999542236328,3634400.0,25.729999542236328
2001-11-01,26.729999542236328,25.80500030517578,26.084999084472656,26.4950008392334,3906200.0,26.4950008392334
2001-11-02,27.450000762939453,26.174999237060547,26.5,27.450000762939453,4225200.0,27.450000762939453
2001-11-05,28.450000762939453,27.625,27.905000686645508,27.655000686645508,5777600.0,27.655000686645508
2001-11-06,27.96500015258789,27.125,27.600000381469727,27.655000686645508,5655400.0,27.655000686645508
2001-11-07,27.8700008392334,26.635000228881836,27.65999984741211,26.75,4576400.0,26.75
2001-11-08,26.985000610351562,25.559999465942383,26.985000610351562,25.594999313354492,10069600.0,25.594999313354492
2001-11-09,26.434999465942383,25.635000228881836,25.700000762939453,25.850000381469727,6958200.0,25.850000381469727
2001-11-12,26.6200008392334,24.889999389648438,25.975000381469727,26.510000228881836,7036400.0,26.510000228881836
2001-11-13,27.549999237060547,26.8700008392334,26.940000534057617,27.405000686645508,6127000.0,27.405000686645508
2001-11-14,28.375,27.46500015258789,27.530000686645508,28.0,9555200.0,28.0
2001-11-15,28.280000686645508,27.405000686645508,27.94499969482422,27.684999465942383,5075800.0,27.684999465942383
2001-11-16,27.69499969482422,27.05500030517578,27.56999969482422,27.059999465942383,4972200.0,27.059999465942383
2001-11-19,28.565000534057617,26.5049991607666,27.135000228881836,28.395000457763672,8824200.0,28.395000457763672
2001-11-20,28.825000762939453,27.69499969482422,28.399999618530273,27.774999618530273,4694600.0,27.774999618530273
2001-11-21,27.75,26.190000534057617,27.719999313354492,27.0,6300800.0,27.0
2001-11-23,27.149999618530273,26.53499984741211,26.889999389648438,26.850000381469727,1861200.0,26.850000381469727
2001-11-26,27.2549991607666,26.2549991607666,26.9950008392334,27.165000915527344,4635000.0,27.165000915527344
2001-11-27,27.559999465942383,26.68000030517578,27.25,27.31999969482422,3989800.0,27.31999969482422
2001-11-28,27.295000076293945,26.31999969482422,27.059999465942383,26.80500030517578,4981200.0,26.80500030517578
2001-11-29,29.079999923706055,27.0,27.18000030517578,29.0049991607666,16200800.0,29.0049991607666
2001-11-30,30.399999618530273,28.94499969482422,28.94499969482422,30.229999542236328,11342000.0,30.229999542236328
2001-12-03,30.2450008392334,29.709999084472656,29.924999237060547,30.030000686645508,6690600.0,30.030000686645508
2001-12-04,32.25,30.024999618530273,30.079999923706055,32.220001220703125,10853600.0,32.220001220703125
2001-12-05,33.459999084472656,31.850000381469727,32.17499923706055,33.02000045776367,12938600.0,33.02000045776367
2001-12-06,32.90999984741211,31.450000762939453,32.880001068115234,31.565000534057617,7489600.0,31.565000534057617
2001-12-07,32.1150016784668,31.15999984741211,31.739999771118164,31.469999313354492,6691000.0,31.469999313354492
2001-12-10,31.4950008392334,30.975000381469727,31.344999313354492,31.239999771118164,5605200.0,31.239999771118164
2001-12-11,32.974998474121094,31.25,31.69499969482422,31.59000015258789,9652200.0,31.59000015258789
2001-12-12,32.310001373291016,30.799999237060547,31.5049991607666,31.40999984741211,5627600.0,31.40999984741211
2001-12-13,31.075000762939453,30.354999542236328,30.905000686645508,30.55500030517578,4869200.0,30.55500030517578
2001-12-14,30.989999771118164,29.684999465942383,30.579999923706055,30.575000762939453,5884400.0,30.575000762939453
2001-12-17,32.17499923706055,30.424999237060547,30.43000030517578,31.395000457763672,6615600.0,31.395000457763672
2001-12-18,31.670000076293945,30.780000686645508,31.4950008392334,31.170000076293945,4032600.0,31.170000076293945
2001-12-19,31.2549991607666,30.389999389648438,30.854999542236328,31.049999237060547,3992800.0,31.049999237060547
2001-12-20,31.165000915527344,30.09000015258789,30.96500015258789,30.104999542236328,3862000.0,30.104999542236328
2001-12-21,30.975000381469727,29.799999237060547,30.149999618530273,29.799999237060547,6652000.0,29.799999237060547
2001-12-24,30.25,29.55500030517578,30.104999542236328,29.774999618530273,1672600.0,29.774999618530273
2001-12-26,30.264999389648438,29.264999389648438,29.850000381469727,29.524999618530273,2472000.0,29.524999618530273
2001-12-27,29.8700008392334,29.2549991607666,29.635000228881836,29.575000762939453,4367600.0,29.575000762939453
2001-12-28,31.100000381469727,29.53499984741211,29.549999237060547,30.864999771118164,4802800.0,30.864999771118164
2001-12-31,30.94499969482422,29.895000457763672,30.94499969482422,29.975000381469727,3140400.0,29.975000381469727
2002-01-02,30.3700008392334,29.80500030517578,30.2450008392334,30.059999465942383,5836200.0,30.059999465942383
2002-01-03,30.809999465942383,29.93000030517578,30.094999313354492,30.489999771118164,3497400.0,30.489999771118164
2002-01-04,31.850000381469727,30.704999923706055,31.030000686645508,31.479999542236328,4256400.0,31.479999542236328
2002-01-07,31.065000534057617,29.68000030517578,30.614999771118164,29.704999923706055,8307400.0,29.704999923706055
2002-01-08,30.225000381469727,29.200000762939453,29.799999237060547,29.299999237060547,5136600.0,29.299999237060547
2002-01-09,30.28499984741211,29.0,29.510000228881836,29.06999969482422,5470600.0,29.06999969482422
2002-01-10,29.280000686645508,28.25,28.895000457763672,28.795000076293945,5608800.0,28.795000076293945
2002-01-11,28.780000686645508,26.565000534057617,28.780000686645508,27.25,12153400.0,27.25
2002-01-14,27.530000686645508,26.135000228881836,27.219999313354492,26.145000457763672,6971400.0,26.145000457763672
2002-01-15,27.424999237060547,26.399999618530273,26.485000610351562,27.274999618530273,6471600.0,27.274999618530273
2002-01-16,27.774999618530273,26.739999771118164,27.219999313354492,26.764999389648438,6840200.0,26.764999389648438
2002-01-17,27.735000610351562,27.125,27.25,27.559999465942383,5649400.0,27.559999465942383
2002-01-18,27.59000015258789,26.850000381469727,27.424999237060547,26.899999618530273,4112200.0,26.899999618530273
2002-01-22,27.950000762939453,26.985000610351562,27.225000381469727,27.334999084472656,6512400.0,27.334999084472656
2002-01-23,27.65999984741211,26.825000762939453,27.389999389648438,27.5,7159200.0,27.5
2002-01-24,29.329999923706055,28.104999542236328,28.149999618530273,28.954999923706055,8602000.0,28.954999923706055
2002-01-25,28.795000076293945,27.75,28.795000076293945,27.96500015258789,7201200.0,27.96500015258789
2002-01-28,29.049999237060547,27.950000762939453,28.049999237060547,28.825000762939453,5826400.0,28.825000762939453
2002-01-29,29.350000381469727,28.065000534057617,28.954999923706055,28.475000381469727,5240200.0,28.475000381469727
2002-01-30,28.940000534057617,27.719999313354492,28.670000076293945,28.450000762939453,8306600.0,28.450000762939453
2002-01-31,29.350000381469727,26.5,29.274999618530273,26.53499984741211,25200000.0,26.53499984741211
2002-02-01,27.229999542236328,26.30500030517578,26.475000381469727,26.354999542236328,9175600.0,26.354999542236328
2002-02-04,26.700000762939453,25.25,26.344999313354492,25.59000015258789,6957000.0,25.59000015258789
2002-02-05,26.5,25.450000762939453,25.604999542236328,26.239999771118164,8182400.0,26.239999771118164
2002-02-06,27.315000534057617,26.010000228881836,26.600000381469727,26.69499969482422,6629800.0,26.69499969482422
2002-02-07,27.125,26.299999237060547,26.704999923706055,26.475000381469727,4580000.0,26.475000381469727
2002-02-08,27.084999084472656,25.93000030517578,26.6299991607666,27.065000534057617,5286600.0,27.065000534057617
2002-02-11,27.34000015258789,26.625,27.049999237060547,26.895000457763672,2522400.0,26.895000457763672
2002-02-12,27.530000686645508,26.415000915527344,26.649999618530273,27.03499984741211,3709000.0,27.03499984741211
2002-02-13,27.770000457763672,26.700000762939453,27.2549991607666,27.25,5708200.0,27.25
2002-02-14,28.450000762939453,27.110000610351562,27.334999084472656,28.360000610351562,6104000.0,28.360000610351562
2002-02-15,28.235000610351562,27.149999618530273,28.200000762939453,27.329999923706055,3302200.0,27.329999923706055
2002-02-19,27.450000762939453,25.885000228881836,27.149999618530273,26.014999389648438,5382600.0,26.014999389648438
2002-02-20,27.34000015258789,26.079999923706055,26.079999923706055,27.30500030517578,5860400.0,27.30500030517578
2002-02-21,27.5,26.5,27.18000030517578,26.635000228881836,4064800.0,26.635000228881836
2002-02-22,26.8700008392334,26.100000381469727,26.100000381469727,26.344999313354492,7351800.0,26.344999313354492
2002-02-25,27.30500030517578,26.375,26.3799991607666,26.989999771118164,3551200.0,26.989999771118164
2002-02-26,27.5,25.5,27.475000381469727,26.0,11309200.0,26.0
2002-02-27,26.844999313354492,26.0,26.454999923706055,26.5049991607666,9433800.0,26.5049991607666
2002-02-28,27.235000610351562,26.209999084472656,26.575000762939453,26.90999984741211,6386800.0,26.90999984741211
2002-03-01,28.229999542236328,26.924999237060547,26.959999084472656,28.030000686645508,4659600.0,28.030000686645508
2002-03-04,29.375,27.700000762939453,28.0,28.885000228881836,5678000.0,28.885000228881836
2002-03-05,29.725000381469727,28.639999389648438,28.739999771118164,29.040000915527344,3778400.0,29.040000915527344
2002-03-06,29.475000381469727,28.344999313354492,28.940000534057617,29.385000228881836,3745000.0,29.385000228881836
2002-03-07,29.94499969482422,28.6299991607666,29.6299991607666,29.135000228881836,4555600.0,29.135000228881836
2002-03-08,29.975000381469727,29.225000381469727,29.809999465942383,29.774999618530273,5410000.0,29.774999618530273
2002-03-11,31.299999237060547,29.5,29.520000457763672,30.844999313354492,8218200.0,30.844999313354492
2002-03-12,30.725000381469727,29.639999389648438,30.0,29.969999313354492,4655800.0,29.969999313354492
2002-03-13,30.459999084472656,29.5,29.700000762939453,30.260000228881836,4380200.0,30.260000228881836
2002-03-14,30.459999084472656,29.674999237060547,30.2549991607666,29.774999618530273,3248600.0,29.774999618530273
2002-03-15,30.200000762939453,29.375,29.71500015258789,29.9950008392334,3639800.0,29.9950008392334
2002-03-18,30.924999237060547,30.110000610351562,30.2450008392334,30.6299991607666,4425600.0,30.6299991607666
2002-03-19,30.959999084472656,30.200000762939453,30.78499984741211,30.530000686645508,2658400.0,30.530000686645508
2002-03-20,30.600000381469727,29.260000228881836,30.350000381469727,29.290000915527344,3746800.0,29.290000915527344
2002-03-21,30.770000457763672,29.350000381469727,29.405000686645508,30.385000228881836,4838000.0,30.385000228881836
2002-03-22,30.704999923706055,29.55500030517578,30.395000457763672,29.7549991607666,3254800.0,29.7549991607666
2002-03-25,29.975000381469727,29.229999542236328,29.780000686645508,29.375,2210800.0,29.375
2002-03-26,29.795000076293945,28.799999237060547,29.125,29.610000610351562,3247800.0,29.610000610351562
2002-03-27,29.600000381469727,28.670000076293945,29.475000381469727,29.440000534057617,8192800.0,29.440000534057617
2002-03-28,30.90999984741211,29.600000381469727,29.75,30.399999618530273,5667000.0,30.399999618530273
2002-04-01,30.920000076293945,29.579999923706055,30.174999237060547,30.760000228881836,3552000.0,30.760000228881836
2002-04-02,30.524999618530273,29.114999771118164,30.450000762939453,29.514999389648438,4276400.0,29.514999389648438
2002-04-03,29.885000228881836,28.625,29.704999923706055,29.014999389648438,4085800.0,29.014999389648438
2002-04-04,29.25,28.264999389648438,28.885000228881836,28.90999984741211,3835000.0,28.90999984741211
2002-04-05,29.405000686645508,28.84000015258789,29.05500030517578,29.049999237060547,3145600.0,29.049999237060547
2002-04-08,30.5049991607666,28.639999389648438,28.770000457763672,30.204999923706055,5691200.0,30.204999923706055
2002-04-09,30.674999237060547,29.44499969482422,30.204999923706055,29.44499969482422,6081600.0,29.44499969482422
2002-04-10,30.31999969482422,29.15999984741211,29.6299991607666,30.075000762939453,6551200.0,30.075000762939453
2002-04-11,30.239999771118164,28.954999923706055,29.920000076293945,29.06999969482422,5617400.0,29.06999969482422
2002-04-12,30.125,28.774999618530273,29.174999237060547,29.950000762939453,4314800.0,29.950000762939453
2002-04-15,30.104999542236328,29.575000762939453,29.975000381469727,29.860000610351562,3369600.0,29.860000610351562
2002-04-16,30.850000381469727,29.975000381469727,30.05500030517578,30.5,5772800.0,30.5
2002-04-17,30.579999923706055,29.559999465942383,30.549999237060547,30.30500030517578,5658400.0,30.30500030517578
2002-04-18,31.9950008392334,30.579999923706055,30.579999923706055,31.350000381469727,8368600.0,31.350000381469727
2002-04-19,31.950000762939453,30.81999969482422,31.354999542236328,31.125,6658000.0,31.125
2002-04-22,31.235000610351562,29.854999542236328,31.100000381469727,30.1299991607666,3379600.0,30.1299991607666
2002-04-23,30.19499969482422,29.479999542236328,30.135000228881836,29.709999084472656,6128200.0,29.709999084472656
2002-04-24,30.725000381469727,29.46500015258789,29.950000762939453,29.725000381469727,5969000.0,29.725000381469727
2002-04-25,30.09000015258789,29.19499969482422,29.899999618530273,29.53499984741211,4675200.0,29.53499984741211
2002-04-26,30.024999618530273,28.459999084472656,29.969999313354492,28.774999618530273,5451600.0,28.774999618530273
2002-04-29,29.559999465942383,28.25,28.809999465942383,28.834999084472656,5895000.0,28.834999084472656
2002-04-30,29.985000610351562,28.850000381469727,28.860000610351562,29.524999618530273,4561200.0,29.524999618530273
2002-05-01,29.924999237060547,28.834999084472656,29.510000228881836,29.704999923706055,2990600.0,29.704999923706055
2002-05-02,30.100000381469727,29.045000076293945,29.799999237060547,29.200000762939453,4518800.0,29.200000762939453
2002-05-03,29.2450008392334,28.28499984741211,29.239999771118164,28.700000762939453,4176600.0,28.700000762939453
2002-05-06,29.049999237060547,28.024999618530273,28.735000610351562,28.299999237060547,3277600.0,28.299999237060547
2002-05-07,28.625,26.7450008392334,28.395000457763672,26.989999771118164,9118000.0,26.989999771118164
2002-05-08,30.30500030517578,28.0,28.014999389648438,30.065000534057617,11947800.0,30.065000534057617
2002-05-09,30.489999771118164,29.2549991607666,29.739999771118164,29.475000381469727,7569600.0,29.475000381469727
2002-05-10,31.1200008392334,29.299999237060547,31.110000610351562,29.549999237060547,18143000.0,29.549999237060547
2002-05-13,30.84000015258789,29.399999618530273,29.649999618530273,30.565000534057617,10381200.0,30.565000534057617
2002-05-14,32.04499816894531,29.610000610351562,31.25,30.170000076293945,20231600.0,30.170000076293945
2002-05-15,31.200000762939453,29.875,30.065000534057617,30.704999923706055,8284200.0,30.704999923706055
2002-05-16,32.005001068115234,30.700000762939453,30.844999313354492,31.729999542236328,7499200.0,31.729999542236328
2002-05-17,31.954999923706055,31.204999923706055,31.825000762939453,31.854999542236328,4746000.0,31.854999542236328
2002-05-20,32.125,31.270000457763672,31.68000030517578,31.954999923706055,5599800.0,31.954999923706055
2002-05-21,31.975000381469727,30.795000076293945,31.96500015258789,30.80500030517578,8447000.0,30.80500030517578
2002-05-22,31.614999771118164,30.55500030517578,30.979999542236328,31.604999542236328,6169000.0,31.604999542236328
2002-05-23,32.494998931884766,31.440000534057617,31.709999084472656,32.47999954223633,10136800.0,32.47999954223633
2002-05-24,32.35499954223633,31.799999237060547,32.150001525878906,31.905000686645508,5358800.0,31.905000686645508
2002-05-28,32.119998931884766,31.075000762939453,32.119998931884766,31.459999084472656,5182400.0,31.459999084472656
2002-05-29,31.795000076293945,31.075000762939453,31.270000457763672,31.229999542236328,5546000.0,31.229999542236328
2002-05-30,32.349998474121094,31.094999313354492,31.094999313354492,32.150001525878906,5862800.0,32.150001525878906
2002-05-31,32.470001220703125,31.75,32.04999923706055,32.0,5142200.0,32.0
2002-06-03,32.1150016784668,31.40999984741211,31.950000762939453,31.46500015258789,5883600.0,31.46500015258789
2002-06-04,32.525001525878906,31.524999618530273,31.579999923706055,32.13999938964844,7354600.0,32.13999938964844
2002-06-05,32.244998931884766,31.274999618530273,32.0,32.04999923706055,5559400.0,32.04999923706055
2002-06-06,32.025001525878906,31.30500030517578,31.934999465942383,31.475000381469727,4435200.0,31.475000381469727
2002-06-07,31.934999465942383,30.5,31.049999237060547,31.625,6208600.0,31.625
2002-06-10,32.23500061035156,31.5,31.600000381469727,31.80500030517578,4735200.0,31.80500030517578
2002-06-11,32.25,31.299999237060547,32.0,31.34000015258789,4471800.0,31.34000015258789
2002-06-12,31.674999237060547,30.510000228881836,31.530000686645508,31.645000457763672,4956400.0,31.645000457763672
2002-06-13,31.81999969482422,30.825000762939453,31.549999237060547,31.040000915527344,3585800.0,31.040000915527344
2002-06-14,31.2450008392334,29.584999084472656,30.635000228881836,31.155000686645508,6986200.0,31.155000686645508
2002-06-17,32.61000061035156,31.18000030517578,31.2549991607666,32.60499954223633,6839200.0,32.60499954223633
2002-06-18,33.275001525878906,32.400001525878906,32.404998779296875,32.810001373291016,4665000.0,32.810001373291016
2002-06-19,32.82500076293945,32.334999084472656,32.69499969482422,32.43000030517578,4270000.0,32.43000030517578
2002-06-20,32.744998931884766,31.459999084472656,32.45000076293945,31.68000030517578,5411600.0,31.68000030517578
2002-06-21,32.20500183105469,31.0,32.1150016784668,31.0,4879600.0,31.0
2002-06-24,31.46500015258789,30.565000534057617,31.204999923706055,30.81999969482422,10824200.0,30.81999969482422
2002-06-25,31.7450008392334,30.854999542236328,31.0,31.174999237060547,5854600.0,31.174999237060547
2002-06-26,31.90999984741211,30.325000762939453,30.375,31.875,6581200.0,31.875
2002-06-27,33.45000076293945,32.125,32.33000183105469,33.439998626708984,12065000.0,33.439998626708984
2002-06-28,33.48500061035156,32.58000183105469,32.77000045776367,33.025001525878906,7073600.0,33.025001525878906
2002-07-01,33.04499816894531,32.04999923706055,33.040000915527344,32.18000030517578,4639800.0,32.18000030517578
2002-07-02,32.97999954223633,31.665000915527344,32.19499969482422,32.709999084472656,8709600.0,32.709999084472656
2002-07-03,32.5099983215332,30.540000915527344,32.39500045776367,31.674999237060547,9891400.0,31.674999237060547
2002-07-05,32.834999084472656,31.69499969482422,31.700000762939453,32.834999084472656,3376000.0,32.834999084472656
2002-07-08,32.95000076293945,31.375,32.654998779296875,31.635000228881836,5681400.0,31.635000228881836
2002-07-09,31.96500015258789,30.389999389648438,31.75,30.389999389648438,6070400.0,30.389999389648438
2002-07-10,31.795000076293945,30.389999389648438,31.645000457763672,31.594999313354492,17370400.0,31.594999313354492
2002-07-11,31.575000762939453,30.3700008392334,30.424999237060547,31.395000457763672,10172400.0,31.395000457763672
2002-07-12,32.474998474121094,31.0049991607666,31.329999923706055,31.899999618530273,8526600.0,31.899999618530273
2002-07-15,31.954999923706055,30.389999389648438,31.854999542236328,31.729999542236328,8261000.0,31.729999542236328
2002-07-16,32.275001525878906,31.375,31.530000686645508,31.770000457763672,9439200.0,31.770000457763672
2002-07-17,32.779998779296875,30.979999542236328,32.505001068115234,31.5,8660800.0,31.5
2002-07-18,31.700000762939453,30.545000076293945,31.350000381469727,30.790000915527344,7227400.0,30.790000915527344
2002-07-19,30.5,27.9950008392334,30.454999923706055,28.295000076293945,48152800.0,28.295000076293945
2002-07-22,28.969999313354492,26.469999313354492,28.295000076293945,26.719999313354492,22179400.0,26.719999313354492
2002-07-23,27.8700008392334,26.225000381469727,26.834999084472656,27.0,14606600.0,27.0
2002-07-24,28.645000457763672,26.510000228881836,26.674999237060547,28.59000015258789,12529200.0,28.59000015258789
2002-07-25,28.700000762939453,27.25,28.280000686645508,27.860000610351562,10752600.0,27.860000610351562
2002-07-26,29.350000381469727,28.510000228881836,28.55500030517578,29.18000030517578,14709200.0,29.18000030517578
2002-07-29,30.889999389648438,29.5,29.725000381469727,30.719999313354492,10183600.0,30.719999313354492
2002-07-30,31.200000762939453,30.2549991607666,30.510000228881836,30.780000686645508,6773600.0,30.780000686645508
2002-07-31,30.479999542236328,29.575000762939453,30.325000762939453,30.09000015258789,8164000.0,30.09000015258789
2002-08-01,30.075000762939453,29.174999237060547,29.975000381469727,29.40999984741211,7150600.0,29.40999984741211
2002-08-02,29.684999465942383,28.145000457763672,29.46500015258789,28.514999389648438,7390400.0,28.514999389648438
2002-08-05,28.700000762939453,27.420000076293945,28.5,27.610000610351562,7471600.0,27.610000610351562
2002-08-06,29.809999465942383,27.9950008392334,28.125,29.31999969482422,10070000.0,29.31999969482422
2002-08-07,30.100000381469727,28.940000534057617,29.7549991607666,29.954999923706055,9601600.0,29.954999923706055
2002-08-08,29.8799991607666,28.774999618530273,29.06999969482422,29.799999237060547,12666000.0,29.799999237060547
2002-08-09,30.55500030517578,28.950000762939453,29.795000076293945,30.15999984741211,10733600.0,30.15999984741211
2002-08-12,30.969999313354492,29.760000228881836,30.135000228881836,30.729999542236328,7875600.0,30.729999542236328
2002-08-13,30.975000381469727,29.600000381469727,30.665000915527344,29.639999389648438,7396600.0,29.639999389648438
2002-08-14,30.0,28.75,29.454999923706055,29.739999771118164,13636200.0,29.739999771118164
2002-08-15,31.024999618530273,29.549999237060547,29.71500015258789,31.0,9872800.0,31.0
2002-08-16,31.75,30.200000762939453,30.799999237060547,31.344999313354492,8930200.0,31.344999313354492
2002-08-19,32.935001373291016,31.040000915527344,31.280000686645508,32.869998931884766,8427000.0,32.869998931884766
2002-08-20,32.82500076293945,32.1349983215332,32.689998626708984,32.349998474121094,8020200.0,32.349998474121094
2002-08-21,32.880001068115234,31.80500030517578,32.349998474121094,32.845001220703125,8587200.0,32.845001220703125
2002-08-22,33.875,32.404998779296875,32.54999923706055,33.7599983215332,10357600.0,33.7599983215332
2002-08-23,33.595001220703125,32.71500015258789,33.375,33.314998626708984,6691600.0,33.314998626708984
2002-08-26,33.29499816894531,32.334999084472656,33.28499984741211,32.93000030517578,6982000.0,32.93000030517578
2002-08-27,33.119998931884766,31.905000686645508,33.1150016784668,32.119998931884766,7256800.0,32.119998931884766
2002-08-28,32.04499816894531,30.889999389648438,31.975000381469727,31.03499984741211,7036600.0,31.03499984741211
2002-08-29,31.825000762939453,30.405000686645508,30.94499969482422,31.639999389648438,7658800.0,31.639999389648438
2002-08-30,31.934999465942383,31.25,31.424999237060547,31.6299991607666,5063400.0,31.6299991607666
2002-09-03,31.350000381469727,30.5049991607666,31.19499969482422,30.649999618530273,6089800.0,30.649999618530273
2002-09-04,31.030000686645508,29.329999923706055,30.81999969482422,30.059999465942383,14350200.0,30.059999465942383
2002-09-05,30.229999542236328,29.405000686645508,29.860000610351562,29.969999313354492,10523200.0,29.969999313354492
2002-09-06,31.649999618530273,30.334999084472656,30.3700008392334,31.385000228881836,7865800.0,31.385000228881836
2002-09-09,32.084999084472656,30.954999923706055,31.209999084472656,31.790000915527344,4610400.0,31.790000915527344
2002-09-10,32.5,31.75,31.790000915527344,32.34000015258789,5926600.0,32.34000015258789
2002-09-11,32.84000015258789,31.375,32.380001068115234,31.575000762939453,5821200.0,31.575000762939453
2002-09-12,31.59000015258789,31.030000686645508,31.44499969482422,31.094999313354492,5070400.0,31.094999313354492
2002-09-13,31.905000686645508,30.875,30.940000534057617,31.415000915527344,6112600.0,31.415000915527344
2002-09-16,31.885000228881836,31.1200008392334,31.149999618530273,31.725000381469727,4133400.0,31.725000381469727
2002-09-17,32.32500076293945,31.549999237060547,32.05500030517578,31.674999237060547,5406800.0,31.674999237060547
2002-09-18,31.924999237060547,31.170000076293945,31.5,31.6299991607666,5965400.0,31.6299991607666
2002-09-19,31.764999389648438,31.06999969482422,31.174999237060547,31.424999237060547,6359200.0,31.424999237060547
2002-09-20,32.095001220703125,31.375,31.454999923706055,31.915000915527344,7078800.0,31.915000915527344
2002-09-23,32.04999923706055,31.274999618530273,31.825000762939453,31.665000915527344,6369000.0,31.665000915527344
2002-09-24,32.40999984741211,31.010000228881836,31.299999237060547,32.1349983215332,8293800.0,32.1349983215332
2002-09-25,33.28499984741211,32.125,32.224998474121094,32.86000061035156,9575600.0,32.86000061035156
2002-09-26,33.75,33.224998474121094,33.255001068115234,33.54499816894531,10973800.0,33.54499816894531
2002-09-27,34.5,33.125,33.220001220703125,33.8650016784668,12779000.0,33.8650016784668
2002-09-30,33.7599983215332,32.92499923706055,33.7599983215332,32.97999954223633,11723600.0,32.97999954223633
2002-10-01,33.35499954223633,32.04999923706055,32.619998931884766,33.29499816894531,14593400.0,33.29499816894531
2002-10-02,33.75,32.900001525878906,33.18000030517578,33.23500061035156,9430800.0,33.23500061035156
2002-10-03,33.75,32.79499816894531,33.290000915527344,33.0,9069600.0,33.0
2002-10-04,33.26499938964844,31.200000762939453,33.08000183105469,31.479999542236328,17149800.0,31.479999542236328
2002-10-07,31.584999084472656,30.40999984741211,31.270000457763672,31.315000534057617,15651600.0,31.315000534057617
2002-10-08,32.66999816894531,31.350000381469727,31.350000381469727,32.33000183105469,14085400.0,32.33000183105469
2002-10-09,33.04499816894531,31.875,32.09000015258789,32.38999938964844,12046200.0,32.38999938964844
2002-10-10,33.560001373291016,32.2400016784668,32.56999969482422,33.2599983215332,10374600.0,33.2599983215332
2002-10-11,34.1150016784668,33.30500030517578,33.584999084472656,33.79999923706055,9285400.0,33.79999923706055
2002-10-14,33.970001220703125,33.099998474121094,33.25,33.89500045776367,6970000.0,33.89500045776367
2002-10-15,34.9900016784668,33.58000183105469,34.66999816894531,34.025001525878906,12102000.0,34.025001525878906
2002-10-16,34.310001373291016,33.5,33.7400016784668,34.08000183105469,5993200.0,34.08000183105469
2002-10-17,34.900001525878906,34.375,34.55500030517578,34.65999984741211,6662000.0,34.65999984741211
2002-10-18,35.19499969482422,34.025001525878906,34.470001220703125,35.06999969482422,9109600.0,35.06999969482422
2002-10-21,36.220001220703125,34.77000045776367,35.04999923706055,36.06999969482422,11556200.0,36.06999969482422
2002-10-22,34.220001220703125,32.88999938964844,33.654998779296875,33.29999923706055,36906000.0,33.29999923706055
2002-10-23,34.150001525878906,33.150001525878906,33.29499816894531,33.974998474121094,15075600.0,33.974998474121094
2002-10-24,34.47999954223633,32.775001525878906,33.994998931884766,32.92499923706055,20618200.0,32.92499923706055
2002-10-25,33.86000061035156,32.125,33.42499923706055,33.80500030517578,26775200.0,33.80500030517578
2002-10-28,33.97999954223633,31.200000762939453,33.88999938964844,31.530000686645508,20923800.0,31.530000686645508
2002-10-29,31.860000610351562,30.649999618530273,31.649999618530273,31.725000381469727,17213800.0,31.725000381469727
2002-10-30,33.08000183105469,31.424999237060547,32.05500030517578,32.73500061035156,14269400.0,32.73500061035156
2002-10-31,33.369998931884766,32.154998779296875,32.75,32.560001373291016,10803400.0,32.560001373291016
2002-11-01,33.27000045776367,31.875,32.4900016784668,33.040000915527344,8341800.0,33.040000915527344
2002-11-04,34.0,32.775001525878906,33.099998474121094,32.8849983215332,9608000.0,32.8849983215332
2002-11-05,33.275001525878906,32.2599983215332,32.6349983215332,32.60499954223633,7753800.0,32.60499954223633
2002-11-06,33.404998779296875,32.529998779296875,32.85499954223633,33.369998931884766,7643400.0,33.369998931884766
2002-11-07,33.1150016784668,32.084999084472656,33.1150016784668,32.26499938964844,8225000.0,32.26499938964844
2002-11-08,32.560001373291016,31.68000030517578,32.09000015258789,32.064998626708984,7368800.0,32.064998626708984
2002-11-11,32.150001525878906,31.43000030517578,32.14500045776367,31.764999389648438,6278600.0,31.764999389648438
2002-11-12,33.28499984741211,31.864999771118164,31.864999771118164,32.91999816894531,10845600.0,32.91999816894531
2002-11-13,33.41999816894531,32.29999923706055,32.650001525878906,32.6150016784668,11086800.0,32.6150016784668
2002-11-14,33.665000915527344,32.900001525878906,32.94499969482422,33.61000061035156,8206400.0,33.61000061035156
2002-11-15,33.904998779296875,32.584999084472656,33.755001068115234,33.39500045776367,9262800.0,33.39500045776367
2002-11-18,33.5,32.22999954223633,33.42499923706055,32.52000045776367,10306000.0,32.52000045776367
2002-11-19,32.46500015258789,31.700000762939453,32.290000915527344,31.860000610351562,7951400.0,31.860000610351562
2002-11-20,33.02000045776367,31.875,31.875,32.775001525878906,6566000.0,32.775001525878906
2002-11-21,33.82500076293945,33.130001068115234,33.20000076293945,33.75,8845400.0,33.75
2002-11-22,33.86000061035156,33.09000015258789,33.44499969482422,33.59000015258789,5820600.0,33.59000015258789
2002-11-25,34.21500015258789,33.375,33.53499984741211,34.150001525878906,7705400.0,34.150001525878906
2002-11-26,34.334999084472656,33.619998931884766,33.974998474121094,33.875,6420800.0,33.875
2002-11-27,34.52000045776367,33.91999816894531,33.9900016784668,34.08000183105469,5868600.0,34.08000183105469
2002-11-29,34.55500030517578,33.880001068115234,34.20500183105469,33.93000030517578,2360000.0,33.93000030517578
2002-12-02,34.72999954223633,33.689998626708984,34.345001220703125,33.790000915527344,7550600.0,33.790000915527344
2002-12-03,33.790000915527344,33.15999984741211,33.57500076293945,33.334999084472656,4607800.0,33.334999084472656
2002-12-04,33.29499816894531,32.42499923706055,33.20000076293945,32.77000045776367,8795600.0,32.77000045776367
2002-12-05,33.349998474121094,32.66999816894531,32.86000061035156,32.79499816894531,5268200.0,32.79499816894531
2002-12-06,33.380001068115234,32.44499969482422,32.4900016784668,33.0099983215332,5267000.0,33.0099983215332
2002-12-09,32.689998626708984,31.920000076293945,32.345001220703125,31.975000381469727,6582200.0,31.975000381469727
2002-12-10,32.32500076293945,31.28499984741211,32.005001068115234,31.4950008392334,9670600.0,31.4950008392334
2002-12-11,31.325000762939453,29.799999237060547,31.325000762939453,30.34000015258789,28466200.0,30.34000015258789
2002-12-12,31.149999618530273,30.25,30.55500030517578,30.674999237060547,9934800.0,30.674999237060547
2002-12-13,29.424999237060547,27.594999313354492,29.229999542236328,28.350000381469727,30218800.0,28.350000381469727
2002-12-16,29.329999923706055,28.104999542236328,28.350000381469727,29.010000228881836,11516000.0,29.010000228881836
2002-12-17,30.225000381469727,29.024999618530273,29.325000762939453,29.84000015258789,16324400.0,29.84000015258789
2002-12-18,29.0,28.174999237060547,28.420000076293945,28.274999618530273,17936200.0,28.274999618530273
2002-12-19,27.799999237060547,25.5,27.700000762939453,25.81999969482422,35959400.0,25.81999969482422
2002-12-20,26.565000534057617,25.760000228881836,26.049999237060547,26.260000228881836,18343400.0,26.260000228881836
2002-12-23,26.25,25.079999923706055,25.299999237060547,26.100000381469727,13190400.0,26.100000381469727
2002-12-24,26.665000915527344,25.915000915527344,25.96500015258789,26.415000915527344,4556400.0,26.415000915527344
2002-12-26,26.690000534057617,25.645000457763672,26.56999969482422,25.844999313354492,5596800.0,25.844999313354492
2002-12-27,26.375,25.655000686645508,25.770000457763672,25.75,5055200.0,25.75
2002-12-30,26.190000534057617,25.399999618530273,25.864999771118164,25.489999771118164,6917600.0,25.489999771118164
2002-12-31,25.735000610351562,24.735000610351562,25.545000076293945,24.885000228881836,7911000.0,24.885000228881836
2003-01-02,26.174999237060547,24.950000762939453,24.989999771118164,26.110000610351562,10389800.0,26.110000610351562
2003-01-03,27.440000534057617,26.049999237060547,26.06999969482422,27.274999618530273,14677400.0,27.274999618530273
2003-01-06,27.274999618530273,25.985000610351562,27.200000762939453,25.9950008392334,11502600.0,25.9950008392334
2003-01-07,26.44499969482422,24.170000076293945,25.979999542236328,24.46500015258789,22274600.0,24.46500015258789
2003-01-08,25.7450008392334,24.344999313354492,25.149999618530273,24.71500015258789,23709800.0,24.71500015258789
2003-01-09,25.649999618530273,25.125,25.165000915527344,25.385000228881836,12086400.0,25.385000228881836
2003-01-10,27.0,25.100000381469727,25.34000015258789,25.940000534057617,14933400.0,25.940000534057617
2003-01-13,26.114999771118164,24.924999237060547,26.114999771118164,24.975000381469727,10021200.0,24.975000381469727
2003-01-14,25.299999237060547,24.790000915527344,25.084999084472656,25.040000915527344,7248400.0,25.040000915527344
2003-01-15,25.440000534057617,24.825000762939453,25.075000762939453,25.280000686645508,10046400.0,25.280000686645508
2003-01-16,25.81999969482422,24.75,25.3700008392334,24.864999771118164,10250000.0,24.864999771118164
2003-01-17,24.549999237060547,23.7549991607666,24.350000381469727,23.975000381469727,11316600.0,23.975000381469727
2003-01-21,25.104999542236328,24.25,24.30500030517578,24.809999465942383,15871400.0,24.809999465942383
2003-01-22,25.25,24.475000381469727,24.844999313354492,24.764999389648438,10275200.0,24.764999389648438
2003-01-23,25.450000762939453,24.25,24.815000534057617,25.270000457763672,9697600.0,25.270000457763672
2003-01-24,25.584999084472656,24.649999618530273,25.25,24.924999237060547,7967600.0,24.924999237060547
2003-01-27,25.079999923706055,24.405000686645508,24.69499969482422,24.719999313354492,5492800.0,24.719999313354492
2003-01-28,25.649999618530273,24.799999237060547,24.96500015258789,25.385000228881836,7617200.0,25.385000228881836
2003-01-29,25.719999313354492,25.075000762939453,25.364999771118164,25.485000610351562,12763000.0,25.485000610351562
2003-01-30,26.584999084472656,24.950000762939453,25.549999237060547,25.950000762939453,20526200.0,25.950000762939453
2003-01-31,26.100000381469727,25.170000076293945,25.6299991607666,25.885000228881836,9032000.0,25.885000228881836
2003-02-03,26.274999618530273,25.565000534057617,25.934999465942383,26.049999237060547,7832600.0,26.049999237060547
2003-02-04,26.020000457763672,25.46500015258789,25.864999771118164,25.78499984741211,5630400.0,25.78499984741211
2003-02-05,25.924999237060547,24.899999618530273,25.844999313354492,24.90999984741211,9376200.0,24.90999984741211
2003-02-06,25.28499984741211,24.65999984741211,24.875,25.190000534057617,7200800.0,25.190000534057617
2003-02-07,25.575000762939453,24.850000381469727,25.395000457763672,25.139999389648438,4707200.0,25.139999389648438
2003-02-10,25.31999969482422,24.625,25.174999237060547,25.0,5212200.0,25.0
2003-02-11,25.15999984741211,24.78499984741211,25.075000762939453,24.985000610351562,6121200.0,24.985000610351562
2003-02-12,25.125,24.5,25.030000686645508,24.59000015258789,5442200.0,24.59000015258789
2003-02-13,24.875,23.950000762939453,24.834999084472656,24.125,6949600.0,24.125
2003-02-14,25.0,24.05500030517578,24.19499969482422,24.989999771118164,6037400.0,24.989999771118164
2003-02-18,26.235000610351562,24.950000762939453,24.96500015258789,26.149999618530273,6745400.0,26.149999618530273
2003-02-19,26.19499969482422,25.549999237060547,26.1299991607666,25.94499969482422,5065800.0,25.94499969482422
2003-02-20,25.969999313354492,25.584999084472656,25.75,25.844999313354492,5279600.0,25.844999313354492
2003-02-21,26.834999084472656,25.90999984741211,26.014999389648438,26.78499984741211,9265200.0,26.78499984741211
2003-02-24,26.690000534057617,26.030000686645508,26.674999237060547,26.094999313354492,5536600.0,26.094999313354492
2003-02-25,26.420000076293945,25.475000381469727,25.915000915527344,26.389999389648438,5056800.0,26.389999389648438
2003-02-26,26.334999084472656,25.809999465942383,26.325000762939453,25.8700008392334,4510800.0,25.8700008392334
2003-02-27,26.725000381469727,25.954999923706055,26.30500030517578,26.405000686645508,6791600.0,26.405000686645508
2003-02-28,26.59000015258789,26.15999984741211,26.415000915527344,26.399999618530273,4536400.0,26.399999618530273
2003-03-03,26.549999237060547,25.93000030517578,26.5,26.049999237060547,3456000.0,26.049999237060547
2003-03-04,26.30500030517578,25.7549991607666,26.079999923706055,26.209999084472656,5055200.0,26.209999084472656
2003-03-05,26.46500015258789,25.93000030517578,26.05500030517578,26.395000457763672,4540200.0,26.395000457763672
2003-03-06,27.149999618530273,26.25,26.344999313354492,26.969999313354492,7575200.0,26.969999313354492
2003-03-07,27.315000534057617,26.645000457763672,26.71500015258789,27.075000762939453,6656600.0,27.075000762939453
2003-03-10,27.225000381469727,26.575000762939453,26.940000534057617,26.71500015258789,3385800.0,26.71500015258789
2003-03-11,26.860000610351562,26.469999313354492,26.75,26.540000915527344,3128000.0,26.540000915527344
2003-03-12,26.985000610351562,26.350000381469727,26.520000457763672,26.875,4475000.0,26.875
2003-03-13,28.475000381469727,27.0,27.18000030517578,28.3700008392334,8603200.0,28.3700008392334
2003-03-14,29.040000915527344,28.024999618530273,28.43000030517578,28.239999771118164,8109600.0,28.239999771118164
2003-03-17,29.700000762939453,28.075000762939453,28.209999084472656,29.264999389648438,11186400.0,29.264999389648438
2003-03-18,29.4950008392334,28.90999984741211,29.200000762939453,29.21500015258789,6398200.0,29.21500015258789
2003-03-19,29.344999313354492,28.725000381469727,29.139999389648438,29.25,5723200.0,29.25
2003-03-20,29.860000610351562,28.81999969482422,29.15999984741211,29.475000381469727,6632800.0,29.475000381469727
2003-03-21,29.9950008392334,29.399999618530273,29.950000762939453,29.610000610351562,8045600.0,29.610000610351562
2003-03-24,29.375,28.55500030517578,29.280000686645508,28.7450008392334,6416400.0,28.7450008392334
2003-03-25,29.725000381469727,28.5049991607666,28.71500015258789,29.334999084472656,6323000.0,29.334999084472656
2003-03-26,30.0,29.125,29.270000457763672,29.780000686645508,6583800.0,29.780000686645508
2003-03-27,30.225000381469727,29.18000030517578,29.524999618530273,29.889999389648438,8200800.0,29.889999389648438
2003-03-28,30.03499984741211,29.559999465942383,29.600000381469727,29.875,5980800.0,29.875
2003-03-31,29.5,28.719999313354492,29.299999237060547,29.31999969482422,8067000.0,29.31999969482422
2003-04-01,29.4950008392334,28.889999389648438,29.18000030517578,29.454999923706055,5517600.0,29.454999923706055
2003-04-02,30.540000915527344,29.725000381469727,29.774999618530273,30.225000381469727,9060200.0,30.225000381469727
2003-04-03,30.075000762939453,29.475000381469727,30.024999618530273,29.84000015258789,7395000.0,29.84000015258789
2003-04-04,29.950000762939453,29.014999389648438,29.899999618530273,29.44499969482422,6016800.0,29.44499969482422
2003-04-07,30.450000762939453,29.469999313354492,30.125,29.674999237060547,5561600.0,29.674999237060547
2003-04-08,29.610000610351562,28.850000381469727,29.55500030517578,28.985000610351562,7487400.0,28.985000610351562
2003-04-09,29.350000381469727,28.094999313354492,29.010000228881836,28.575000762939453,9414800.0,28.575000762939453
2003-04-10,28.829999923706055,28.350000381469727,28.69499969482422,28.780000686645508,3523000.0,28.780000686645508
2003-04-11,29.364999771118164,28.684999465942383,28.875,29.065000534057617,4917400.0,29.065000534057617
2003-04-14,29.540000915527344,28.8799991607666,29.079999923706055,29.40999984741211,4452400.0,29.40999984741211
2003-04-15,29.799999237060547,29.045000076293945,29.415000915527344,29.55500030517578,3874400.0,29.55500030517578
2003-04-16,29.950000762939453,29.315000534057617,29.5,29.469999313354492,3820600.0,29.469999313354492
2003-04-17,30.2450008392334,29.1200008392334,29.44499969482422,29.9950008392334,4754800.0,29.9950008392334
2003-04-21,30.420000076293945,29.584999084472656,30.09000015258789,30.2549991607666,3926200.0,30.2549991607666
2003-04-22,30.934999465942383,30.065000534057617,30.200000762939453,30.809999465942383,7132200.0,30.809999465942383
2003-04-23,30.770000457763672,30.15999984741211,30.760000228881836,30.4950008392334,5382800.0,30.4950008392334
2003-04-24,30.43000030517578,29.799999237060547,30.174999237060547,29.9950008392334,5777800.0,29.9950008392334
2003-04-25,29.90999984741211,29.399999618530273,29.75,29.735000610351562,3905000.0,29.735000610351562
2003-04-28,30.524999618530273,29.774999618530273,29.774999618530273,30.440000534057617,5187000.0,30.440000534057617
2003-04-29,30.440000534057617,29.399999618530273,30.075000762939453,29.764999389648438,7500800.0,29.764999389648438
2003-04-30,29.84000015258789,29.350000381469727,29.625,29.56999969482422,4546400.0,29.56999969482422
2003-05-01,29.690000534057617,29.170000076293945,29.559999465942383,29.479999542236328,4936800.0,29.479999542236328
2003-05-02,31.094999313354492,29.399999618530273,29.454999923706055,30.889999389648438,7264200.0,30.889999389648438
2003-05-05,31.635000228881836,30.825000762939453,30.989999771118164,31.06999969482422,7409200.0,31.06999969482422
2003-05-06,31.69499969482422,30.6200008392334,31.2450008392334,30.8700008392334,10446800.0,30.8700008392334
2003-05-07,31.9950008392334,30.895000457763672,31.604999542236328,31.299999237060547,25036600.0,31.299999237060547
2003-05-08,31.6299991607666,30.760000228881836,30.8700008392334,30.895000457763672,8373200.0,30.895000457763672
2003-05-09,31.0,30.469999313354492,30.959999084472656,30.774999618530273,6704800.0,30.774999618530273
2003-05-12,31.040000915527344,29.96500015258789,30.790000915527344,30.799999237060547,8679200.0,30.799999237060547
2003-05-13,30.674999237060547,30.03499984741211,30.53499984741211,30.114999771118164,8263800.0,30.114999771118164
2003-05-14,30.989999771118164,29.889999389648438,30.290000915527344,30.899999618530273,10627800.0,30.899999618530273
2003-05-15,31.65999984741211,31.0,31.024999618530273,31.344999313354492,7936000.0,31.344999313354492
2003-05-16,31.549999237060547,31.05500030517578,31.344999313354492,31.079999923706055,4093600.0,31.079999923706055
2003-05-19,31.024999618530273,30.15999984741211,30.9950008392334,30.19499969482422,4207600.0,30.19499969482422
2003-05-20,30.600000381469727,30.125,30.415000915527344,30.31999969482422,5461800.0,30.31999969482422
2003-05-21,31.2549991607666,30.43000030517578,30.475000381469727,31.155000686645508,7504600.0,31.155000686645508
2003-05-22,32.0,31.0049991607666,31.049999237060547,31.735000610351562,5610400.0,31.735000610351562
2003-05-23,31.770000457763672,31.405000686645508,31.604999542236328,31.59000015258789,3113200.0,31.59000015258789
2003-05-27,33.06999969482422,31.274999618530273,31.420000076293945,32.79999923706055,10023400.0,32.79999923706055
2003-05-28,34.064998626708984,32.650001525878906,32.77000045776367,33.95500183105469,9965000.0,33.95500183105469
2003-05-29,34.400001525878906,33.505001068115234,33.68000030517578,34.05500030517578,9485200.0,34.05500030517578
2003-05-30,34.28499984741211,33.814998626708984,33.97999954223633,34.275001525878906,5897200.0,34.275001525878906
2003-06-02,34.494998931884766,33.4900016784668,34.400001525878906,33.630001068115234,7168000.0,33.630001068115234
2003-06-03,34.275001525878906,33.20500183105469,33.665000915527344,33.619998931884766,7610600.0,33.619998931884766
2003-06-04,34.5,33.39500045776367,33.619998931884766,34.07500076293945,6200200.0,34.07500076293945
2003-06-05,34.9900016784668,33.75,34.01499938964844,34.80500030517578,6692600.0,34.80500030517578
2003-06-06,36.9900016784668,35.0099983215332,35.029998779296875,36.17499923706055,14424600.0,36.17499923706055
2003-06-09,36.29999923706055,35.25,36.029998779296875,35.404998779296875,7193800.0,35.404998779296875
2003-06-10,36.25,35.04999923706055,35.349998474121094,35.7400016784668,5382400.0,35.7400016784668
2003-06-11,36.494998931884766,35.25,35.70500183105469,36.400001525878906,6775000.0,36.400001525878906
2003-06-12,36.9900016784668,36.005001068115234,36.45000076293945,36.875,5051600.0,36.875
2003-06-13,37.31999969482422,36.13999938964844,36.755001068115234,36.26499938964844,7550200.0,36.26499938964844
2003-06-16,38.25,36.314998626708984,36.32500076293945,38.25,9890000.0,38.25
2003-06-17,39.70000076293945,38.34000015258789,38.380001068115234,38.564998626708984,11798400.0,38.564998626708984
2003-06-18,38.38999938964844,37.005001068115234,37.82500076293945,37.380001068115234,12125800.0,37.380001068115234
2003-06-19,37.92499923706055,36.8650016784668,37.29499816894531,37.095001220703125,6720000.0,37.095001220703125
2003-06-20,37.5,36.77000045776367,37.25,37.375,8543200.0,37.375
2003-06-23,37.5,36.32500076293945,37.474998474121094,36.90999984741211,6442000.0,36.90999984741211
2003-06-24,37.21500015258789,36.439998626708984,37.025001525878906,36.60499954223633,6219600.0,36.60499954223633
2003-06-25,37.720001220703125,36.525001525878906,36.64500045776367,37.36000061035156,9431000.0,37.36000061035156
2003-06-26,37.685001373291016,37.060001373291016,37.540000915527344,37.6349983215332,4698600.0,37.6349983215332
2003-06-27,38.529998779296875,37.625,37.67499923706055,38.0099983215332,5225600.0,38.0099983215332
2003-06-30,38.130001068115234,36.869998931884766,37.71500015258789,36.95000076293945,4460200.0,36.95000076293945
2003-07-01,38.05500030517578,36.54999923706055,36.77000045776367,37.75,5529400.0,37.75
2003-07-02,38.54499816894531,37.65999984741211,37.744998931884766,38.43000030517578,5426000.0,38.43000030517578
2003-07-03,38.40999984741211,37.8650016784668,38.19499969482422,37.875,2943200.0,37.875
2003-07-07,40.53499984741211,38.25,38.31999969482422,40.494998931884766,9959200.0,40.494998931884766
2003-07-08,40.68000030517578,39.724998474121094,40.33000183105469,40.560001373291016,7925400.0,40.560001373291016
2003-07-09,40.625,39.665000915527344,40.3849983215332,39.849998474121094,5322800.0,39.849998474121094
2003-07-10,40.13999938964844,39.36000061035156,39.70000076293945,39.5,5335200.0,39.5
2003-07-11,39.349998474121094,38.0099983215332,39.33000183105469,38.349998474121094,10724000.0,38.349998474121094
2003-07-14,39.93000030517578,38.400001525878906,39.29999923706055,38.974998474121094,10161800.0,38.974998474121094
2003-07-15,39.8650016784668,39.005001068115234,39.154998779296875,39.60499954223633,8719600.0,39.60499954223633
2003-07-16,39.43000030517578,38.95000076293945,39.42499923706055,39.310001373291016,3675400.0,39.310001373291016
2003-07-17,39.189998626708984,38.125,38.54999923706055,38.27000045776367,5024600.0,38.27000045776367
2003-07-18,38.76499938964844,37.6150016784668,38.20000076293945,38.209999084472656,7147000.0,38.209999084472656
2003-07-21,38.48500061035156,37.04999923706055,37.119998931884766,38.41999816894531,10655400.0,38.41999816894531
2003-07-22,38.56999969482422,37.5,38.51499938964844,37.83000183105469,6954400.0,37.83000183105469
2003-07-23,38.9900016784668,37.3849983215332,37.95000076293945,38.83000183105469,6925600.0,38.83000183105469
2003-07-24,42.375,38.79999923706055,39.29999923706055,40.755001068115234,14966400.0,40.755001068115234
2003-07-25,41.525001525878906,40.150001525878906,40.79999923706055,41.314998626708984,5437800.0,41.314998626708984
2003-07-28,42.23500061035156,41.23500061035156,41.36000061035156,42.029998779296875,4722600.0,42.029998779296875
2003-07-29,42.45500183105469,41.2400016784668,41.96500015258789,41.505001068115234,5627400.0,41.505001068115234
2003-07-30,42.08000183105469,41.1349983215332,41.63999938964844,41.849998474121094,4671800.0,41.849998474121094
2003-07-31,42.45500183105469,41.53499984741211,42.26499938964844,42.0,6338200.0,42.0
2003-08-01,42.040000915527344,41.20500183105469,41.8849983215332,41.744998931884766,4301200.0,41.744998931884766
2003-08-04,42.599998474121094,41.2599983215332,41.75,42.474998474121094,5968000.0,42.474998474121094
2003-08-05,42.400001525878906,41.400001525878906,42.33000183105469,41.56999969482422,3473600.0,41.56999969482422
2003-08-06,41.83000183105469,41.084999084472656,41.5,41.28499984741211,4579200.0,41.28499984741211
2003-08-07,41.595001220703125,40.689998626708984,41.279998779296875,41.21500015258789,3762600.0,41.21500015258789
2003-08-08,41.92499923706055,41.290000915527344,41.32500076293945,41.724998474121094,3061000.0,41.724998474121094
2003-08-11,43.150001525878906,41.80500030517578,41.89500045776367,42.63999938964844,4488200.0,42.63999938964844
2003-08-12,43.125,42.154998779296875,42.5,43.099998474121094,3907000.0,43.099998474121094
2003-08-13,43.01499938964844,42.35499954223633,42.82500076293945,42.48500061035156,3899200.0,42.48500061035156
2003-08-14,44.0,42.43000030517578,42.55500030517578,43.2599983215332,7465200.0,43.2599983215332
2003-08-15,43.25,42.82500076293945,43.224998474121094,43.04999923706055,2814400.0,43.04999923706055
2003-08-18,43.505001068115234,42.744998931884766,43.125,43.439998626708984,5088400.0,43.439998626708984
2003-08-19,44.54999923706055,43.279998779296875,43.724998474121094,44.400001525878906,6632600.0,44.400001525878906
2003-08-20,44.71500015258789,43.974998474121094,44.02000045776367,44.48500061035156,3238000.0,44.48500061035156
2003-08-21,44.90999984741211,43.724998474121094,44.685001373291016,44.435001373291016,6979800.0,44.435001373291016
2003-08-22,45.0,44.26499938964844,44.94499969482422,44.42499923706055,3782600.0,44.42499923706055
2003-08-25,44.439998626708984,43.88999938964844,44.36000061035156,44.189998626708984,2772800.0,44.189998626708984
2003-08-26,44.28499984741211,43.099998474121094,43.68000030517578,44.255001068115234,4692600.0,44.255001068115234
2003-08-27,44.16999816894531,43.2400016784668,44.125,43.439998626708984,4604200.0,43.439998626708984
2003-08-28,44.529998779296875,43.56999969482422,43.595001220703125,44.529998779296875,3646600.0,44.529998779296875
2003-08-29,45.22999954223633,44.20000076293945,44.279998779296875,44.98500061035156,3799600.0,44.98500061035156
2003-09-02,45.69499969482422,44.51499938964844,44.900001525878906,45.505001068115234,5095200.0,45.505001068115234
2003-09-03,46.0,45.349998474121094,45.654998779296875,45.560001373291016,6998200.0,45.560001373291016
2003-09-04,45.599998474121094,45.040000915527344,45.540000915527344,45.07500076293945,4212600.0,45.07500076293945
2003-09-05,44.939998626708984,44.2400016784668,44.810001373291016,44.375,4617200.0,44.375
2003-09-08,45.435001373291016,44.33000183105469,44.345001220703125,45.34000015258789,3111000.0,45.34000015258789
2003-09-09,45.33000183105469,44.54999923706055,45.32500076293945,45.04999923706055,3830200.0,45.04999923706055
2003-09-10,45.22999954223633,44.625,44.79999923706055,44.91999816894531,5079400.0,44.91999816894531
2003-09-11,45.42499923706055,44.1349983215332,45.05500030517578,44.959999084472656,4612400.0,44.959999084472656
2003-09-12,44.75,43.75,44.470001220703125,44.6349983215332,5975600.0,44.6349983215332
2003-09-15,44.939998626708984,44.28499984741211,44.76499938964844,44.400001525878906,3514000.0,44.400001525878906
2003-09-16,46.56999969482422,44.375,44.435001373291016,46.56999969482422,8338200.0,46.56999969482422
2003-09-17,47.470001220703125,45.81999969482422,46.119998931884766,47.125,7945200.0,47.125
2003-09-18,47.439998626708984,46.88999938964844,47.31999969482422,47.42499923706055,4347000.0,47.42499923706055
2003-09-19,47.625,46.85499954223633,47.369998931884766,47.375,5265600.0,47.375
2003-09-22,47.22999954223633,46.60499954223633,46.755001068115234,47.099998474121094,3771800.0,47.099998474121094
2003-09-23,48.07500076293945,46.720001220703125,47.19499969482422,48.04999923706055,5913400.0,48.04999923706055
2003-09-24,48.5,46.76499938964844,47.619998931884766,46.810001373291016,6857800.0,46.810001373291016
2003-09-25,47.81999969482422,46.39500045776367,46.755001068115234,46.810001373291016,6769600.0,46.810001373291016
2003-09-26,47.3650016784668,45.755001068115234,46.814998626708984,45.88999938964844,8332800.0,45.88999938964844
2003-09-29,46.9900016784668,46.0099983215332,46.05500030517578,46.6150016784668,6494600.0,46.6150016784668
2003-09-30,46.625,45.5099983215332,46.375,46.09000015258789,8072800.0,46.09000015258789
2003-10-01,47.46500015258789,45.959999084472656,46.130001068115234,47.44499969482422,6798200.0,47.44499969482422
2003-10-02,48.45000076293945,47.26499938964844,47.349998474121094,48.255001068115234,7064400.0,48.255001068115234
2003-10-03,49.96500015258789,48.70000076293945,48.845001220703125,49.13999938964844,8329600.0,49.13999938964844
2003-10-06,50.099998474121094,49.1349983215332,49.21500015258789,49.78499984741211,4319400.0,49.78499984741211
2003-10-07,50.314998626708984,49.2400016784668,49.7400016784668,49.875,5686600.0,49.875
2003-10-08,50.20000076293945,49.529998779296875,49.9900016784668,49.93000030517578,4064200.0,49.93000030517578
2003-10-09,50.869998931884766,49.595001220703125,50.349998474121094,49.93000030517578,6993400.0,49.93000030517578
2003-10-10,51.33000183105469,49.84000015258789,50.0,50.79999923706055,5319600.0,50.79999923706055
2003-10-13,51.494998931884766,50.775001525878906,51.380001068115234,51.18000030517578,3053000.0,51.18000030517578
2003-10-14,51.76499938964844,51.0,51.130001068115234,51.525001525878906,4149000.0,51.525001525878906
2003-10-15,52.36000061035156,51.43000030517578,52.04999923706055,51.790000915527344,4245800.0,51.790000915527344
2003-10-16,52.474998474121094,51.5,51.599998474121094,52.415000915527344,3664000.0,52.415000915527344
2003-10-17,52.494998931884766,51.220001220703125,52.30500030517578,51.52000045776367,3789200.0,51.52000045776367
2003-10-20,52.040000915527344,51.290000915527344,51.5,51.900001525878906,4659600.0,51.900001525878906
2003-10-21,52.8849983215332,51.540000915527344,51.845001220703125,52.31999969482422,5523400.0,52.31999969482422
2003-10-22,52.2400016784668,50.84000015258789,51.82500076293945,50.970001220703125,8207400.0,50.970001220703125
2003-10-23,49.20000076293945,47.57500076293945,48.32500076293945,49.005001068115234,17368800.0,49.005001068115234
2003-10-24,49.10499954223633,47.849998474121094,49.0,48.78499984741211,10187800.0,48.78499984741211
2003-10-27,49.310001373291016,48.40999984741211,48.92499923706055,48.880001068115234,4999600.0,48.880001068115234
2003-10-28,49.255001068115234,48.04999923706055,48.91999816894531,49.21500015258789,7908600.0,49.21500015258789
2003-10-29,50.564998626708984,49.165000915527344,49.290000915527344,50.25,7885200.0,50.25
2003-10-30,50.755001068115234,49.28499984741211,50.665000915527344,49.619998931884766,6253800.0,49.619998931884766
2003-10-31,50.125,49.05500030517578,49.6349983215332,49.470001220703125,4721400.0,49.470001220703125
2003-11-03,49.96500015258789,48.125,48.32500076293945,49.44499969482422,9366400.0,49.44499969482422
2003-11-04,50.33000183105469,49.375,49.494998931884766,49.65999984741211,5834800.0,49.65999984741211
2003-11-05,50.5,49.01499938964844,49.73500061035156,50.14500045776367,5071200.0,50.14500045776367
2003-11-06,50.369998931884766,49.650001525878906,49.9900016784668,50.09000015258789,4493400.0,50.09000015258789
2003-11-07,50.8849983215332,49.875,50.09000015258789,50.04999923706055,4235200.0,50.04999923706055
2003-11-10,50.529998779296875,49.400001525878906,49.8650016784668,49.55500030517578,4588200.0,49.55500030517578
2003-11-11,50.09000015258789,49.40999984741211,49.86000061035156,49.63999938964844,4466400.0,49.63999938964844
2003-11-12,51.70000076293945,49.90999984741211,49.95500183105469,51.314998626708984,5310400.0,51.314998626708984
2003-11-13,51.625,50.84000015258789,51.26499938964844,51.125,4575000.0,51.125
2003-11-14,50.86000061035156,49.994998931884766,50.1349983215332,50.040000915527344,7606800.0,50.040000915527344
2003-11-17,49.880001068115234,48.09000015258789,49.599998474121094,48.45000076293945,7001600.0,48.45000076293945
2003-11-18,48.54999923706055,45.79999923706055,48.5,45.91999816894531,8735900.0,45.91999816894531
2003-11-19,46.38999938964844,43.619998931884766,46.2599983215332,44.099998474121094,14495200.0,44.099998474121094
2003-11-20,44.650001525878906,43.90999984741211,44.08000183105469,44.25,9353100.0,44.25
2003-11-21,44.720001220703125,43.869998931884766,44.5,44.15999984741211,7002700.0,44.15999984741211
2003-11-24,43.86000061035156,42.29999923706055,42.560001373291016,43.689998626708984,10110400.0,43.689998626708984
2003-11-25,44.560001373291016,43.349998474121094,44.0,43.630001068115234,5695500.0,43.630001068115234
2003-11-26,45.560001373291016,43.810001373291016,43.849998474121094,45.380001068115234,6326200.0,45.380001068115234
2003-11-28,45.400001525878906,43.790000915527344,44.97999954223633,44.22999954223633,3565400.0,44.22999954223633
2003-12-01,45.380001068115234,44.09000015258789,44.72999954223633,45.189998626708984,4910200.0,45.189998626708984
2003-12-02,44.869998931884766,43.70000076293945,44.869998931884766,43.900001525878906,6005100.0,43.900001525878906
2003-12-03,44.119998931884766,41.16999816894531,43.86000061035156,42.27000045776367,16108300.0,42.27000045776367
2003-12-04,43.2400016784668,41.63999938964844,41.81999969482422,42.0099983215332,7772000.0,42.0099983215332
2003-12-05,43.0,41.66999816894531,41.689998626708984,42.279998779296875,4949100.0,42.279998779296875
2003-12-08,42.61000061035156,41.41999816894531,42.150001525878906,42.47999954223633,3674300.0,42.47999954223633
2003-12-09,42.95000076293945,41.27000045776367,42.779998779296875,41.43000030517578,4407400.0,41.43000030517578
2003-12-10,41.65999984741211,40.599998474121094,41.31999969482422,41.349998474121094,5875300.0,41.349998474121094
2003-12-11,43.779998779296875,42.599998474121094,43.20000076293945,43.630001068115234,9357800.0,43.630001068115234
2003-12-12,44.45000076293945,43.0,43.86000061035156,44.2599983215332,5251900.0,44.2599983215332
2003-12-15,45.20000076293945,42.9900016784668,45.0099983215332,43.25,6010800.0,43.25
2003-12-16,44.81999969482422,43.72999954223633,44.20000076293945,44.470001220703125,5460500.0,44.470001220703125
2003-12-17,44.68000030517578,43.5099983215332,44.63999938964844,44.349998474121094,3753600.0,44.349998474121094
2003-12-18,45.439998626708984,44.459999084472656,45.0099983215332,44.849998474121094,4616500.0,44.849998474121094
2003-12-19,46.849998474121094,45.220001220703125,45.59000015258789,46.09000015258789,8074300.0,46.09000015258789
2003-12-22,46.400001525878906,45.27000045776367,46.25,46.02000045776367,4094600.0,46.02000045776367
2003-12-23,47.439998626708984,45.400001525878906,46.0,47.22999954223633,4741100.0,47.22999954223633
2003-12-24,47.310001373291016,46.56999969482422,46.95000076293945,46.79999923706055,1399900.0,46.79999923706055
2003-12-26,47.2400016784668,46.68000030517578,46.689998626708984,46.95000076293945,921700.0,46.95000076293945
2003-12-29,47.4900016784668,46.75,46.900001525878906,47.25,3003300.0,47.25
2003-12-30,48.06999969482422,47.290000915527344,47.5,47.869998931884766,2767900.0,47.869998931884766
2003-12-31,48.2599983215332,47.099998474121094,48.25,47.68000030517578,3542500.0,47.68000030517578
2004-01-02,48.34000015258789,47.38999938964844,48.27000045776367,47.630001068115234,3880600.0,47.630001068115234
2004-01-05,48.08000183105469,47.20000076293945,47.9900016784668,47.83000183105469,5487000.0,47.83000183105469
2004-01-06,49.189998626708984,47.7599983215332,48.20000076293945,48.869998931884766,5985400.0,48.869998931884766
2004-01-07,49.36000061035156,47.95000076293945,48.599998474121094,48.650001525878906,5955800.0,48.650001525878906
2004-01-08,49.4900016784668,48.27000045776367,49.0,49.130001068115234,3878600.0,49.130001068115234
2004-01-09,49.93000030517578,47.630001068115234,48.5,48.130001068115234,5253500.0,48.130001068115234
2004-01-12,49.13999938964844,47.400001525878906,48.349998474121094,48.959999084472656,3575600.0,48.959999084472656
2004-01-13,48.7599983215332,45.869998931884766,48.33000183105469,46.849998474121094,6132800.0,46.849998474121094
2004-01-14,48.400001525878906,47.310001373291016,48.0,48.18000030517578,4520500.0,48.18000030517578
2004-01-15,48.79999923706055,47.599998474121094,47.79999923706055,48.40999984741211,4375500.0,48.40999984741211
2004-01-16,48.869998931884766,47.25,48.630001068115234,47.65999984741211,4471300.0,47.65999984741211
2004-01-20,47.90999984741211,46.849998474121094,47.72999954223633,47.849998474121094,3542800.0,47.849998474121094
2004-01-21,48.33000183105469,46.939998626708984,48.20000076293945,47.75,2542900.0,47.75
2004-01-22,48.900001525878906,47.88999938964844,48.119998931884766,48.439998626708984,3338000.0,48.439998626708984
2004-01-23,49.5,48.20000076293945,48.560001373291016,49.130001068115234,4237600.0,49.130001068115234
2004-01-26,49.4900016784668,48.08000183105469,48.84000015258789,49.41999816894531,3426400.0,49.41999816894531
2004-01-27,49.869998931884766,48.45000076293945,49.36000061035156,48.529998779296875,6076400.0,48.529998779296875
2004-01-28,47.61000061035156,45.900001525878906,46.06999969482422,46.310001373291016,19136400.0,46.310001373291016
2004-01-29,47.20000076293945,46.0099983215332,46.75,46.939998626708984,5352200.0,46.939998626708984
2004-01-30,47.79999923706055,46.34000015258789,46.95000076293945,46.86000061035156,3724700.0,46.86000061035156
2004-02-02,46.959999084472656,45.380001068115234,46.63999938964844,45.41999816894531,6884200.0,45.41999816894531
2004-02-03,45.97999954223633,44.220001220703125,45.97999954223633,44.529998779296875,9099600.0,44.529998779296875
2004-02-04,45.310001373291016,44.06999969482422,44.38999938964844,44.16999816894531,3773000.0,44.16999816894531
2004-02-05,44.81999969482422,43.79999923706055,44.22999954223633,44.099998474121094,4144800.0,44.099998474121094
2004-02-06,44.72999954223633,43.7599983215332,44.650001525878906,44.630001068115234,4674800.0,44.630001068115234
2004-02-09,45.04999923706055,44.060001373291016,44.779998779296875,44.849998474121094,3388300.0,44.849998474121094
2004-02-10,45.189998626708984,44.16999816894531,44.25,44.779998779296875,3327400.0,44.779998779296875
2004-02-11,46.869998931884766,45.310001373291016,46.540000915527344,45.41999816894531,5626700.0,45.41999816894531
2004-02-12,45.560001373291016,44.349998474121094,45.11000061035156,45.04999923706055,3758900.0,45.04999923706055
2004-02-13,45.25,44.119998931884766,44.97999954223633,44.43000030517578,3145400.0,44.43000030517578
2004-02-17,45.41999816894531,43.43000030517578,44.720001220703125,44.900001525878906,5480200.0,44.900001525878906
2004-02-18,46.959999084472656,45.560001373291016,45.779998779296875,46.65999984741211,8161800.0,46.65999984741211
2004-02-19,47.619998931884766,46.09000015258789,46.900001525878906,46.09000015258789,4832300.0,46.09000015258789
2004-02-20,46.25,45.0,46.040000915527344,45.68000030517578,4435600.0,45.68000030517578
2004-02-23,45.970001220703125,45.0,45.83000183105469,45.93000030517578,3231000.0,45.93000030517578
2004-02-24,47.310001373291016,45.900001525878906,45.97999954223633,46.68000030517578,4497000.0,46.68000030517578
2004-02-25,47.0,46.41999816894531,46.84000015258789,46.58000183105469,2684000.0,46.58000183105469
2004-02-26,46.86000061035156,45.9900016784668,46.63999938964844,46.81999969482422,3205000.0,46.81999969482422
2004-02-27,47.4900016784668,46.349998474121094,46.66999816894531,47.15999984741211,4393800.0,47.15999984741211
2004-03-01,47.70000076293945,46.689998626708984,47.65999984741211,47.650001525878906,2780800.0,47.650001525878906
2004-03-02,47.83000183105469,46.68000030517578,47.66999816894531,46.720001220703125,3278400.0,46.720001220703125
2004-03-03,47.83000183105469,46.54999923706055,46.619998931884766,47.52000045776367,3362600.0,47.52000045776367
2004-03-04,47.619998931884766,46.79999923706055,47.220001220703125,47.540000915527344,2621200.0,47.540000915527344
2004-03-05,48.5,47.02000045776367,47.08000183105469,47.529998779296875,4232100.0,47.529998779296875
2004-03-08,47.959999084472656,46.34000015258789,47.939998626708984,46.4900016784668,3957100.0,46.4900016784668
2004-03-09,46.959999084472656,46.04999923706055,46.77000045776367,46.380001068115234,3913700.0,46.380001068115234
2004-03-10,46.790000915527344,45.5099983215332,46.29999923706055,45.9900016784668,3874600.0,45.9900016784668
2004-03-11,46.38999938964844,45.150001525878906,45.18000030517578,45.7599983215332,3554400.0,45.7599983215332
2004-03-12,46.970001220703125,45.63999938964844,45.689998626708984,46.91999816894531,2873100.0,46.91999816894531
2004-03-15,47.79999923706055,47.0,47.13999938964844,47.25,3818800.0,47.25
2004-03-16,48.060001373291016,46.599998474121094,47.84000015258789,48.0,4243900.0,48.0
2004-03-17,48.18000030517578,46.709999084472656,46.7599983215332,48.099998474121094,2560200.0,48.099998474121094
2004-03-18,48.5,47.349998474121094,48.0099983215332,48.38999938964844,2515600.0,48.38999938964844
2004-03-19,50.310001373291016,47.36000061035156,48.18000030517578,48.79999923706055,6205300.0,48.79999923706055
2004-03-22,49.04999923706055,47.380001068115234,48.43000030517578,48.31999969482422,2848100.0,48.31999969482422
2004-03-23,49.189998626708984,47.470001220703125,48.59000015258789,47.869998931884766,3198000.0,47.869998931884766
2004-03-24,48.56999969482422,47.290000915527344,48.29999923706055,47.79999923706055,3215700.0,47.79999923706055
2004-03-25,50.36000061035156,47.91999816894531,48.08000183105469,50.029998779296875,5954200.0,50.029998779296875
2004-03-26,52.18000030517578,50.25,50.349998474121094,51.779998779296875,8436000.0,51.779998779296875
2004-03-29,53.97999954223633,52.029998779296875,52.41999816894531,53.869998931884766,7485500.0,53.869998931884766
2004-03-30,54.72999954223633,53.209999084472656,53.790000915527344,53.7599983215332,5857200.0,53.7599983215332
2004-03-31,54.25,52.90999984741211,54.060001373291016,53.7400016784668,4396800.0,53.7400016784668
2004-04-01,54.099998474121094,52.880001068115234,53.459999084472656,53.41999816894531,4846900.0,53.41999816894531
2004-04-02,55.2400016784668,53.689998626708984,54.97999954223633,54.18000030517578,3645400.0,54.18000030517578
2004-04-05,55.45000076293945,53.810001373291016,53.93000030517578,55.36000061035156,2904300.0,55.36000061035156
2004-04-06,55.90999984741211,54.529998779296875,55.31999969482422,54.869998931884766,3015900.0,54.869998931884766
2004-04-07,54.56999969482422,52.61000061035156,54.22999954223633,53.029998779296875,6108100.0,53.029998779296875
2004-04-08,53.61000061035156,51.349998474121094,53.20000076293945,53.06999969482422,5055100.0,53.06999969482422
2004-04-12,54.52000045776367,52.72999954223633,52.95000076293945,53.150001525878906,2657400.0,53.150001525878906
2004-04-13,53.38999938964844,51.63999938964844,53.38999938964844,51.869998931884766,3378300.0,51.869998931884766
2004-04-14,52.33000183105469,50.849998474121094,50.88999938964844,52.25,4796200.0,52.25
2004-04-15,52.70000076293945,51.310001373291016,52.689998626708984,51.58000183105469,3272900.0,51.58000183105469
2004-04-16,52.91999816894531,51.0,52.04999923706055,52.380001068115234,2990500.0,52.380001068115234
2004-04-19,52.439998626708984,51.369998931884766,52.25,52.15999984741211,2220300.0,52.15999984741211
2004-04-20,53.5099983215332,51.72999954223633,52.5099983215332,51.959999084472656,3087600.0,51.959999084472656
2004-04-21,52.43000030517578,51.20000076293945,51.90999984741211,52.209999084472656,2221400.0,52.209999084472656
2004-04-22,53.88999938964844,51.7599983215332,52.150001525878906,53.45000076293945,2473400.0,53.45000076293945
2004-04-23,53.439998626708984,52.70000076293945,53.20000076293945,52.86000061035156,1848300.0,52.86000061035156
2004-04-26,52.93000030517578,51.38999938964844,52.90999984741211,51.599998474121094,2610900.0,51.599998474121094
2004-04-27,51.54999923706055,50.08000183105469,51.349998474121094,51.20000076293945,5374000.0,51.20000076293945
2004-04-28,51.650001525878906,50.63999938964844,51.34000015258789,50.810001373291016,3391100.0,50.810001373291016
2004-04-29,50.599998474121094,48.959999084472656,50.599998474121094,49.95000076293945,5706700.0,49.95000076293945
2004-04-30,52.31999969482422,50.25,51.540000915527344,50.619998931884766,6086100.0,50.619998931884766
2004-05-03,50.9900016784668,49.560001373291016,50.97999954223633,49.88999938964844,4256000.0,49.88999938964844
2004-05-04,50.68000030517578,49.650001525878906,49.900001525878906,50.18000030517578,3230200.0,50.18000030517578
2004-05-05,51.119998931884766,49.75,50.2400016784668,50.91999816894531,2167800.0,50.91999816894531
2004-05-06,51.75,50.68000030517578,50.869998931884766,51.40999984741211,3458200.0,51.40999984741211
2004-05-07,52.25,51.060001373291016,51.369998931884766,51.880001068115234,4324300.0,51.880001068115234
2004-05-10,52.45000076293945,51.130001068115234,51.54999923706055,51.970001220703125,4140400.0,51.970001220703125
2004-05-11,52.45000076293945,49.66999816894531,52.36000061035156,50.369998931884766,6551000.0,50.369998931884766
2004-05-12,51.099998474121094,48.45000076293945,50.06999969482422,50.68000030517578,5609100.0,50.68000030517578
2004-05-13,51.41999816894531,50.459999084472656,50.84000015258789,50.720001220703125,4418500.0,50.720001220703125
2004-05-14,51.779998779296875,49.560001373291016,50.86000061035156,51.040000915527344,1842900.0,51.040000915527344
2004-05-17,50.70000076293945,49.939998626708984,50.540000915527344,50.20000076293945,2875200.0,50.20000076293945
2004-05-18,50.650001525878906,49.279998779296875,50.540000915527344,49.599998474121094,4519100.0,49.599998474121094
2004-05-19,50.459999084472656,47.77000045776367,50.099998474121094,47.97999954223633,6755300.0,47.97999954223633
2004-05-20,48.900001525878906,48.130001068115234,48.189998626708984,48.29999923706055,5568900.0,48.29999923706055
2004-05-21,49.02000045776367,48.34000015258789,48.9900016784668,48.720001220703125,3184100.0,48.720001220703125
2004-05-24,49.29999923706055,48.22999954223633,49.099998474121094,48.47999954223633,3286100.0,48.47999954223633
2004-05-25,50.25,47.41999816894531,48.5,50.130001068115234,5561100.0,50.130001068115234
2004-05-26,50.83000183105469,49.689998626708984,50.0,50.060001373291016,3192000.0,50.060001373291016
2004-05-27,51.59000015258789,49.7400016784668,50.0099983215332,50.939998626708984,4779300.0,50.939998626708984
2004-05-28,51.310001373291016,50.54999923706055,51.16999816894531,50.83000183105469,2262900.0,50.83000183105469
2004-06-01,51.5099983215332,50.5,50.75,51.22999954223633,2014800.0,51.22999954223633
2004-06-02,51.349998474121094,50.2400016784668,51.290000915527344,50.56999969482422,2821400.0,50.56999969482422
2004-06-03,52.0099983215332,50.2400016784668,50.38999938964844,51.36000061035156,3640100.0,51.36000061035156
2004-06-04,51.959999084472656,51.0,51.88999938964844,51.5099983215332,2085400.0,51.5099983215332
2004-06-07,52.810001373291016,51.290000915527344,51.83000183105469,52.65999984741211,2688300.0,52.65999984741211
2004-06-08,53.0,51.97999954223633,51.97999954223633,52.900001525878906,2202700.0,52.900001525878906
2004-06-09,53.189998626708984,52.33000183105469,52.810001373291016,52.650001525878906,1983600.0,52.650001525878906
2004-06-10,53.380001068115234,52.029998779296875,52.70000076293945,52.2400016784668,2949700.0,52.2400016784668
2004-06-14,52.27000045776367,50.900001525878906,52.11000061035156,51.209999084472656,2862900.0,51.209999084472656
2004-06-15,52.349998474121094,51.25,51.650001525878906,51.779998779296875,1921100.0,51.779998779296875
2004-06-16,52.63999938964844,51.45000076293945,51.9900016784668,52.27000045776367,1594800.0,52.27000045776367
2004-06-17,52.29999923706055,51.349998474121094,52.06999969482422,51.650001525878906,2037200.0,51.650001525878906
2004-06-18,52.70000076293945,51.040000915527344,51.560001373291016,51.689998626708984,3046200.0,51.689998626708984
2004-06-21,52.20000076293945,51.189998626708984,51.77000045776367,51.25,1414100.0,51.25
2004-06-22,50.97999954223633,50.33000183105469,50.900001525878906,50.959999084472656,3256400.0,50.959999084472656
2004-06-23,51.72999954223633,50.439998626708984,50.95000076293945,51.65999984741211,2389400.0,51.65999984741211
2004-06-24,52.16999816894531,51.16999816894531,51.630001068115234,51.310001373291016,1777200.0,51.310001373291016
2004-06-25,53.2599983215332,51.400001525878906,51.45000076293945,53.25,4726600.0,53.25
2004-06-28,54.060001373291016,52.95000076293945,53.45000076293945,53.279998779296875,2371900.0,53.279998779296875
2004-06-29,54.47999954223633,53.029998779296875,53.060001373291016,54.0,3646700.0,54.0
2004-06-30,54.650001525878906,53.36000061035156,54.15999984741211,54.54999923706055,2043900.0,54.54999923706055
2004-07-01,55.0099983215332,52.95000076293945,55.0,53.5,3998600.0,53.5
2004-07-02,53.849998474121094,52.66999816894531,53.70000076293945,53.209999084472656,1842700.0,53.209999084472656
2004-07-06,53.599998474121094,51.81999969482422,53.58000183105469,52.810001373291016,2775900.0,52.810001373291016
2004-07-07,53.52000045776367,52.59000015258789,52.75,53.02000045776367,3376400.0,53.02000045776367
2004-07-08,53.29999923706055,52.0099983215332,52.77000045776367,52.09000015258789,3463400.0,52.09000015258789
2004-07-09,53.869998931884766,52.599998474121094,52.86000061035156,53.77000045776367,5311600.0,53.77000045776367
2004-07-12,54.59000015258789,53.189998626708984,53.560001373291016,53.91999816894531,3701700.0,53.91999816894531
2004-07-13,54.439998626708984,52.400001525878906,54.349998474121094,52.93000030517578,4319400.0,52.93000030517578
2004-07-14,53.40999984741211,52.29999923706055,52.90999984741211,52.5,2267600.0,52.5
2004-07-15,53.2400016784668,52.33000183105469,52.61000061035156,52.880001068115234,3031200.0,52.880001068115234
2004-07-16,53.29999923706055,52.0099983215332,53.20000076293945,52.04999923706055,2663700.0,52.04999923706055
2004-07-19,52.900001525878906,51.470001220703125,52.220001220703125,51.58000183105469,3412300.0,51.58000183105469
2004-07-20,52.63999938964844,51.15999984741211,51.790000915527344,52.470001220703125,2568100.0,52.470001220703125
2004-07-21,54.130001068115234,52.58000183105469,53.09000015258789,52.88999938964844,5139300.0,52.88999938964844
2004-07-22,53.0,51.439998626708984,52.959999084472656,52.650001525878906,3852700.0,52.650001525878906
2004-07-23,50.15999984741211,48.08000183105469,49.970001220703125,49.83000183105469,15005100.0,49.83000183105469
2004-07-26,50.79999923706055,49.86000061035156,50.15999984741211,50.369998931884766,5065100.0,50.369998931884766
2004-07-27,51.0,49.88999938964844,50.939998626708984,50.77000045776367,4411000.0,50.77000045776367
2004-07-28,50.7400016784668,49.310001373291016,50.400001525878906,50.13999938964844,6191900.0,50.13999938964844
2004-07-29,50.779998779296875,49.95000076293945,50.529998779296875,50.31999969482422,2999300.0,50.31999969482422
2004-07-30,50.27000045776367,49.56999969482422,49.70000076293945,50.130001068115234,3486500.0,50.130001068115234
2004-08-02,50.0099983215332,48.83000183105469,49.95000076293945,49.0,4143500.0,49.0
2004-08-03,49.40999984741211,48.34000015258789,49.060001373291016,49.0099983215332,4261400.0,49.0099983215332
2004-08-04,49.33000183105469,48.689998626708984,49.099998474121094,49.09000015258789,2430200.0,49.09000015258789
2004-08-05,49.16999816894531,47.72999954223633,48.97999954223633,47.970001220703125,4804500.0,47.970001220703125
2004-08-06,48.09000015258789,46.45000076293945,47.93000030517578,47.08000183105469,4071000.0,47.08000183105469
2004-08-09,47.880001068115234,47.0,47.060001373291016,47.40999984741211,2071100.0,47.40999984741211
2004-08-10,48.86000061035156,47.33000183105469,47.58000183105469,48.650001525878906,3229100.0,48.650001525878906
2004-08-11,48.93000030517578,47.33000183105469,47.7400016784668,48.79999923706055,4797000.0,48.79999923706055
2004-08-12,48.939998626708984,47.630001068115234,47.689998626708984,48.119998931884766,3011300.0,48.119998931884766
2004-08-13,48.61000061035156,47.97999954223633,48.150001525878906,48.31999969482422,805300.0,48.31999969482422
2004-08-16,48.88999938964844,47.849998474121094,48.41999816894531,48.7400016784668,2458100.0,48.7400016784668
2004-08-17,49.59000015258789,48.0,48.63999938964844,48.369998931884766,3657800.0,48.369998931884766
2004-08-18,50.04999923706055,47.79999923706055,48.36000061035156,49.5,4572000.0,49.5
2004-08-19,49.709999084472656,48.75,49.380001068115234,49.060001373291016,2536800.0,49.060001373291016
2004-08-20,50.220001220703125,48.959999084472656,49.40999984741211,50.0099983215332,3593900.0,50.0099983215332
2004-08-23,51.15999984741211,49.81999969482422,50.099998474121094,50.779998779296875,3237600.0,50.779998779296875
2004-08-24,51.18000030517578,50.20000076293945,50.869998931884766,50.720001220703125,2142500.0,50.720001220703125
2004-08-25,52.06999969482422,50.86000061035156,51.91999816894531,52.02000045776367,3656800.0,52.02000045776367
2004-08-26,52.11000061035156,51.11000061035156,51.869998931884766,51.959999084472656,1846000.0,51.959999084472656
2004-08-27,52.060001373291016,51.04999923706055,51.970001220703125,51.290000915527344,1806700.0,51.290000915527344
2004-08-30,51.45000076293945,50.63999938964844,51.209999084472656,50.63999938964844,1834200.0,50.63999938964844
2004-08-31,51.060001373291016,49.54999923706055,50.529998779296875,49.779998779296875,4591600.0,49.779998779296875
2004-09-01,49.130001068115234,46.869998931884766,48.880001068115234,48.79999923706055,10691800.0,48.79999923706055
2004-09-02,49.45000076293945,48.4900016784668,48.779998779296875,49.290000915527344,3148200.0,49.290000915527344
2004-09-03,49.43000030517578,47.959999084472656,49.279998779296875,48.25,2500700.0,48.25
2004-09-07,49.599998474121094,47.93000030517578,48.5099983215332,48.099998474121094,3723100.0,48.099998474121094
2004-09-08,48.560001373291016,47.5099983215332,47.93000030517578,47.79999923706055,3679200.0,47.79999923706055
2004-09-09,48.119998931884766,47.470001220703125,47.75,47.970001220703125,3734600.0,47.970001220703125
2004-09-10,49.380001068115234,47.95000076293945,48.04999923706055,48.880001068115234,4142500.0,48.880001068115234
2004-09-13,49.5,48.15999984741211,48.970001220703125,48.75,3245500.0,48.75
2004-09-14,48.5,46.72999954223633,48.5,47.70000076293945,6351300.0,47.70000076293945
2004-09-15,47.720001220703125,47.25,47.529998779296875,47.4900016784668,2467700.0,47.4900016784668
2004-09-16,48.369998931884766,47.349998474121094,47.54999923706055,48.18000030517578,4136500.0,48.18000030517578
2004-09-17,48.790000915527344,47.81999969482422,48.63999938964844,48.25,2626100.0,48.25
2004-09-20,49.790000915527344,47.599998474121094,47.75,48.400001525878906,3699900.0,48.400001525878906
2004-09-21,48.68000030517578,47.7599983215332,48.41999816894531,48.40999984741211,2044100.0,48.40999984741211
2004-09-22,48.380001068115234,47.029998779296875,48.369998931884766,47.119998931884766,3247000.0,47.119998931884766
2004-09-23,47.5,45.52000045776367,47.34000015258789,46.29999923706055,7508300.0,46.29999923706055
2004-09-24,46.900001525878906,45.59000015258789,45.59000015258789,46.209999084472656,6799500.0,46.209999084472656
2004-09-27,46.400001525878906,45.93000030517578,46.0,46.0099983215332,3158000.0,46.0099983215332
2004-09-28,46.220001220703125,44.900001525878906,46.209999084472656,45.650001525878906,5007800.0,45.650001525878906
2004-09-29,47.369998931884766,45.369998931884766,45.599998474121094,46.869998931884766,4704100.0,46.869998931884766
2004-09-30,47.709999084472656,45.84000015258789,47.04999923706055,45.9900016784668,5470000.0,45.9900016784668
2004-10-01,47.400001525878906,45.880001068115234,46.70000076293945,46.439998626708984,4620200.0,46.439998626708984
2004-10-04,46.630001068115234,44.61000061035156,46.27000045776367,44.83000183105469,8011000.0,44.83000183105469
2004-10-05,45.56999969482422,44.47999954223633,44.869998931884766,45.33000183105469,4228600.0,45.33000183105469
2004-10-06,47.099998474121094,44.279998779296875,45.380001068115234,46.939998626708984,5819400.0,46.939998626708984
2004-10-07,47.11000061035156,45.5,46.58000183105469,45.619998931884766,3588700.0,45.619998931884766
2004-10-08,46.31999969482422,44.56999969482422,45.61000061035156,44.58000183105469,4937000.0,44.58000183105469
2004-10-11,45.04999923706055,44.400001525878906,44.75,44.81999969482422,2977200.0,44.81999969482422
2004-10-12,45.86000061035156,44.369998931884766,44.54999923706055,45.56999969482422,2977400.0,45.56999969482422
2004-10-13,46.11000061035156,44.84000015258789,46.060001373291016,45.349998474121094,2903700.0,45.349998474121094
2004-10-14,45.38999938964844,44.810001373291016,45.2400016784668,45.15999984741211,3610400.0,45.15999984741211
2004-10-15,46.20000076293945,44.77000045776367,45.4900016784668,45.43000030517578,4150600.0,45.43000030517578
2004-10-18,46.630001068115234,45.15999984741211,45.58000183105469,46.52000045776367,4122300.0,46.52000045776367
2004-10-19,47.869998931884766,46.25,46.25,46.65999984741211,9155700.0,46.65999984741211
2004-10-20,44.900001525878906,43.380001068115234,43.75,44.790000915527344,23136400.0,44.790000915527344
2004-10-21,44.79999923706055,44.0,44.7400016784668,44.29999923706055,5141500.0,44.29999923706055
2004-10-22,44.70000076293945,43.939998626708984,44.58000183105469,44.279998779296875,3286100.0,44.279998779296875
2004-10-25,44.959999084472656,43.900001525878906,44.0,44.0,2801900.0,44.0
2004-10-26,44.86000061035156,43.75,44.06999969482422,44.86000061035156,4193400.0,44.86000061035156
2004-10-27,46.529998779296875,44.72999954223633,45.0,46.08000183105469,4514900.0,46.08000183105469
2004-10-28,46.08000183105469,45.150001525878906,45.79999923706055,45.45000076293945,3931100.0,45.45000076293945
2004-10-29,45.38999938964844,44.40999984741211,45.2599983215332,44.91999816894531,4498600.0,44.91999816894531
2004-11-01,45.70000076293945,44.70000076293945,45.13999938964844,45.59000015258789,2885700.0,45.59000015258789
2004-11-02,46.59000015258789,45.61000061035156,45.81999969482422,45.939998626708984,3359800.0,45.939998626708984
2004-11-03,48.06999969482422,46.150001525878906,46.40999984741211,47.790000915527344,7672900.0,47.790000915527344
2004-11-04,48.400001525878906,46.95000076293945,47.029998779296875,48.369998931884766,3795300.0,48.369998931884766
2004-11-05,49.099998474121094,47.59000015258789,48.97999954223633,47.880001068115234,4535600.0,47.880001068115234
2004-11-08,48.459999084472656,47.310001373291016,48.310001373291016,47.400001525878906,3210800.0,47.400001525878906
2004-11-09,47.29999923706055,45.7599983215332,45.93000030517578,46.970001220703125,9570500.0,46.970001220703125
2004-11-10,48.09000015258789,46.779998779296875,47.04999923706055,47.70000076293945,5102600.0,47.70000076293945
2004-11-11,48.27000045776367,47.119998931884766,47.79999923706055,47.86000061035156,3462400.0,47.86000061035156
2004-11-12,47.75,46.93000030517578,47.25,47.59000015258789,3808100.0,47.59000015258789
2004-11-15,49.959999084472656,47.310001373291016,47.47999954223633,49.279998779296875,6289000.0,49.279998779296875
2004-11-16,49.38999938964844,48.16999816894531,48.5,48.36000061035156,3530000.0,48.36000061035156
2004-11-17,49.22999954223633,47.560001373291016,47.77000045776367,48.75,4261400.0,48.75
2004-11-18,50.040000915527344,48.45000076293945,48.63999938964844,49.900001525878906,4592100.0,49.900001525878906
2004-11-19,49.91999816894531,48.900001525878906,49.66999816894531,49.150001525878906,3623200.0,49.150001525878906
2004-11-22,49.150001525878906,48.0099983215332,49.029998779296875,48.790000915527344,2914600.0,48.790000915527344
2004-11-23,49.34000015258789,48.25,48.810001373291016,48.45000076293945,3459500.0,48.45000076293945
2004-11-24,49.130001068115234,48.099998474121094,48.810001373291016,48.189998626708984,3696800.0,48.189998626708984
2004-11-26,48.290000915527344,47.720001220703125,48.279998779296875,47.7599983215332,1571900.0,47.7599983215332
2004-11-29,48.29999923706055,47.66999816894531,47.91999816894531,47.959999084472656,3195700.0,47.959999084472656
2004-11-30,49.18000030517578,47.38999938964844,48.20000076293945,48.900001525878906,4685900.0,48.900001525878906
2004-12-01,49.869998931884766,48.04999923706055,48.81999969482422,49.70000076293945,4707800.0,49.70000076293945
2004-12-02,50.400001525878906,49.29999923706055,49.72999954223633,50.380001068115234,5224500.0,50.380001068115234
2004-12-03,53.16999816894531,50.0099983215332,50.209999084472656,52.79999923706055,10772100.0,52.79999923706055
2004-12-06,53.68000030517578,52.29999923706055,52.470001220703125,53.47999954223633,5576200.0,53.47999954223633
2004-12-07,53.2599983215332,52.040000915527344,53.22999954223633,52.08000183105469,4399700.0,52.08000183105469
2004-12-08,53.06999969482422,51.59000015258789,51.91999816894531,52.2400016784668,4818200.0,52.2400016784668
2004-12-09,53.2400016784668,51.5099983215332,51.65999984741211,52.459999084472656,5144600.0,52.459999084472656
2004-12-10,54.88999938964844,51.22999954223633,51.2599983215332,54.189998626708984,11124200.0,54.189998626708984
2004-12-13,58.900001525878906,55.70000076293945,55.77000045776367,57.56999969482422,16507100.0,57.56999969482422
2004-12-14,62.16999816894531,59.95000076293945,60.36000061035156,60.61000061035156,24560400.0,60.61000061035156
2004-12-15,60.9900016784668,58.34000015258789,60.150001525878906,59.45000076293945,9944500.0,59.45000076293945
2004-12-16,60.45000076293945,58.900001525878906,60.0099983215332,59.150001525878906,5315400.0,59.150001525878906
2004-12-17,59.970001220703125,58.7599983215332,59.4900016784668,59.63999938964844,4477600.0,59.63999938964844
2004-12-20,61.25,59.58000183105469,59.7599983215332,59.939998626708984,5565900.0,59.939998626708984
2004-12-21,61.65999984741211,59.970001220703125,60.22999954223633,61.29999923706055,4848300.0,61.29999923706055
2004-12-22,62.20000076293945,60.380001068115234,60.970001220703125,61.709999084472656,4041400.0,61.709999084472656
2004-12-23,62.86000061035156,61.779998779296875,61.86000061035156,62.459999084472656,2556500.0,62.459999084472656
2004-12-27,63.099998474121094,61.5,62.45000076293945,61.86000061035156,2655500.0,61.86000061035156
2004-12-28,63.0,61.4900016784668,62.0,62.83000183105469,2264600.0,62.83000183105469
2004-12-29,63.47999954223633,62.0,62.150001525878906,63.439998626708984,2001200.0,63.439998626708984
2004-12-30,63.709999084472656,62.72999954223633,63.709999084472656,62.90999984741211,1367800.0,62.90999984741211
2004-12-31,63.5,61.68000030517578,63.0099983215332,61.68000030517578,2705000.0,61.68000030517578
2005-01-03,62.16999816894531,60.77000045776367,61.59000015258789,60.880001068115234,4390800.0,60.880001068115234
2005-01-04,61.369998931884766,58.810001373291016,60.970001220703125,59.13999938964844,3817800.0,59.13999938964844
2005-01-05,60.15999984741211,58.72999954223633,59.060001373291016,59.709999084472656,3399400.0,59.709999084472656
2005-01-06,60.47999954223633,58.34000015258789,60.369998931884766,58.40999984741211,3352100.0,58.40999984741211
2005-01-07,59.31999969482422,57.45000076293945,58.11000061035156,58.939998626708984,5193700.0,58.939998626708984
2005-01-10,60.20000076293945,58.540000915527344,58.650001525878906,59.36000061035156,3346000.0,59.36000061035156
2005-01-11,60.15999984741211,58.97999954223633,58.97999954223633,59.84000015258789,2988000.0,59.84000015258789
2005-01-12,60.0,58.54999923706055,59.70000076293945,59.09000015258789,4297000.0,59.09000015258789
2005-01-13,59.58000183105469,58.15999984741211,59.0,58.290000915527344,4053100.0,58.290000915527344
2005-01-14,60.130001068115234,58.130001068115234,58.130001068115234,59.84000015258789,4146100.0,59.84000015258789
2005-01-18,62.720001220703125,60.52000045776367,61.0,60.810001373291016,7976000.0,60.810001373291016
2005-01-19,61.33000183105469,60.18000030517578,60.95000076293945,60.2400016784668,3939600.0,60.2400016784668
2005-01-20,60.2400016784668,59.11000061035156,59.97999954223633,59.29999923706055,3867800.0,59.29999923706055
2005-01-21,59.77000045776367,58.08000183105469,59.04999923706055,58.2599983215332,3552100.0,58.2599983215332
2005-01-24,58.709999084472656,57.31999969482422,58.349998474121094,57.66999816894531,4299000.0,57.66999816894531
2005-01-25,58.70000076293945,56.630001068115234,57.52000045776367,57.540000915527344,7269900.0,57.540000915527344
2005-01-26,63.099998474121094,58.70000076293945,59.43000030517578,62.84000015258789,14084100.0,62.84000015258789
2005-01-27,63.47999954223633,62.099998474121094,62.29999923706055,62.97999954223633,5379400.0,62.97999954223633
2005-01-28,62.869998931884766,61.04999923706055,62.52000045776367,61.90999984741211,5599200.0,61.90999984741211
2005-01-31,64.55000305175781,62.34000015258789,62.40999984741211,64.33999633789062,6176800.0,64.33999633789062
2005-02-01,65.12999725341797,63.849998474121094,64.25,65.05999755859375,4001900.0,65.05999755859375
2005-02-02,66.33000183105469,64.69999694824219,65.4000015258789,65.55999755859375,4886900.0,65.55999755859375
2005-02-03,65.91000366210938,64.7699966430664,65.19000244140625,65.0,3170600.0,65.0
2005-02-04,68.23999786376953,64.9800033569336,65.11000061035156,68.12000274658203,5770500.0,68.12000274658203
2005-02-07,69.83999633789062,66.98999786376953,68.0,67.36000061035156,6493000.0,67.36000061035156
2005-02-08,67.0999984741211,65.30999755859375,67.08000183105469,65.5999984741211,6798300.0,65.5999984741211
2005-02-09,65.33000183105469,63.36000061035156,65.08000183105469,63.54999923706055,5238200.0,63.54999923706055
2005-02-10,63.040000915527344,61.880001068115234,61.939998626708984,62.61000061035156,7506800.0,62.61000061035156
2005-02-11,63.84000015258789,62.029998779296875,62.54999923706055,63.220001220703125,3093600.0,63.220001220703125
2005-02-14,64.44999694824219,63.06999969482422,63.400001525878906,63.2400016784668,3183700.0,63.2400016784668
2005-02-15,65.25,62.65999984741211,63.38999938964844,64.16000366210938,3530300.0,64.16000366210938
2005-02-16,65.41999816894531,64.44999694824219,65.27999877929688,64.87999725341797,2755700.0,64.87999725341797
2005-02-17,65.12999725341797,63.20000076293945,64.5,63.61000061035156,6057400.0,63.61000061035156
2005-02-18,64.72000122070312,62.54999923706055,63.5099983215332,64.04000091552734,4165800.0,64.04000091552734
2005-02-22,65.87999725341797,63.709999084472656,63.880001068115234,64.3499984741211,4830300.0,64.3499984741211
2005-02-23,64.9000015258789,63.529998779296875,64.7300033569336,63.54999923706055,2545000.0,63.54999923706055
2005-02-24,64.62000274658203,63.13999938964844,63.279998779296875,64.56999969482422,2011900.0,64.56999969482422
2005-02-25,65.01000213623047,64.37000274658203,64.56999969482422,64.9800033569336,1976900.0,64.9800033569336
2005-02-28,65.16999816894531,63.380001068115234,64.75,64.48999786376953,2774700.0,64.48999786376953
2005-03-01,65.1500015258789,63.9900016784668,64.30999755859375,64.91999816894531,2629300.0,64.91999816894531
2005-03-02,67.0,64.36000061035156,64.54000091552734,66.45999908447266,3244000.0,66.45999908447266
2005-03-03,66.48999786376953,64.7699966430664,66.41000366210938,65.66000366210938,2783900.0,65.66000366210938
2005-03-04,68.0999984741211,65.9000015258789,66.12999725341797,67.75,3405500.0,67.75
2005-03-07,69.80000305175781,67.5199966430664,67.66000366210938,69.01000213623047,3900700.0,69.01000213623047
2005-03-08,69.30000305175781,68.29000091552734,68.80999755859375,68.61000061035156,2572800.0,68.61000061035156
2005-03-09,71.16000366210938,68.29000091552734,68.29000091552734,69.45999908447266,5267700.0,69.45999908447266
2005-03-10,69.6500015258789,67.19000244140625,69.5199966430664,68.48999786376953,3626100.0,68.48999786376953
2005-03-11,68.6500015258789,67.44000244140625,67.95999908447266,67.68000030517578,2577200.0,67.68000030517578
2005-03-14,69.18000030517578,67.68000030517578,67.80999755859375,68.04000091552734,3238100.0,68.04000091552734
2005-03-15,68.13999938964844,66.80000305175781,68.11000061035156,67.1500015258789,2764300.0,67.1500015258789
2005-03-16,67.33000183105469,65.69999694824219,66.79000091552734,65.93000030517578,2525600.0,65.93000030517578
2005-03-17,67.44999694824219,65.62000274658203,65.69999694824219,66.86000061035156,3728300.0,66.86000061035156
2005-03-18,66.97000122070312,65.80000305175781,66.80000305175781,66.7300033569336,3777600.0,66.7300033569336
2005-03-21,67.08999633789062,65.83000183105469,66.6500015258789,66.3499984741211,4216300.0,66.3499984741211
2005-03-22,58.9900016784668,54.9900016784668,57.11000061035156,55.150001525878906,39596900.0,55.150001525878906
2005-03-23,56.63999938964844,54.52000045776367,55.099998474121094,55.04999923706055,12815000.0,55.04999923706055
2005-03-24,56.5,54.849998474121094,55.5,55.16999816894531,6041400.0,55.16999816894531
2005-03-28,55.88999938964844,52.91999816894531,55.470001220703125,54.02000045776367,7780200.0,54.02000045776367
2005-03-29,54.61000061035156,52.27000045776367,53.630001068115234,52.41999816894531,5292600.0,52.41999816894531
2005-03-30,54.279998779296875,52.40999984741211,52.45000076293945,53.630001068115234,4937900.0,53.630001068115234
2005-03-31,53.599998474121094,51.7400016784668,53.209999084472656,51.779998779296875,5919900.0,51.779998779296875
2005-04-01,52.77000045776367,51.150001525878906,52.29999923706055,51.91999816894531,6912200.0,51.91999816894531
2005-04-04,52.83000183105469,51.619998931884766,52.119998931884766,52.720001220703125,4066900.0,52.720001220703125
2005-04-05,53.709999084472656,52.45000076293945,52.849998474121094,52.90999984741211,3907200.0,52.90999984741211
2005-04-06,53.189998626708984,52.16999816894531,52.83000183105469,52.7400016784668,5057300.0,52.7400016784668
2005-04-07,52.900001525878906,51.88999938964844,52.75,52.36000061035156,3975600.0,52.36000061035156
2005-04-08,52.79999923706055,51.02000045776367,52.72999954223633,51.060001373291016,3955100.0,51.060001373291016
2005-04-11,51.459999084472656,50.099998474121094,51.38999938964844,50.22999954223633,6242200.0,50.22999954223633
2005-04-12,50.5099983215332,49.81999969482422,50.189998626708984,50.43000030517578,5190200.0,50.43000030517578
2005-04-13,50.5,49.13999938964844,50.22999954223633,49.63999938964844,5686800.0,49.63999938964844
2005-04-14,49.939998626708984,48.66999816894531,49.560001373291016,49.540000915527344,4978900.0,49.540000915527344
2005-04-15,51.619998931884766,49.72999954223633,49.779998779296875,50.25,12433300.0,50.25
2005-04-18,51.15999984741211,49.86000061035156,50.779998779296875,50.470001220703125,6072500.0,50.470001220703125
2005-04-19,51.47999954223633,50.18000030517578,51.0,50.7400016784668,4182900.0,50.7400016784668
2005-04-20,51.20000076293945,49.43000030517578,51.0099983215332,49.439998626708984,5640500.0,49.439998626708984
2005-04-21,51.220001220703125,49.75,49.9900016784668,51.220001220703125,4521600.0,51.220001220703125
2005-04-22,51.18000030517578,50.150001525878906,50.970001220703125,50.61000061035156,2967200.0,50.61000061035156
2005-04-25,52.849998474121094,50.560001373291016,51.459999084472656,52.849998474121094,4909200.0,52.849998474121094
2005-04-26,53.65999984741211,52.599998474121094,52.720001220703125,52.810001373291016,4768600.0,52.810001373291016
2005-04-27,53.25,51.099998474121094,52.75,52.689998626708984,4859000.0,52.689998626708984
2005-04-28,53.5,52.27000045776367,52.650001525878906,52.68000030517578,3315100.0,52.68000030517578
2005-04-29,53.38999938964844,52.36000061035156,53.02000045776367,53.38999938964844,3516200.0,53.38999938964844
2005-05-02,53.459999084472656,51.9900016784668,53.25,52.45000076293945,4707100.0,52.45000076293945
2005-05-03,53.599998474121094,52.29999923706055,52.29999923706055,52.900001525878906,6557100.0,52.900001525878906
2005-05-04,49.5,47.45000076293945,47.45000076293945,49.45000076293945,25114600.0,49.45000076293945
2005-05-05,50.619998931884766,49.20000076293945,49.290000915527344,49.88999938964844,6164700.0,49.88999938964844
2005-05-06,51.43000030517578,49.970001220703125,49.970001220703125,50.970001220703125,4689000.0,50.970001220703125
2005-05-09,52.029998779296875,50.68000030517578,51.040000915527344,52.029998779296875,3174200.0,52.029998779296875
2005-05-10,52.29999923706055,51.400001525878906,51.83000183105469,52.0099983215332,3507200.0,52.0099983215332
2005-05-11,53.540000915527344,51.900001525878906,52.2599983215332,53.459999084472656,4290300.0,53.459999084472656
2005-05-12,53.540000915527344,52.02000045776367,53.45000076293945,52.43000030517578,3373800.0,52.43000030517578
2005-05-13,52.810001373291016,51.119998931884766,52.72999954223633,52.34000015258789,4900800.0,52.34000015258789
2005-05-16,52.79999923706055,51.65999984741211,52.400001525878906,52.5099983215332,2808300.0,52.5099983215332
2005-05-17,54.25,52.790000915527344,52.849998474121094,54.11000061035156,5436100.0,54.11000061035156
2005-05-18,54.68000030517578,53.220001220703125,54.06999969482422,54.150001525878906,5718000.0,54.150001525878906
2005-05-19,54.91999816894531,54.06999969482422,54.459999084472656,54.83000183105469,2809800.0,54.83000183105469
2005-05-20,54.970001220703125,53.75,54.720001220703125,54.34000015258789,4328400.0,54.34000015258789
2005-05-23,54.029998779296875,53.40999984741211,53.86000061035156,53.59000015258789,3595800.0,53.59000015258789
2005-05-24,53.25,52.02000045776367,53.130001068115234,52.810001373291016,5954800.0,52.810001373291016
2005-05-25,52.599998474121094,51.86000061035156,52.470001220703125,52.09000015258789,4348400.0,52.09000015258789
2005-05-26,52.4900016784668,51.540000915527344,52.380001068115234,51.7599983215332,4354100.0,51.7599983215332
2005-05-27,52.2400016784668,51.58000183105469,51.66999816894531,52.04999923706055,2987900.0,52.04999923706055
2005-05-31,52.970001220703125,51.849998474121094,51.939998626708984,52.540000915527344,3222700.0,52.540000915527344
2005-06-01,54.849998474121094,52.56999969482422,52.61000061035156,54.11000061035156,3970200.0,54.11000061035156
2005-06-02,54.16999816894531,53.27000045776367,54.0099983215332,53.529998779296875,3876900.0,53.529998779296875
2005-06-03,53.83000183105469,52.58000183105469,53.7400016784668,52.970001220703125,2438100.0,52.970001220703125
2005-06-06,53.66999816894531,52.81999969482422,53.08000183105469,53.040000915527344,3570700.0,53.040000915527344
2005-06-07,53.290000915527344,52.060001373291016,53.2400016784668,52.27000045776367,3517900.0,52.27000045776367
2005-06-08,52.54999923706055,51.95000076293945,52.349998474121094,52.41999816894531,3039500.0,52.41999816894531
2005-06-09,54.13999938964844,52.220001220703125,52.36000061035156,53.439998626708984,4185800.0,53.439998626708984
2005-06-10,54.0,53.0,53.66999816894531,53.5,3126400.0,53.5
2005-06-13,58.310001373291016,53.439998626708984,53.47999954223633,58.0,11386500.0,58.0
2005-06-14,58.33000183105469,56.70000076293945,57.900001525878906,57.939998626708984,5986000.0,57.939998626708984
2005-06-15,59.369998931884766,57.5,58.400001525878906,59.060001373291016,4020000.0,59.060001373291016
2005-06-16,58.790000915527344,57.5099983215332,58.689998626708984,57.599998474121094,4222600.0,57.599998474121094
2005-06-17,59.0,57.279998779296875,59.0,57.58000183105469,3886400.0,57.58000183105469
2005-06-20,59.63999938964844,57.63999938964844,57.939998626708984,59.20000076293945,3944100.0,59.20000076293945
2005-06-21,59.83000183105469,58.58000183105469,59.02000045776367,58.970001220703125,2945300.0,58.970001220703125
2005-06-22,59.75,58.04999923706055,58.880001068115234,58.189998626708984,2781000.0,58.189998626708984
2005-06-23,59.52000045776367,57.599998474121094,58.45000076293945,57.630001068115234,3825400.0,57.630001068115234
2005-06-24,58.08000183105469,56.88999938964844,57.630001068115234,57.93000030517578,2336100.0,57.93000030517578
2005-06-27,58.15999984741211,56.91999816894531,57.540000915527344,57.150001525878906,2536600.0,57.150001525878906
2005-06-28,57.83000183105469,57.099998474121094,57.43000030517578,57.58000183105469,2337100.0,57.58000183105469
2005-06-29,57.68000030517578,56.20000076293945,57.650001525878906,56.72999954223633,3003100.0,56.72999954223633
2005-06-30,58.34000015258789,56.439998626708984,57.0099983215332,56.61000061035156,3475300.0,56.61000061035156
2005-07-01,57.43000030517578,56.150001525878906,56.959999084472656,56.209999084472656,2155200.0,56.209999084472656
2005-07-05,57.86000061035156,55.220001220703125,55.959999084472656,57.81999969482422,3911300.0,57.81999969482422
2005-07-06,57.90999984741211,56.72999954223633,57.779998779296875,56.77000045776367,3098200.0,56.77000045776367
2005-07-07,58.31999969482422,55.88999938964844,55.900001525878906,58.150001525878906,3397700.0,58.150001525878906
2005-07-08,58.41999816894531,57.43000030517578,58.349998474121094,57.91999816894531,3427100.0,57.91999816894531
2005-07-11,58.38999938964844,56.849998474121094,58.29999923706055,58.22999954223633,2850600.0,58.22999954223633
2005-07-12,60.709999084472656,58.20000076293945,58.209999084472656,60.65999984741211,5235700.0,60.65999984741211
2005-07-13,60.619998931884766,59.70000076293945,60.619998931884766,60.04999923706055,2957600.0,60.04999923706055
2005-07-14,61.0,59.849998474121094,60.650001525878906,60.31999969482422,2570000.0,60.31999969482422
2005-07-15,59.18000030517578,56.97999954223633,58.95000076293945,57.459999084472656,9533200.0,57.459999084472656
2005-07-18,58.209999084472656,57.66999816894531,57.849998474121094,57.790000915527344,4131800.0,57.790000915527344
2005-07-19,61.65999984741211,57.86000061035156,58.130001068115234,61.56999969482422,6513100.0,61.56999969482422
2005-07-20,61.619998931884766,59.5,60.29999923706055,61.529998779296875,5514500.0,61.529998779296875
2005-07-21,63.119998931884766,60.08000183105469,61.189998626708984,60.2400016784668,7131800.0,60.2400016784668
2005-07-22,61.310001373291016,59.65999984741211,60.650001525878906,60.86000061035156,4811300.0,60.86000061035156
2005-07-25,62.63999938964844,61.029998779296875,61.029998779296875,61.900001525878906,5352400.0,61.900001525878906
2005-07-26,61.599998474121094,59.0,61.13999938964844,59.0,13798800.0,59.0
2005-07-27,60.25,58.0,58.650001525878906,58.86000061035156,13006700.0,58.86000061035156
2005-07-28,58.880001068115234,58.04999923706055,58.880001068115234,58.45000076293945,2720500.0,58.45000076293945
2005-07-29,58.56999969482422,57.470001220703125,58.45000076293945,57.599998474121094,2672100.0,57.599998474121094
2005-08-01,58.83000183105469,57.5,57.90999984741211,58.619998931884766,2739900.0,58.619998931884766
2005-08-02,59.41999816894531,58.16999816894531,58.56999969482422,59.369998931884766,2217600.0,59.369998931884766
2005-08-03,60.439998626708984,58.97999954223633,60.0,59.5,2925800.0,59.5
2005-08-04,59.52000045776367,58.58000183105469,59.5,58.88999938964844,1500500.0,58.88999938964844
2005-08-05,59.13999938964844,58.20000076293945,58.72999954223633,59.0,1564700.0,59.0
2005-08-08,59.9900016784668,58.130001068115234,59.150001525878906,58.380001068115234,2028200.0,58.380001068115234
2005-08-09,59.33000183105469,58.540000915527344,58.689998626708984,58.959999084472656,1682100.0,58.959999084472656
2005-08-10,60.0,58.959999084472656,59.13999938964844,59.08000183105469,2877500.0,59.08000183105469
2005-08-11,59.900001525878906,58.630001068115234,59.099998474121094,59.31999969482422,1829800.0,59.31999969482422
2005-08-12,60.130001068115234,58.810001373291016,58.84000015258789,59.880001068115234,2291800.0,59.880001068115234
2005-08-15,61.08000183105469,59.52000045776367,59.599998474121094,60.709999084472656,1926800.0,60.709999084472656
2005-08-16,61.2599983215332,60.11000061035156,60.790000915527344,60.11000061035156,2442100.0,60.11000061035156
2005-08-17,61.060001373291016,60.04999923706055,60.29999923706055,60.529998779296875,1983900.0,60.529998779296875
2005-08-18,60.349998474121094,59.43000030517578,59.959999084472656,59.709999084472656,2049400.0,59.709999084472656
2005-08-19,60.41999816894531,59.43000030517578,59.43000030517578,59.560001373291016,1870900.0,59.560001373291016
2005-08-22,59.66999816894531,58.41999816894531,59.4900016784668,59.040000915527344,2142500.0,59.040000915527344
2005-08-23,59.20000076293945,58.56999969482422,59.099998474121094,58.77000045776367,1770500.0,58.77000045776367
2005-08-24,59.650001525878906,58.18000030517578,58.70000076293945,58.220001220703125,2500800.0,58.220001220703125
2005-08-25,58.5099983215332,57.849998474121094,58.31999969482422,57.959999084472656,1762000.0,57.959999084472656
2005-08-26,58.2599983215332,57.209999084472656,58.0,58.06999969482422,1528700.0,58.06999969482422
2005-08-29,58.79999923706055,57.459999084472656,57.79999923706055,58.290000915527344,1765100.0,58.290000915527344
2005-08-30,58.279998779296875,56.099998474121094,58.150001525878906,56.40999984741211,5843900.0,56.40999984741211
2005-08-31,57.34000015258789,55.79999923706055,56.27000045776367,57.279998779296875,2933000.0,57.279998779296875
2005-09-01,58.189998626708984,57.11000061035156,57.25,57.939998626708984,2563500.0,57.939998626708984
2005-09-02,58.43000030517578,57.31999969482422,57.9900016784668,57.41999816894531,1850000.0,57.41999816894531
2005-09-06,57.869998931884766,55.47999954223633,57.400001525878906,56.13999938964844,4961000.0,56.13999938964844
2005-09-07,56.650001525878906,55.630001068115234,56.13999938964844,56.54999923706055,2976800.0,56.54999923706055
2005-09-08,57.880001068115234,56.060001373291016,56.099998474121094,56.849998474121094,3135000.0,56.849998474121094
2005-09-09,56.5099983215332,55.2400016784668,56.459999084472656,56.119998931884766,5428900.0,56.119998931884766
2005-09-12,59.91999816894531,57.0,57.0,59.09000015258789,5774700.0,59.09000015258789
2005-09-13,62.380001068115234,59.02000045776367,59.09000015258789,61.88999938964844,8751100.0,61.88999938964844
2005-09-14,61.84000015258789,60.77000045776367,61.84000015258789,60.869998931884766,3583900.0,60.869998931884766
2005-09-15,61.11000061035156,60.09000015258789,60.84000015258789,60.20000076293945,2180900.0,60.20000076293945
2005-09-16,60.86000061035156,59.95000076293945,60.13999938964844,60.59000015258789,3172700.0,60.59000015258789
2005-09-19,62.54999923706055,60.20000076293945,60.75,60.4900016784668,2739600.0,60.4900016784668
2005-09-20,61.5,60.349998474121094,60.52000045776367,60.86000061035156,3110100.0,60.86000061035156
2005-09-21,60.91999816894531,58.150001525878906,60.869998931884766,58.459999084472656,4925600.0,58.459999084472656
2005-09-22,59.13999938964844,57.09000015258789,58.40999984741211,58.560001373291016,4662700.0,58.560001373291016
2005-09-23,58.720001220703125,57.849998474121094,58.709999084472656,58.20000076293945,1665900.0,58.20000076293945
2005-09-26,59.369998931884766,57.2599983215332,58.560001373291016,57.52000045776367,2984300.0,57.52000045776367
2005-09-27,58.34000015258789,57.2599983215332,57.65999984741211,58.029998779296875,1861000.0,58.029998779296875
2005-09-28,58.5,57.09000015258789,58.380001068115234,57.40999984741211,1819500.0,57.40999984741211
2005-09-29,58.34000015258789,56.29999923706055,57.310001373291016,58.279998779296875,2860700.0,58.279998779296875
2005-09-30,58.54999923706055,56.59000015258789,58.130001068115234,56.88999938964844,3762100.0,56.88999938964844
2005-10-03,57.060001373291016,56.06999969482422,56.34000015258789,56.2400016784668,4292700.0,56.2400016784668
2005-10-04,56.400001525878906,54.88999938964844,56.2400016784668,54.959999084472656,4982100.0,54.959999084472656
2005-10-05,55.290000915527344,54.45000076293945,55.279998779296875,54.54999923706055,4218200.0,54.54999923706055
2005-10-06,54.130001068115234,52.529998779296875,53.75,53.08000183105469,5658300.0,53.08000183105469
2005-10-07,53.540000915527344,52.70000076293945,53.150001525878906,52.77000045776367,2815600.0,52.77000045776367
2005-10-10,52.77000045776367,51.16999816894531,52.70000076293945,51.349998474121094,4983700.0,51.349998474121094
2005-10-11,53.38999938964844,52.290000915527344,53.0,52.86000061035156,4737000.0,52.86000061035156
2005-10-12,54.34000015258789,51.45000076293945,53.400001525878906,51.45000076293945,5971400.0,51.45000076293945
2005-10-13,52.959999084472656,51.040000915527344,51.369998931884766,52.400001525878906,4201800.0,52.400001525878906
2005-10-14,55.11000061035156,53.65999984741211,53.79999923706055,54.060001373291016,5472400.0,54.060001373291016
2005-10-17,54.36000061035156,53.29999923706055,54.08000183105469,53.54999923706055,2462500.0,53.54999923706055
2005-10-18,53.7400016784668,53.04999923706055,53.29999923706055,53.18000030517578,2379800.0,53.18000030517578
2005-10-19,54.08000183105469,52.529998779296875,53.43000030517578,54.08000183105469,2575200.0,54.08000183105469
2005-10-20,55.25,53.84000015258789,54.68000030517578,54.29999923706055,2963900.0,54.29999923706055
2005-10-21,55.16999816894531,54.15999984741211,55.06999969482422,54.77000045776367,4155100.0,54.77000045776367
2005-10-24,57.75,54.79999923706055,55.15999984741211,57.720001220703125,4216200.0,57.720001220703125
2005-10-25,57.54999923706055,55.900001525878906,57.2400016784668,56.790000915527344,3431800.0,56.790000915527344
2005-10-26,57.119998931884766,55.40999984741211,56.45000076293945,55.540000915527344,2216800.0,55.540000915527344
2005-10-27,56.13999938964844,54.77000045776367,55.619998931884766,55.18000030517578,2153700.0,55.18000030517578
2005-10-28,57.08000183105469,55.58000183105469,55.58000183105469,56.720001220703125,3336200.0,56.720001220703125
2005-10-31,57.06999969482422,55.91999816894531,56.790000915527344,56.880001068115234,3995000.0,56.880001068115234
2005-11-01,56.709999084472656,54.88999938964844,56.47999954223633,55.790000915527344,6098400.0,55.790000915527344
2005-11-02,61.970001220703125,57.5,57.63999938964844,60.22999954223633,12692100.0,60.22999954223633
2005-11-03,61.06999969482422,59.900001525878906,60.650001525878906,59.95000076293945,3550800.0,59.95000076293945
2005-11-04,60.68000030517578,59.369998931884766,59.91999816894531,59.93000030517578,3616800.0,59.93000030517578
2005-11-07,60.130001068115234,58.9900016784668,59.7599983215332,59.93000030517578,2319700.0,59.93000030517578
2005-11-08,59.959999084472656,59.15999984741211,59.630001068115234,59.380001068115234,2307100.0,59.380001068115234
2005-11-09,59.9900016784668,58.869998931884766,59.290000915527344,59.70000076293945,3117300.0,59.70000076293945
2005-11-10,60.599998474121094,58.93000030517578,59.91999816894531,60.459999084472656,3296000.0,60.459999084472656
2005-11-11,61.040000915527344,58.72999954223633,60.63999938964844,59.40999984741211,3669400.0,59.40999984741211
2005-11-14,59.470001220703125,58.58000183105469,59.220001220703125,59.09000015258789,2817300.0,59.09000015258789
2005-11-15,59.47999954223633,58.02000045776367,59.09000015258789,58.02000045776367,2229200.0,58.02000045776367
2005-11-16,58.27000045776367,57.38999938964844,58.099998474121094,57.45000076293945,3236800.0,57.45000076293945
2005-11-17,59.58000183105469,57.81999969482422,58.060001373291016,59.56999969482422,3175200.0,59.56999969482422
2005-11-18,60.0099983215332,57.91999816894531,59.650001525878906,58.380001068115234,5304200.0,58.380001068115234
2005-11-21,59.02000045776367,57.81999969482422,58.900001525878906,58.720001220703125,2423500.0,58.720001220703125
2005-11-22,60.689998626708984,58.91999816894531,59.06999969482422,59.900001525878906,4109600.0,59.900001525878906
2005-11-23,60.189998626708984,58.099998474121094,60.0,59.02000045776367,3339400.0,59.02000045776367
2005-11-25,59.40999984741211,58.369998931884766,59.369998931884766,59.130001068115234,988600.0,59.130001068115234
2005-11-28,59.369998931884766,57.84000015258789,59.04999923706055,58.099998474121094,1649700.0,58.099998474121094
2005-11-29,58.400001525878906,55.84000015258789,58.220001220703125,56.34000015258789,6921000.0,56.34000015258789
2005-11-30,57.16999816894531,56.119998931884766,56.400001525878906,56.36000061035156,3223700.0,56.36000061035156
2005-12-01,58.0,56.599998474121094,56.95000076293945,57.400001525878906,2843400.0,57.400001525878906
2005-12-02,58.22999954223633,56.0,57.36000061035156,56.83000183105469,2306900.0,56.83000183105469
2005-12-05,57.0,55.20000076293945,56.900001525878906,56.25,3542200.0,56.25
2005-12-06,57.5,56.439998626708984,56.79999923706055,56.84000015258789,2670000.0,56.84000015258789
2005-12-07,57.36000061035156,56.09000015258789,56.54999923706055,56.59000015258789,2204600.0,56.59000015258789
2005-12-08,57.08000183105469,55.27000045776367,56.93000030517578,55.75,2784000.0,55.75
2005-12-09,56.27000045776367,54.439998626708984,54.86000061035156,55.13999938964844,5469100.0,55.13999938964844
2005-12-12,55.33000183105469,54.939998626708984,55.0,55.060001373291016,2432600.0,55.060001373291016
2005-12-13,55.400001525878906,54.779998779296875,55.20000076293945,55.13999938964844,2862800.0,55.13999938964844
2005-12-14,54.79999923706055,53.5099983215332,53.900001525878906,53.68000030517578,4009800.0,53.68000030517578
2005-12-15,54.150001525878906,52.849998474121094,53.349998474121094,53.31999969482422,3695800.0,53.31999969482422
2005-12-16,53.70000076293945,52.40999984741211,53.31999969482422,53.41999816894531,4561600.0,53.41999816894531
2005-12-19,54.27000045776367,52.15999984741211,53.5,52.25,2883400.0,52.25
2005-12-20,53.720001220703125,52.34000015258789,52.34000015258789,53.11000061035156,4890200.0,53.11000061035156
2005-12-21,54.75,52.41999816894531,53.349998474121094,53.459999084472656,14695200.0,53.459999084472656
2005-12-22,54.13999938964844,53.400001525878906,53.599998474121094,53.7599983215332,3586900.0,53.7599983215332
2005-12-23,53.95000076293945,53.150001525878906,53.880001068115234,53.369998931884766,1674200.0,53.369998931884766
2005-12-27,53.779998779296875,52.20000076293945,53.310001373291016,52.459999084472656,2526100.0,52.459999084472656
2005-12-28,53.150001525878906,52.209999084472656,52.709999084472656,52.540000915527344,1846300.0,52.540000915527344
2005-12-29,52.849998474121094,52.25,52.43000030517578,52.43000030517578,2108400.0,52.43000030517578
2005-12-30,52.77000045776367,52.119998931884766,52.119998931884766,52.310001373291016,2062700.0,52.310001373291016
2006-01-03,53.630001068115234,50.970001220703125,52.439998626708984,53.34000015258789,4937800.0,53.34000015258789
2006-01-04,54.72999954223633,53.470001220703125,53.75,54.59000015258789,4148600.0,54.59000015258789
2006-01-05,56.0,54.97999954223633,55.349998474121094,55.84000015258789,4225000.0,55.84000015258789
2006-01-06,57.20000076293945,55.619998931884766,56.0,56.560001373291016,3843000.0,56.560001373291016
2006-01-09,56.4900016784668,55.79999923706055,56.34000015258789,56.119998931884766,2599600.0,56.119998931884766
2006-01-10,56.15999984741211,55.36000061035156,55.52000045776367,55.900001525878906,2751900.0,55.900001525878906
2006-01-11,58.380001068115234,55.7400016784668,55.7400016784668,58.189998626708984,4766500.0,58.189998626708984
2006-01-12,58.59000015258789,56.86000061035156,57.959999084472656,57.16999816894531,2935800.0,57.16999816894531
2006-01-13,57.54999923706055,56.84000015258789,57.369998931884766,57.189998626708984,1279200.0,57.189998626708984
2006-01-17,57.2400016784668,55.81999969482422,56.5099983215332,56.20000076293945,2625100.0,56.20000076293945
2006-01-18,57.72999954223633,55.75,55.7599983215332,56.9900016784668,3366300.0,56.9900016784668
2006-01-19,56.939998626708984,55.90999984741211,56.66999816894531,56.45000076293945,2283300.0,56.45000076293945
2006-01-20,56.72999954223633,54.83000183105469,56.33000183105469,54.91999816894531,2692100.0,54.91999816894531
2006-01-23,55.06999969482422,54.29999923706055,54.880001068115234,54.84000015258789,2587100.0,54.84000015258789
2006-01-24,55.65999984741211,54.650001525878906,54.81999969482422,55.540000915527344,2764700.0,55.540000915527344
2006-01-25,55.630001068115234,54.34000015258789,55.189998626708984,54.939998626708984,1625700.0,54.939998626708984
2006-01-26,57.0,55.400001525878906,55.63999938964844,56.88999938964844,3055900.0,56.88999938964844
2006-01-27,56.970001220703125,56.220001220703125,56.630001068115234,56.810001373291016,2856300.0,56.810001373291016
2006-01-30,57.81999969482422,56.31999969482422,56.72999954223633,56.349998474121094,2921100.0,56.349998474121094
2006-01-31,56.65999984741211,54.18000030517578,56.459999084472656,54.58000183105469,4663600.0,54.58000183105469
2006-02-01,55.119998931884766,53.88999938964844,54.29999923706055,54.7599983215332,2836500.0,54.7599983215332
2006-02-02,54.84000015258789,52.2400016784668,54.29999923706055,53.58000183105469,7811900.0,53.58000183105469
2006-02-03,55.20000076293945,52.81999969482422,55.20000076293945,53.13999938964844,7771400.0,53.13999938964844
2006-02-06,55.0,53.880001068115234,54.75,54.220001220703125,3359000.0,54.220001220703125
2006-02-07,54.7599983215332,53.5,54.060001373291016,53.9900016784668,2527800.0,53.9900016784668
2006-02-08,54.34000015258789,53.45000076293945,53.91999816894531,54.34000015258789,1485200.0,54.34000015258789
2006-02-09,54.65999984741211,52.54999923706055,54.349998474121094,53.02000045776367,3088800.0,53.02000045776367
2006-02-10,54.43000030517578,52.599998474121094,53.040000915527344,53.880001068115234,3250500.0,53.880001068115234
2006-02-13,54.5,53.34000015258789,53.599998474121094,54.209999084472656,1636000.0,54.209999084472656
2006-02-14,54.720001220703125,52.869998931884766,54.369998931884766,53.119998931884766,2644200.0,53.119998931884766
2006-02-15,53.630001068115234,52.380001068115234,52.88999938964844,52.79999923706055,2849700.0,52.79999923706055
2006-02-16,53.04999923706055,51.97999954223633,52.70000076293945,52.349998474121094,3750800.0,52.349998474121094
2006-02-17,52.40999984741211,51.79999923706055,52.279998779296875,52.0099983215332,4354200.0,52.0099983215332
2006-02-21,52.06999969482422,50.709999084472656,52.0,51.04999923706055,4017200.0,51.04999923706055
2006-02-22,52.09000015258789,50.5,50.619998931884766,51.43000030517578,3458800.0,51.43000030517578
2006-02-23,51.43000030517578,50.52000045776367,51.43000030517578,51.029998779296875,3559800.0,51.029998779296875
2006-02-24,51.83000183105469,50.790000915527344,50.90999984741211,51.790000915527344,2540900.0,51.790000915527344
2006-02-27,53.599998474121094,51.560001373291016,51.709999084472656,53.02000045776367,4257000.0,53.02000045776367
2006-02-28,52.81999969482422,51.4900016784668,52.790000915527344,51.970001220703125,3627300.0,51.970001220703125
2006-03-01,52.36000061035156,51.5099983215332,51.959999084472656,52.029998779296875,2968700.0,52.029998779296875
2006-03-02,52.790000915527344,51.709999084472656,52.189998626708984,52.68000030517578,2875800.0,52.68000030517578
2006-03-03,53.38999938964844,52.099998474121094,52.150001525878906,52.209999084472656,2694100.0,52.209999084472656
2006-03-06,52.2599983215332,50.79999923706055,52.189998626708984,51.13999938964844,2760700.0,51.13999938964844
2006-03-07,51.56999969482422,50.13999938964844,50.790000915527344,51.349998474121094,3327800.0,51.349998474121094
2006-03-08,51.70000076293945,50.66999816894531,51.099998474121094,51.33000183105469,2601100.0,51.33000183105469
2006-03-09,51.630001068115234,50.72999954223633,51.189998626708984,50.849998474121094,1544600.0,50.849998474121094
2006-03-10,51.41999816894531,50.29999923706055,50.9900016784668,50.63999938964844,3594600.0,50.63999938964844
2006-03-13,51.75,50.29999923706055,50.5099983215332,51.66999816894531,4411500.0,51.66999816894531
2006-03-14,53.650001525878906,51.099998474121094,51.75,52.939998626708984,7670000.0,52.939998626708984
2006-03-15,54.810001373291016,53.59000015258789,53.900001525878906,54.45000076293945,5620600.0,54.45000076293945
2006-03-16,54.900001525878906,52.900001525878906,54.41999816894531,53.0099983215332,2787000.0,53.0099983215332
2006-03-17,53.529998779296875,52.31999969482422,53.33000183105469,52.58000183105469,3562500.0,52.58000183105469
2006-03-20,53.22999954223633,52.439998626708984,52.88999938964844,52.66999816894531,1604000.0,52.66999816894531
2006-03-21,55.2400016784668,53.709999084472656,53.720001220703125,53.720001220703125,6307100.0,53.720001220703125
2006-03-22,53.65999984741211,52.459999084472656,53.5,52.93000030517578,4875800.0,52.93000030517578
2006-03-23,52.900001525878906,51.79999923706055,52.630001068115234,52.47999954223633,3441000.0,52.47999954223633
2006-03-24,52.88999938964844,52.38999938964844,52.63999938964844,52.58000183105469,3698100.0,52.58000183105469
2006-03-27,53.0099983215332,52.08000183105469,52.56999969482422,52.290000915527344,3104200.0,52.290000915527344
2006-03-28,52.72999954223633,51.900001525878906,52.47999954223633,52.119998931884766,2470100.0,52.119998931884766
2006-03-29,53.279998779296875,51.88999938964844,51.88999938964844,52.599998474121094,3218200.0,52.599998474121094
2006-03-30,54.279998779296875,52.81999969482422,52.83000183105469,54.189998626708984,3463100.0,54.189998626708984
2006-03-31,54.970001220703125,53.900001525878906,54.029998779296875,54.720001220703125,2869200.0,54.720001220703125
2006-04-03,55.36000061035156,54.68000030517578,54.93000030517578,55.0099983215332,2943700.0,55.0099983215332
2006-04-04,55.16999816894531,54.33000183105469,54.9900016784668,54.93000030517578,2359700.0,54.93000030517578
2006-04-05,54.88999938964844,54.099998474121094,54.689998626708984,54.54999923706055,2227900.0,54.54999923706055
2006-04-06,55.630001068115234,54.52000045776367,54.689998626708984,55.290000915527344,2076500.0,55.290000915527344
2006-04-07,56.38999938964844,55.31999969482422,55.70000076293945,55.650001525878906,5452500.0,55.650001525878906
2006-04-10,55.599998474121094,54.650001525878906,55.43000030517578,54.900001525878906,1733900.0,54.900001525878906
2006-04-11,55.189998626708984,53.63999938964844,55.189998626708984,54.41999816894531,1988200.0,54.41999816894531
2006-04-12,55.720001220703125,54.4900016784668,54.5099983215332,55.380001068115234,2236000.0,55.380001068115234
2006-04-13,55.77000045776367,54.79999923706055,55.15999984741211,55.060001373291016,1274700.0,55.060001373291016
2006-04-17,55.349998474121094,54.130001068115234,54.810001373291016,54.38999938964844,2076900.0,54.38999938964844
2006-04-18,56.439998626708984,54.290000915527344,54.38999938964844,56.0099983215332,3979000.0,56.0099983215332
2006-04-19,56.560001373291016,55.619998931884766,55.90999984741211,56.400001525878906,2306400.0,56.400001525878906
2006-04-20,57.130001068115234,56.040000915527344,56.459999084472656,56.939998626708984,2571800.0,56.939998626708984
2006-04-21,57.29999923706055,55.33000183105469,57.0,55.75,3389200.0,55.75
2006-04-24,56.099998474121094,54.5,55.79999923706055,54.880001068115234,3986100.0,54.880001068115234
2006-04-25,55.380001068115234,54.540000915527344,54.869998931884766,54.869998931884766,1358700.0,54.869998931884766
2006-04-26,56.709999084472656,54.81999969482422,54.939998626708984,55.25,2273100.0,55.25
2006-04-27,57.79999923706055,55.09000015258789,55.25,57.29999923706055,4328300.0,57.29999923706055
2006-04-28,57.540000915527344,56.709999084472656,57.060001373291016,56.79999923706055,2344400.0,56.79999923706055
2006-05-01,57.20000076293945,54.54999923706055,56.7599983215332,54.900001525878906,3373300.0,54.900001525878906
2006-05-02,55.16999816894531,54.029998779296875,54.93000030517578,54.540000915527344,3250400.0,54.540000915527344
2006-05-03,54.70000076293945,53.470001220703125,54.5,54.5,6851100.0,54.5
2006-05-04,49.380001068115234,47.13999938964844,48.689998626708984,48.54999923706055,23414500.0,48.54999923706055
2006-05-05,48.79999923706055,47.65999984741211,48.400001525878906,47.849998474121094,5793900.0,47.849998474121094
2006-05-08,48.0,46.83000183105469,47.849998474121094,47.38999938964844,5041000.0,47.38999938964844
2006-05-09,49.0,47.11000061035156,47.5099983215332,47.54999923706055,5654900.0,47.54999923706055
2006-05-10,48.150001525878906,47.47999954223633,47.7599983215332,47.97999954223633,4203900.0,47.97999954223633
2006-05-11,48.040000915527344,46.0,47.810001373291016,46.20000076293945,4095300.0,46.20000076293945
2006-05-12,46.54999923706055,44.70000076293945,46.529998779296875,44.959999084472656,7708400.0,44.959999084472656
2006-05-15,45.33000183105469,44.150001525878906,44.939998626708984,44.65999984741211,4481100.0,44.65999984741211
2006-05-16,45.40999984741211,43.18000030517578,44.9900016784668,43.2400016784668,6923800.0,43.2400016784668
2006-05-17,43.099998474121094,41.90999984741211,42.599998474121094,42.18000030517578,9301300.0,42.18000030517578
2006-05-18,42.560001373291016,41.63999938964844,42.31999969482422,42.220001220703125,5984700.0,42.220001220703125
2006-05-19,42.95000076293945,41.77000045776367,42.400001525878906,42.52000045776367,7054900.0,42.52000045776367
2006-05-22,43.720001220703125,42.599998474121094,42.720001220703125,42.880001068115234,7100500.0,42.880001068115234
2006-05-23,44.06999969482422,42.65999984741211,43.18000030517578,42.689998626708984,3984900.0,42.689998626708984
2006-05-24,44.099998474121094,42.439998626708984,42.5099983215332,44.0,3542100.0,44.0
2006-05-25,44.81999969482422,43.349998474121094,44.81999969482422,44.20000076293945,5209300.0,44.20000076293945
2006-05-26,44.400001525878906,43.75,44.400001525878906,44.25,2046100.0,44.25
2006-05-30,44.0,42.25,43.86000061035156,42.369998931884766,3329000.0,42.369998931884766
2006-05-31,42.70000076293945,41.849998474121094,42.310001373291016,42.06999969482422,4721600.0,42.06999969482422
2006-06-01,42.400001525878906,41.2400016784668,42.04999923706055,41.869998931884766,6828900.0,41.869998931884766
2006-06-02,43.470001220703125,42.189998626708984,43.09000015258789,42.40999984741211,4744200.0,42.40999984741211
2006-06-05,42.54999923706055,41.099998474121094,42.29999923706055,41.18000030517578,2699700.0,41.18000030517578
2006-06-06,41.400001525878906,39.9900016784668,41.27000045776367,40.880001068115234,4390300.0,40.880001068115234
2006-06-07,42.540000915527344,41.0099983215332,41.150001525878906,41.2599983215332,4743400.0,41.2599983215332
2006-06-08,42.869998931884766,41.060001373291016,41.060001373291016,42.380001068115234,6188200.0,42.380001068115234
2006-06-09,43.45000076293945,42.5,42.68000030517578,42.75,4173700.0,42.75
2006-06-12,43.15999984741211,42.400001525878906,42.900001525878906,42.41999816894531,3260700.0,42.41999816894531
2006-06-13,43.099998474121094,42.310001373291016,42.31999969482422,42.52000045776367,3399300.0,42.52000045776367
2006-06-14,42.58000183105469,40.150001525878906,42.54999923706055,41.11000061035156,5772900.0,41.11000061035156
2006-06-15,42.13999938964844,41.119998931884766,41.150001525878906,41.959999084472656,3923700.0,41.959999084472656
2006-06-16,42.45000076293945,41.709999084472656,41.779998779296875,42.29999923706055,3649600.0,42.29999923706055
2006-06-19,42.5,40.66999816894531,42.43000030517578,41.209999084472656,3215900.0,41.209999084472656
2006-06-20,42.20000076293945,41.349998474121094,41.849998474121094,41.40999984741211,3491500.0,41.40999984741211
2006-06-21,42.38999938964844,41.66999816894531,42.0,41.959999084472656,3228900.0,41.959999084472656
2006-06-22,42.02000045776367,40.7599983215332,41.68000030517578,41.02000045776367,3694500.0,41.02000045776367
2006-06-23,42.20000076293945,40.880001068115234,41.029998779296875,41.20000076293945,2691500.0,41.20000076293945
2006-06-26,41.9900016784668,41.119998931884766,41.599998474121094,41.41999816894531,1303700.0,41.41999816894531
2006-06-27,42.02000045776367,40.540000915527344,41.43000030517578,41.29999923706055,2894000.0,41.29999923706055
2006-06-28,41.95000076293945,41.099998474121094,41.29999923706055,41.380001068115234,2351500.0,41.380001068115234
2006-06-29,43.619998931884766,41.650001525878906,41.720001220703125,43.470001220703125,3075900.0,43.470001220703125
2006-06-30,44.25,42.91999816894531,43.84000015258789,43.040000915527344,4804300.0,43.040000915527344
2006-07-03,43.5099983215332,42.849998474121094,43.040000915527344,43.43000030517578,1041600.0,43.43000030517578
2006-07-05,43.369998931884766,42.66999816894531,43.040000915527344,42.810001373291016,3206500.0,42.810001373291016
2006-07-06,43.20000076293945,41.650001525878906,43.0,41.880001068115234,2809400.0,41.880001068115234
2006-07-07,42.47999954223633,41.369998931884766,41.630001068115234,42.040000915527344,2061500.0,42.040000915527344
2006-07-10,42.61000061035156,41.939998626708984,42.060001373291016,42.31999969482422,3555700.0,42.31999969482422
2006-07-11,42.29999923706055,41.63999938964844,41.939998626708984,42.029998779296875,3201500.0,42.029998779296875
2006-07-12,42.709999084472656,41.56999969482422,42.13999938964844,42.599998474121094,2906400.0,42.599998474121094
2006-07-13,44.290000915527344,42.36000061035156,42.45000076293945,43.52000045776367,6269400.0,43.52000045776367
2006-07-14,46.04999923706055,44.88999938964844,45.0,45.310001373291016,6786600.0,45.310001373291016
2006-07-17,45.689998626708984,44.54999923706055,45.189998626708984,45.150001525878906,3138600.0,45.150001525878906
2006-07-18,46.040000915527344,44.47999954223633,45.029998779296875,44.9900016784668,2899400.0,44.9900016784668
2006-07-19,46.25,44.9900016784668,45.27000045776367,45.970001220703125,3286600.0,45.970001220703125
2006-07-20,46.150001525878906,44.939998626708984,45.880001068115234,45.040000915527344,2653200.0,45.040000915527344
2006-07-21,45.47999954223633,44.58000183105469,44.72999954223633,44.939998626708984,2422000.0,44.939998626708984
2006-07-24,46.0,45.04999923706055,45.130001068115234,45.720001220703125,2893000.0,45.720001220703125
2006-07-25,48.63999938964844,45.75,45.900001525878906,47.880001068115234,6150600.0,47.880001068115234
2006-07-26,48.38999938964844,47.40999984741211,47.61000061035156,47.79999923706055,3050500.0,47.79999923706055
2006-07-27,48.16999816894531,46.529998779296875,47.709999084472656,46.84000015258789,3545400.0,46.84000015258789
2006-07-28,47.349998474121094,46.2599983215332,46.83000183105469,46.81999969482422,2308600.0,46.81999969482422
2006-07-31,47.56999969482422,46.04999923706055,46.7400016784668,47.11000061035156,2925900.0,47.11000061035156
2006-08-01,46.95000076293945,46.13999938964844,46.29999923706055,46.52000045776367,7350600.0,46.52000045776367
2006-08-02,50.7400016784668,48.099998474121094,48.880001068115234,50.119998931884766,10628300.0,50.119998931884766
2006-08-03,50.119998931884766,48.5099983215332,49.630001068115234,49.58000183105469,2733500.0,49.58000183105469
2006-08-04,51.0,48.04999923706055,50.650001525878906,48.56999969482422,4429100.0,48.56999969482422
2006-08-07,48.619998931884766,47.18000030517578,48.58000183105469,47.650001525878906,3368000.0,47.650001525878906
2006-08-08,48.25,47.0,47.97999954223633,47.61000061035156,2034700.0,47.61000061035156
2006-08-09,50.0,48.04999923706055,48.04999923706055,48.52000045776367,4774300.0,48.52000045776367
2006-08-10,48.900001525878906,47.68000030517578,48.630001068115234,48.47999954223633,2498600.0,48.47999954223633
2006-08-11,50.599998474121094,49.119998931884766,49.310001373291016,49.880001068115234,4155300.0,49.880001068115234
2006-08-14,50.41999816894531,48.81999969482422,50.25,48.91999816894531,2322500.0,48.91999816894531
2006-08-15,51.0,49.0099983215332,49.5099983215332,50.81999969482422,3600100.0,50.81999969482422
2006-08-16,51.75,50.29999923706055,51.0,51.63999938964844,3813600.0,51.63999938964844
2006-08-17,52.18000030517578,50.22999954223633,50.52000045776367,51.59000015258789,2409300.0,51.59000015258789
2006-08-18,51.810001373291016,50.38999938964844,51.77000045776367,51.290000915527344,2476600.0,51.290000915527344
2006-08-21,50.95000076293945,49.75,50.849998474121094,49.9900016784668,3263000.0,49.9900016784668
2006-08-22,51.72999954223633,50.25,50.369998931884766,50.68000030517578,3135600.0,50.68000030517578
2006-08-23,50.83000183105469,49.5099983215332,50.70000076293945,49.689998626708984,2071500.0,49.689998626708984
2006-08-24,50.18000030517578,48.290000915527344,50.18000030517578,49.150001525878906,3629700.0,49.150001525878906
2006-08-25,50.22999954223633,48.7599983215332,49.060001373291016,49.29999923706055,1500700.0,49.29999923706055
2006-08-28,50.29999923706055,48.84000015258789,49.540000915527344,49.959999084472656,1757900.0,49.959999084472656
2006-08-29,50.0,48.7599983215332,49.97999954223633,49.66999816894531,2328300.0,49.66999816894531
2006-08-30,50.84000015258789,48.939998626708984,49.720001220703125,50.70000076293945,4309900.0,50.70000076293945
2006-08-31,51.380001068115234,50.34000015258789,50.88999938964844,51.029998779296875,2796900.0,51.029998779296875
2006-09-01,52.5,51.04999923706055,51.65999984741211,51.2400016784668,2700200.0,51.2400016784668
2006-09-05,52.029998779296875,50.75,51.130001068115234,51.880001068115234,2613000.0,51.880001068115234
2006-09-06,51.79999923706055,50.31999969482422,50.43000030517578,51.220001220703125,3817900.0,51.220001220703125
2006-09-07,51.36000061035156,49.939998626708984,51.029998779296875,50.86000061035156,3503100.0,50.86000061035156
2006-09-08,53.45000076293945,51.0099983215332,51.31999969482422,52.5099983215332,5413400.0,52.5099983215332
2006-09-11,52.61000061035156,51.099998474121094,52.0,52.25,3383900.0,52.25
2006-09-12,54.849998474121094,51.66999816894531,52.439998626708984,54.45000076293945,6002800.0,54.45000076293945
2006-09-13,54.459999084472656,53.40999984741211,54.060001373291016,54.27000045776367,3931500.0,54.27000045776367
2006-09-14,54.130001068115234,52.720001220703125,54.04999923706055,53.38999938964844,4181800.0,53.38999938964844
2006-09-15,55.25,53.61000061035156,53.720001220703125,54.220001220703125,5236300.0,54.220001220703125
2006-09-18,54.869998931884766,53.349998474121094,54.02000045776367,53.810001373291016,2071700.0,53.810001373291016
2006-09-19,55.0,53.84000015258789,54.790000915527344,54.29999923706055,2855600.0,54.29999923706055
2006-09-20,56.029998779296875,54.630001068115234,55.0,56.0099983215332,3681600.0,56.0099983215332
2006-09-21,57.61000061035156,55.79999923706055,55.849998474121094,56.060001373291016,4945800.0,56.060001373291016
2006-09-22,57.58000183105469,56.29999923706055,56.650001525878906,56.91999816894531,5218500.0,56.91999816894531
2006-09-25,57.7400016784668,56.45000076293945,57.54999923706055,57.25,3620200.0,57.25
2006-09-26,57.66999816894531,56.63999938964844,57.099998474121094,57.13999938964844,2486200.0,57.13999938964844
2006-09-27,57.220001220703125,56.27000045776367,56.9900016784668,56.4900016784668,2396200.0,56.4900016784668
2006-09-28,56.880001068115234,55.29999923706055,56.7599983215332,55.83000183105469,3619700.0,55.83000183105469
2006-09-29,56.16999816894531,54.849998474121094,55.77000045776367,55.84000015258789,2205300.0,55.84000015258789
2006-10-02,56.099998474121094,53.529998779296875,56.099998474121094,53.70000076293945,5860800.0,53.70000076293945
2006-10-03,55.0,53.29999923706055,53.349998474121094,53.81999969482422,3021200.0,53.81999969482422
2006-10-04,55.25,53.650001525878906,53.810001373291016,55.04999923706055,2890600.0,55.04999923706055
2006-10-05,55.380001068115234,54.380001068115234,55.2400016784668,54.810001373291016,2417700.0,54.810001373291016
2006-10-06,55.02000045776367,54.04999923706055,55.0099983215332,54.560001373291016,1830200.0,54.560001373291016
2006-10-09,54.86000061035156,53.720001220703125,54.709999084472656,53.72999954223633,1898600.0,53.72999954223633
2006-10-10,55.09000015258789,53.06999969482422,53.93000030517578,54.900001525878906,3257100.0,54.900001525878906
2006-10-11,55.41999816894531,54.189998626708984,55.0,54.52000045776367,3550100.0,54.52000045776367
2006-10-12,56.13999938964844,54.7400016784668,54.9900016784668,55.91999816894531,2855800.0,55.91999816894531
2006-10-13,57.08000183105469,55.9900016784668,56.84000015258789,57.0,3431000.0,57.0
2006-10-16,57.459999084472656,56.060001373291016,56.959999084472656,56.11000061035156,3196900.0,56.11000061035156
2006-10-17,56.0099983215332,54.630001068115234,55.650001525878906,55.83000183105469,2416400.0,55.83000183105469
2006-10-18,56.619998931884766,55.150001525878906,56.25,56.5099983215332,2449700.0,56.5099983215332
2006-10-19,56.470001220703125,55.380001068115234,56.13999938964844,55.84000015258789,2481000.0,55.84000015258789
2006-10-20,56.310001373291016,55.349998474121094,55.939998626708984,56.029998779296875,3234000.0,56.029998779296875
2006-10-23,56.290000915527344,55.40999984741211,55.70000076293945,55.84000015258789,2757200.0,55.84000015258789
2006-10-24,55.540000915527344,53.56999969482422,55.25,55.060001373291016,4148900.0,55.060001373291016
2006-10-25,55.189998626708984,53.7599983215332,55.13999938964844,54.310001373291016,2849700.0,54.310001373291016
2006-10-26,55.349998474121094,53.9900016784668,55.099998474121094,54.720001220703125,2547100.0,54.720001220703125
2006-10-27,55.33000183105469,54.34000015258789,54.77000045776367,54.5099983215332,3016600.0,54.5099983215332
2006-10-30,54.79999923706055,53.20000076293945,54.66999816894531,53.720001220703125,4132500.0,53.720001220703125
2006-10-31,54.02000045776367,52.59000015258789,53.70000076293945,52.88999938964844,3852200.0,52.88999938964844
2006-11-01,53.459999084472656,52.380001068115234,52.88999938964844,52.7599983215332,4115900.0,52.7599983215332
2006-11-02,53.43000030517578,52.529998779296875,52.95000076293945,53.0,6084900.0,53.0
2006-11-03,59.849998474121094,57.939998626708984,58.13999938964844,59.2400016784668,15831900.0,59.2400016784668
2006-11-06,59.52000045776367,58.599998474121094,58.869998931884766,59.25,4515300.0,59.25
2006-11-07,59.380001068115234,58.04999923706055,59.0,58.529998779296875,4390000.0,58.529998779296875
2006-11-08,58.810001373291016,57.650001525878906,58.25,58.13999938964844,5318200.0,58.13999938964844
2006-11-09,58.709999084472656,57.34000015258789,57.900001525878906,57.91999816894531,3369500.0,57.91999816894531
2006-11-10,58.75,57.150001525878906,57.22999954223633,58.47999954223633,3033400.0,58.47999954223633
2006-11-13,59.2599983215332,58.11000061035156,58.61000061035156,58.38999938964844,2605300.0,58.38999938964844
2006-11-14,58.68000030517578,56.900001525878906,58.290000915527344,58.470001220703125,2791800.0,58.470001220703125
2006-11-15,58.84000015258789,57.90999984741211,58.38999938964844,58.65999984741211,3551600.0,58.65999984741211
2006-11-16,59.0099983215332,58.15999984741211,58.970001220703125,58.560001373291016,2913300.0,58.560001373291016
2006-11-17,59.099998474121094,58.209999084472656,58.400001525878906,58.650001525878906,2449300.0,58.650001525878906
2006-11-20,59.310001373291016,58.09000015258789,58.470001220703125,58.4900016784668,2050900.0,58.4900016784668
2006-11-21,58.529998779296875,57.77000045776367,58.439998626708984,58.41999816894531,2711600.0,58.41999816894531
2006-11-22,59.36000061035156,58.209999084472656,58.220001220703125,58.970001220703125,2401300.0,58.970001220703125
2006-11-24,58.81999969482422,58.290000915527344,58.720001220703125,58.41999816894531,833900.0,58.41999816894531
2006-11-27,58.540000915527344,56.36000061035156,58.16999816894531,56.86000061035156,4596500.0,56.86000061035156
2006-11-28,57.380001068115234,56.619998931884766,56.630001068115234,57.209999084472656,2565800.0,57.209999084472656
2006-11-29,57.79999923706055,56.189998626708984,57.13999938964844,56.77000045776367,3632400.0,56.77000045776367
2006-11-30,56.75,55.65999984741211,56.5,55.88999938964844,3837300.0,55.88999938964844
2006-12-01,56.06999969482422,54.400001525878906,55.66999816894531,55.22999954223633,3595100.0,55.22999954223633
2006-12-04,56.68000030517578,55.22999954223633,55.22999954223633,56.209999084472656,3294000.0,56.209999084472656
2006-12-05,56.66999816894531,54.41999816894531,56.560001373291016,55.349998474121094,6432700.0,55.349998474121094
2006-12-06,55.25,53.779998779296875,55.25,54.119998931884766,4270700.0,54.119998931884766
2006-12-07,55.0,53.56999969482422,54.34000015258789,53.95000076293945,3735000.0,53.95000076293945
2006-12-08,53.95000076293945,52.79999923706055,53.400001525878906,53.0,4488500.0,53.0
2006-12-11,53.040000915527344,51.869998931884766,52.70000076293945,52.25,4232000.0,52.25
2006-12-12,52.5099983215332,51.45000076293945,52.5099983215332,51.790000915527344,4169100.0,51.790000915527344
2006-12-13,53.380001068115234,51.970001220703125,52.0,52.619998931884766,6198200.0,52.619998931884766
2006-12-14,53.70000076293945,52.43000030517578,52.5099983215332,53.470001220703125,6176300.0,53.470001220703125
2006-12-15,54.47999954223633,53.38999938964844,53.849998474121094,53.849998474121094,4785300.0,53.849998474121094
2006-12-18,54.0,52.22999954223633,53.959999084472656,52.810001373291016,3646200.0,52.810001373291016
2006-12-19,53.02000045776367,52.16999816894531,52.22999954223633,52.65999984741211,2597200.0,52.65999984741211
2006-12-20,52.97999954223633,51.33000183105469,52.79999923706055,51.380001068115234,5127300.0,51.380001068115234
2006-12-21,52.29999923706055,51.310001373291016,51.45000076293945,51.79999923706055,4093600.0,51.79999923706055
2006-12-22,52.18000030517578,51.040000915527344,51.65999984741211,51.060001373291016,1946500.0,51.060001373291016
2006-12-26,51.36000061035156,50.91999816894531,51.04999923706055,51.119998931884766,1537200.0,51.119998931884766
2006-12-27,51.7599983215332,50.65999984741211,51.599998474121094,50.83000183105469,2455300.0,50.83000183105469
2006-12-28,51.209999084472656,50.459999084472656,50.65999984741211,50.66999816894531,2190300.0,50.66999816894531
2006-12-29,51.400001525878906,50.209999084472656,50.5,50.36000061035156,2644800.0,50.36000061035156
2007-01-03,52.70000076293945,49.689998626708984,50.7599983215332,51.04999923706055,8206600.0,51.04999923706055
2007-01-04,53.97999954223633,51.5,51.650001525878906,53.66999816894531,7824100.0,53.66999816894531
2007-01-05,53.630001068115234,52.349998474121094,53.29999923706055,53.06999969482422,5806900.0,53.06999969482422
2007-01-08,53.209999084472656,52.0099983215332,53.20000076293945,52.880001068115234,2693500.0,52.880001068115234
2007-01-09,53.709999084472656,52.380001068115234,53.040000915527344,52.70000076293945,2146300.0,52.70000076293945
2007-01-10,53.880001068115234,52.29999923706055,52.619998931884766,53.68000030517578,2422700.0,53.68000030517578
2007-01-11,54.43000030517578,52.20000076293945,54.43000030517578,52.470001220703125,3762100.0,52.470001220703125
2007-01-12,52.40999984741211,51.279998779296875,52.349998474121094,51.7599983215332,5586600.0,51.7599983215332
2007-01-16,52.27000045776367,50.849998474121094,51.90999984741211,50.970001220703125,3527700.0,50.970001220703125
2007-01-17,50.68000030517578,49.150001525878906,50.47999954223633,49.47999954223633,8710900.0,49.47999954223633
2007-01-18,50.79999923706055,50.040000915527344,50.4900016784668,50.099998474121094,6766000.0,50.099998474121094
2007-01-19,51.400001525878906,49.810001373291016,50.43000030517578,50.34000015258789,4767900.0,50.34000015258789
2007-01-22,50.5,48.72999954223633,50.4900016784668,49.470001220703125,4975000.0,49.470001220703125
2007-01-23,50.5099983215332,48.66999816894531,49.290000915527344,49.7599983215332,2850800.0,49.7599983215332
2007-01-24,50.779998779296875,49.79999923706055,49.90999984741211,50.34000015258789,3111700.0,50.34000015258789
2007-01-25,50.06999969482422,48.630001068115234,49.52000045776367,48.86000061035156,4127600.0,48.86000061035156
2007-01-26,49.279998779296875,47.959999084472656,49.150001525878906,48.220001220703125,5012700.0,48.220001220703125
2007-01-29,49.58000183105469,48.209999084472656,48.29999923706055,48.939998626708984,3231000.0,48.939998626708984
2007-01-30,49.779998779296875,48.83000183105469,49.650001525878906,49.310001373291016,3284100.0,49.310001373291016
2007-01-31,50.16999816894531,48.689998626708984,49.400001525878906,50.0,3367300.0,50.0
2007-02-01,51.11000061035156,50.25,50.81999969482422,50.540000915527344,7072500.0,50.540000915527344
2007-02-02,54.38999938964844,50.849998474121094,54.060001373291016,51.130001068115234,14152500.0,51.130001068115234
2007-02-05,50.540000915527344,49.61000061035156,50.40999984741211,50.040000915527344,4793300.0,50.040000915527344
2007-02-06,50.209999084472656,49.13999938964844,49.959999084472656,50.11000061035156,3811700.0,50.11000061035156
2007-02-07,50.810001373291016,49.5,50.25,50.11000061035156,3115700.0,50.11000061035156
2007-02-08,50.59000015258789,49.70000076293945,50.25,50.029998779296875,2365100.0,50.029998779296875
2007-02-09,50.25,49.459999084472656,50.25,49.47999954223633,2821600.0,49.47999954223633
2007-02-12,50.209999084472656,49.369998931884766,49.72999954223633,49.709999084472656,2216900.0,49.709999084472656
2007-02-13,50.0,49.33000183105469,49.540000915527344,49.91999816894531,1813500.0,49.91999816894531
2007-02-14,51.150001525878906,49.70000076293945,50.0,50.47999954223633,3212800.0,50.47999954223633
2007-02-15,50.400001525878906,49.70000076293945,50.27000045776367,50.11000061035156,2066100.0,50.11000061035156
2007-02-16,50.47999954223633,49.849998474121094,49.880001068115234,50.0099983215332,2458900.0,50.0099983215332
2007-02-20,52.279998779296875,50.56999969482422,51.209999084472656,51.79999923706055,5224600.0,51.79999923706055
2007-02-21,52.900001525878906,51.400001525878906,52.79999923706055,52.54999923706055,4751900.0,52.54999923706055
2007-02-22,53.16999816894531,52.43000030517578,52.84000015258789,53.040000915527344,3268500.0,53.040000915527344
2007-02-23,53.349998474121094,52.31999969482422,52.880001068115234,53.189998626708984,3026500.0,53.189998626708984
2007-02-26,53.79999923706055,51.650001525878906,53.4900016784668,51.959999084472656,3811300.0,51.959999084472656
2007-02-27,53.13999938964844,50.20000076293945,51.29999923706055,50.63999938964844,7169500.0,50.63999938964844
2007-02-28,51.31999969482422,50.099998474121094,50.310001373291016,50.41999816894531,3734000.0,50.41999816894531
2007-03-01,50.63999938964844,48.41999816894531,49.75,49.810001373291016,3823600.0,49.810001373291016
2007-03-02,49.959999084472656,49.09000015258789,49.279998779296875,49.099998474121094,3237100.0,49.099998474121094
2007-03-05,49.68000030517578,48.5,48.81999969482422,48.95000076293945,3181700.0,48.95000076293945
2007-03-06,49.900001525878906,48.70000076293945,49.27000045776367,49.63999938964844,3715900.0,49.63999938964844
2007-03-07,50.41999816894531,49.099998474121094,49.5,50.18000030517578,4567500.0,50.18000030517578
2007-03-08,51.2599983215332,49.95000076293945,50.5,50.31999969482422,3492100.0,50.31999969482422
2007-03-09,51.22999954223633,50.2400016784668,50.900001525878906,50.83000183105469,3054800.0,50.83000183105469
2007-03-12,51.540000915527344,50.70000076293945,50.790000915527344,50.9900016784668,1696300.0,50.9900016784668
2007-03-13,51.2400016784668,49.54999923706055,50.43000030517578,49.54999923706055,2973600.0,49.54999923706055
2007-03-14,50.2400016784668,49.029998779296875,49.5,50.22999954223633,2161100.0,50.22999954223633
2007-03-15,50.56999969482422,49.880001068115234,50.40999984741211,49.9900016784668,2240300.0,49.9900016784668
2007-03-16,49.810001373291016,48.7400016784668,49.720001220703125,48.91999816894531,4680800.0,48.91999816894531
2007-03-19,49.34000015258789,48.650001525878906,48.9900016784668,48.97999954223633,3046100.0,48.97999954223633
2007-03-20,49.470001220703125,48.77000045776367,48.95000076293945,49.33000183105469,1800300.0,49.33000183105469
2007-03-21,50.86000061035156,49.0099983215332,49.25,50.65999984741211,3318700.0,50.65999984741211
2007-03-22,50.9900016784668,49.65999984741211,50.9900016784668,50.2599983215332,3288500.0,50.2599983215332
2007-03-23,50.83000183105469,50.130001068115234,50.20000076293945,50.130001068115234,1552200.0,50.130001068115234
2007-03-26,50.400001525878906,49.29999923706055,49.970001220703125,50.34000015258789,2430300.0,50.34000015258789
2007-03-27,52.2400016784668,50.61000061035156,51.0099983215332,51.310001373291016,4300400.0,51.310001373291016
2007-03-28,52.029998779296875,50.810001373291016,50.810001373291016,51.790000915527344,3840800.0,51.790000915527344
2007-03-29,52.20000076293945,50.31999969482422,52.189998626708984,51.290000915527344,3632200.0,51.290000915527344
2007-03-30,51.29999923706055,50.119998931884766,51.29999923706055,50.36000061035156,2516600.0,50.36000061035156
2007-04-02,51.380001068115234,50.310001373291016,50.58000183105469,51.31999969482422,2553500.0,51.31999969482422
2007-04-03,52.18000030517578,51.2599983215332,51.45000076293945,51.43000030517578,2403600.0,51.43000030517578
2007-04-04,51.959999084472656,51.11000061035156,51.27000045776367,51.59000015258789,1627000.0,51.59000015258789
2007-04-05,52.04999923706055,51.279998779296875,51.380001068115234,51.939998626708984,1130600.0,51.939998626708984
2007-04-09,52.2400016784668,51.4900016784668,52.209999084472656,51.5,1720100.0,51.5
2007-04-10,53.0,51.279998779296875,51.369998931884766,52.95000076293945,3305800.0,52.95000076293945
2007-04-11,53.400001525878906,52.65999984741211,52.900001525878906,53.06999969482422,3905500.0,53.06999969482422
2007-04-12,53.2599983215332,52.540000915527344,52.86000061035156,53.130001068115234,3090400.0,53.130001068115234
2007-04-13,53.54999923706055,52.65999984741211,52.810001373291016,53.439998626708984,3486400.0,53.439998626708984
2007-04-16,54.439998626708984,53.36000061035156,53.459999084472656,53.90999984741211,2492200.0,53.90999984741211
2007-04-17,54.36000061035156,53.560001373291016,54.0,54.36000061035156,2878600.0,54.36000061035156
2007-04-18,54.66999816894531,53.599998474121094,54.220001220703125,54.2599983215332,3317400.0,54.2599983215332
2007-04-19,54.09000015258789,51.529998779296875,53.91999816894531,51.86000061035156,7443700.0,51.86000061035156
2007-04-20,52.25,51.0099983215332,51.95000076293945,51.810001373291016,5384300.0,51.810001373291016
2007-04-23,52.58000183105469,51.52000045776367,51.630001068115234,52.06999969482422,2480500.0,52.06999969482422
2007-04-24,52.79999923706055,51.900001525878906,52.43000030517578,52.22999954223633,3898800.0,52.22999954223633
2007-04-25,52.59000015258789,51.90999984741211,52.400001525878906,52.470001220703125,3198900.0,52.470001220703125
2007-04-26,52.5,51.7400016784668,51.91999816894531,52.349998474121094,2699700.0,52.349998474121094
2007-04-27,52.83000183105469,51.81999969482422,52.150001525878906,51.9900016784668,2467100.0,51.9900016784668
2007-04-30,52.029998779296875,50.38999938964844,51.900001525878906,50.40999984741211,3318200.0,50.40999984741211
2007-05-01,50.41999816894531,49.380001068115234,50.349998474121094,49.95000076293945,6025500.0,49.95000076293945
2007-05-02,51.7400016784668,49.95000076293945,50.0,51.380001068115234,5827200.0,51.380001068115234
2007-05-03,52.09000015258789,50.849998474121094,51.380001068115234,51.2599983215332,2895700.0,51.2599983215332
2007-05-04,52.099998474121094,51.36000061035156,51.619998931884766,51.650001525878906,2386600.0,51.650001525878906
2007-05-07,51.880001068115234,51.029998779296875,51.52000045776367,51.369998931884766,1730300.0,51.369998931884766
2007-05-08,52.939998626708984,51.29999923706055,51.790000915527344,52.939998626708984,6385300.0,52.939998626708984
2007-05-09,51.63999938964844,50.220001220703125,51.29999923706055,50.650001525878906,9403300.0,50.650001525878906
2007-05-10,50.650001525878906,49.599998474121094,50.5,49.900001525878906,4799500.0,49.900001525878906
2007-05-11,50.2400016784668,49.720001220703125,49.970001220703125,50.06999969482422,3013100.0,50.06999969482422
2007-05-14,50.849998474121094,49.56999969482422,50.33000183105469,49.77000045776367,3819300.0,49.77000045776367
2007-05-15,50.06999969482422,48.63999938964844,50.040000915527344,48.70000076293945,4926500.0,48.70000076293945
2007-05-16,49.34000015258789,48.47999954223633,48.869998931884766,49.13999938964844,5761100.0,49.13999938964844
2007-05-17,49.06999969482422,48.18000030517578,48.900001525878906,48.40999984741211,4249700.0,48.40999984741211
2007-05-18,49.099998474121094,48.0,48.45000076293945,48.58000183105469,4182500.0,48.58000183105469
2007-05-21,49.5,48.34000015258789,48.34000015258789,49.209999084472656,2279000.0,49.209999084472656
2007-05-22,49.43000030517578,48.61000061035156,49.27000045776367,48.95000076293945,3744900.0,48.95000076293945
2007-05-23,48.95000076293945,48.150001525878906,48.95000076293945,48.209999084472656,2706900.0,48.209999084472656
2007-05-24,48.150001525878906,46.27000045776367,48.0099983215332,46.619998931884766,8498100.0,46.619998931884766
2007-05-25,47.90999984741211,46.79999923706055,46.880001068115234,47.869998931884766,5137900.0,47.869998931884766
2007-05-29,48.869998931884766,47.790000915527344,47.88999938964844,48.45000076293945,5314800.0,48.45000076293945
2007-05-30,49.439998626708984,47.86000061035156,48.0099983215332,49.33000183105469,4747500.0,49.33000183105469
2007-05-31,49.560001373291016,48.470001220703125,49.540000915527344,48.869998931884766,3429700.0,48.869998931884766
2007-06-01,49.279998779296875,48.400001525878906,48.849998474121094,48.439998626708984,2200500.0,48.439998626708984
2007-06-04,49.68000030517578,48.150001525878906,48.52000045776367,49.5099983215332,3965100.0,49.5099983215332
2007-06-05,50.25,48.70000076293945,49.209999084472656,50.099998474121094,3971600.0,50.099998474121094
2007-06-06,50.5,49.68000030517578,49.900001525878906,50.220001220703125,4419000.0,50.220001220703125
2007-06-07,50.040000915527344,48.119998931884766,49.470001220703125,48.45000076293945,4594200.0,48.45000076293945
2007-06-08,49.310001373291016,48.02000045776367,48.029998779296875,49.130001068115234,3940500.0,49.130001068115234
2007-06-11,49.29999923706055,48.52000045776367,49.11000061035156,48.869998931884766,2896700.0,48.869998931884766
2007-06-12,48.79999923706055,47.72999954223633,48.7599983215332,47.83000183105469,4405500.0,47.83000183105469
2007-06-13,49.150001525878906,47.529998779296875,47.880001068115234,49.09000015258789,3172500.0,49.09000015258789
2007-06-14,49.66999816894531,48.86000061035156,48.9900016784668,49.060001373291016,2846800.0,49.060001373291016
2007-06-15,50.52000045776367,48.900001525878906,49.689998626708984,50.4900016784668,6379000.0,50.4900016784668
2007-06-18,50.40999984741211,49.66999816894531,50.20000076293945,49.709999084472656,2952700.0,49.709999084472656
2007-06-19,49.79999923706055,48.810001373291016,49.66999816894531,48.97999954223633,3749100.0,48.97999954223633
2007-06-20,49.13999938964844,47.95000076293945,49.13999938964844,48.0099983215332,4113600.0,48.0099983215332
2007-06-21,48.59000015258789,47.45000076293945,47.93000030517578,48.0,3956300.0,48.0
2007-06-22,48.849998474121094,48.0099983215332,48.25,48.56999969482422,2775100.0,48.56999969482422
2007-06-25,48.619998931884766,47.33000183105469,48.40999984741211,47.459999084472656,4287200.0,47.459999084472656
2007-06-26,47.81999969482422,47.16999816894531,47.560001373291016,47.540000915527344,4032100.0,47.540000915527344
2007-06-27,47.77000045776367,47.0,47.06999969482422,47.72999954223633,2188100.0,47.72999954223633
2007-06-28,48.11000061035156,47.4900016784668,47.4900016784668,47.599998474121094,2559300.0,47.599998474121094
2007-06-29,48.119998931884766,47.06999969482422,47.52000045776367,47.31999969482422,3089200.0,47.31999969482422
2007-07-02,48.59000015258789,47.689998626708984,47.95000076293945,48.16999816894531,2276000.0,48.16999816894531
2007-07-03,48.7400016784668,47.970001220703125,48.20000076293945,48.7400016784668,1340500.0,48.7400016784668
2007-07-05,51.36000061035156,48.650001525878906,48.650001525878906,50.900001525878906,7021800.0,50.900001525878906
2007-07-06,51.11000061035156,50.09000015258789,50.29999923706055,50.900001525878906,3696300.0,50.900001525878906
2007-07-09,51.630001068115234,49.790000915527344,51.599998474121094,50.349998474121094,4418600.0,50.349998474121094
2007-07-10,51.06999969482422,49.33000183105469,50.119998931884766,49.439998626708984,3852000.0,49.439998626708984
2007-07-11,49.779998779296875,49.0099983215332,49.45000076293945,49.599998474121094,3134900.0,49.599998474121094
2007-07-12,49.68000030517578,48.4900016784668,49.5099983215332,48.84000015258789,5694400.0,48.84000015258789
2007-07-13,49.09000015258789,48.06999969482422,48.599998474121094,48.25,3580300.0,48.25
2007-07-16,48.54999923706055,47.869998931884766,48.0099983215332,48.09000015258789,3169700.0,48.09000015258789
2007-07-17,49.56999969482422,48.02000045776367,48.09000015258789,49.470001220703125,4990700.0,49.470001220703125
2007-07-18,50.060001373291016,48.689998626708984,49.40999984741211,50.060001373291016,5284600.0,50.060001373291016
2007-07-19,52.22999954223633,50.060001373291016,50.060001373291016,52.02000045776367,7119300.0,52.02000045776367
2007-07-20,52.099998474121094,51.400001525878906,51.97999954223633,51.869998931884766,5012400.0,51.869998931884766
2007-07-23,52.599998474121094,51.709999084472656,51.91999816894531,51.849998474121094,2992100.0,51.849998474121094
2007-07-24,51.529998779296875,50.439998626708984,51.09000015258789,50.939998626708984,5184200.0,50.939998626708984
2007-07-25,51.75,50.810001373291016,51.06999969482422,51.65999984741211,3380500.0,51.65999984741211
2007-07-26,51.150001525878906,49.7599983215332,50.83000183105469,50.650001525878906,5781500.0,50.650001525878906
2007-07-27,50.869998931884766,49.83000183105469,50.779998779296875,49.83000183105469,4630200.0,49.83000183105469
2007-07-30,50.18000030517578,49.2400016784668,49.7400016784668,49.61000061035156,3690500.0,49.61000061035156
2007-07-31,50.11000061035156,48.63999938964844,50.11000061035156,48.63999938964844,4069600.0,48.63999938964844
2007-08-01,49.54999923706055,47.540000915527344,48.529998779296875,48.099998474121094,6915700.0,48.099998474121094
2007-08-02,51.959999084472656,48.54999923706055,48.790000915527344,51.560001373291016,9783800.0,51.560001373291016
2007-08-03,52.29999923706055,49.97999954223633,51.849998474121094,50.040000915527344,5578300.0,50.040000915527344
2007-08-06,52.849998474121094,50.849998474121094,51.189998626708984,52.84000015258789,5557900.0,52.84000015258789
2007-08-07,54.56999969482422,51.869998931884766,52.86000061035156,54.18000030517578,5201300.0,54.18000030517578
2007-08-08,54.83000183105469,53.619998931884766,54.0,54.20000076293945,4666800.0,54.20000076293945
2007-08-09,55.349998474121094,53.38999938964844,53.790000915527344,54.16999816894531,5296800.0,54.16999816894531
2007-08-10,54.810001373291016,52.25,53.29999923706055,53.279998779296875,4165400.0,53.279998779296875
2007-08-13,53.5,51.75,53.5,51.959999084472656,3316500.0,51.959999084472656
2007-08-14,52.220001220703125,51.43000030517578,52.220001220703125,51.54999923706055,2601600.0,51.54999923706055
2007-08-15,52.29999923706055,50.0,51.40999984741211,50.040000915527344,5322500.0,50.040000915527344
2007-08-16,51.20000076293945,49.43000030517578,49.849998474121094,50.79999923706055,4740500.0,50.79999923706055
2007-08-17,52.59000015258789,51.11000061035156,51.11000061035156,52.470001220703125,4692800.0,52.470001220703125
2007-08-20,52.59000015258789,50.86000061035156,52.290000915527344,51.83000183105469,2538300.0,51.83000183105469
2007-08-21,52.61000061035156,51.5,51.59000015258789,51.959999084472656,3512900.0,51.959999084472656
2007-08-22,53.220001220703125,51.540000915527344,52.02000045776367,51.84000015258789,2412300.0,51.84000015258789
2007-08-23,53.4900016784668,52.0,52.70000076293945,52.689998626708984,3561500.0,52.689998626708984
2007-08-24,52.79999923706055,51.70000076293945,52.56999969482422,52.54999923706055,2337500.0,52.54999923706055
2007-08-27,52.84000015258789,51.95000076293945,52.380001068115234,52.560001373291016,1470800.0,52.560001373291016
2007-08-28,52.560001373291016,51.459999084472656,52.15999984741211,51.5,2260800.0,51.5
2007-08-29,52.4900016784668,51.0,51.689998626708984,52.36000061035156,2084600.0,52.36000061035156
2007-08-30,53.97999954223633,52.08000183105469,52.16999816894531,53.16999816894531,2829800.0,53.16999816894531
2007-08-31,53.599998474121094,52.77000045776367,53.599998474121094,52.939998626708984,2081800.0,52.939998626708984
2007-09-04,54.25,52.25,52.56999969482422,53.869998931884766,2820500.0,53.869998931884766
2007-09-05,53.65999984741211,52.27000045776367,53.27000045776367,52.86000061035156,2675600.0,52.86000061035156
2007-09-06,53.630001068115234,51.97999954223633,53.150001525878906,53.290000915527344,2097900.0,53.290000915527344
2007-09-07,53.41999816894531,51.13999938964844,52.43000030517578,51.36000061035156,2761300.0,51.36000061035156
2007-09-10,52.41999816894531,50.79999923706055,51.2599983215332,51.849998474121094,1995100.0,51.849998474121094
2007-09-11,54.470001220703125,52.02000045776367,52.099998474121094,54.099998474121094,3273600.0,54.099998474121094
2007-09-12,53.970001220703125,53.209999084472656,53.810001373291016,53.310001373291016,3748800.0,53.310001373291016
2007-09-13,54.4900016784668,53.060001373291016,53.72999954223633,54.11000061035156,2064900.0,54.11000061035156
2007-09-14,55.0099983215332,53.41999816894531,53.97999954223633,54.7599983215332,3054800.0,54.7599983215332
2007-09-17,54.79999923706055,52.900001525878906,54.349998474121094,53.72999954223633,2603900.0,53.72999954223633
2007-09-18,55.720001220703125,54.06999969482422,54.189998626708984,55.720001220703125,3471500.0,55.720001220703125
2007-09-19,56.0,55.08000183105469,55.7599983215332,55.560001373291016,1937500.0,55.560001373291016
2007-09-20,57.08000183105469,55.18000030517578,55.290000915527344,56.41999816894531,2902000.0,56.41999816894531
2007-09-21,56.810001373291016,55.63999938964844,56.72999954223633,55.939998626708984,3999700.0,55.939998626708984
2007-09-24,55.95000076293945,54.7400016784668,55.81999969482422,55.04999923706055,2339700.0,55.04999923706055
2007-09-25,55.5,54.29999923706055,54.650001525878906,55.06999969482422,2466600.0,55.06999969482422
2007-09-26,56.099998474121094,55.0,55.15999984741211,55.66999816894531,1994300.0,55.66999816894531
2007-09-27,56.75,55.810001373291016,55.959999084472656,56.25,1563400.0,56.25
2007-09-28,56.900001525878906,55.400001525878906,56.4900016784668,55.9900016784668,2086000.0,55.9900016784668
2007-10-01,58.380001068115234,55.4900016784668,55.529998779296875,58.220001220703125,3676300.0,58.220001220703125
2007-10-02,58.709999084472656,58.08000183105469,58.08000183105469,58.349998474121094,2421100.0,58.349998474121094
2007-10-03,58.970001220703125,57.970001220703125,58.0,58.599998474121094,2082500.0,58.599998474121094
2007-10-04,58.75,58.0,58.5,58.40999984741211,3652200.0,58.40999984741211
2007-10-05,59.5,57.650001525878906,58.189998626708984,58.959999084472656,3519200.0,58.959999084472656
2007-10-08,58.689998626708984,57.810001373291016,58.5,58.5099983215332,2272200.0,58.5099983215332
2007-10-09,60.25,58.0,59.09000015258789,59.939998626708984,4080100.0,59.939998626708984
2007-10-10,60.2400016784668,59.20000076293945,59.86000061035156,59.90999984741211,2463800.0,59.90999984741211
2007-10-11,60.349998474121094,58.540000915527344,59.90999984741211,58.689998626708984,2409000.0,58.689998626708984
2007-10-12,61.619998931884766,59.52000045776367,59.7599983215332,61.400001525878906,5744900.0,61.400001525878906
2007-10-15,61.400001525878906,59.95000076293945,60.93000030517578,60.310001373291016,2800800.0,60.310001373291016
2007-10-16,60.220001220703125,59.0099983215332,59.66999816894531,59.630001068115234,2675200.0,59.630001068115234
2007-10-17,60.470001220703125,58.689998626708984,60.150001525878906,59.95000076293945,3445200.0,59.95000076293945
2007-10-18,60.22999954223633,58.90999984741211,60.0,59.470001220703125,2018300.0,59.470001220703125
2007-10-19,59.560001373291016,57.439998626708984,59.470001220703125,57.619998931884766,3485600.0,57.619998931884766
2007-10-22,59.0,57.029998779296875,57.029998779296875,58.209999084472656,2311700.0,58.209999084472656
2007-10-23,59.400001525878906,57.150001525878906,58.04999923706055,57.540000915527344,4639700.0,57.540000915527344
2007-10-24,57.900001525878906,55.880001068115234,57.20000076293945,57.25,3842200.0,57.25
2007-10-25,59.0,56.439998626708984,57.77000045776367,56.849998474121094,3444800.0,56.849998474121094
2007-10-26,58.52000045776367,57.27000045776367,57.7599983215332,58.08000183105469,3243600.0,58.08000183105469
2007-10-29,58.47999954223633,57.18000030517578,58.11000061035156,57.2599983215332,2681400.0,57.2599983215332
2007-10-30,59.349998474121094,56.900001525878906,57.13999938964844,59.0,4163600.0,59.0
2007-10-31,61.290000915527344,59.68000030517578,59.79999923706055,61.119998931884766,6244200.0,61.119998931884766
2007-11-01,61.04999923706055,57.88999938964844,61.0099983215332,58.7400016784668,8037200.0,58.7400016784668
2007-11-02,61.5,58.75,60.349998474121094,60.459999084472656,6494400.0,60.459999084472656
2007-11-05,59.720001220703125,57.880001068115234,59.5099983215332,58.7599983215332,3651100.0,58.7599983215332
2007-11-06,59.2599983215332,57.90999984741211,58.75,58.529998779296875,2680700.0,58.529998779296875
2007-11-07,58.88999938964844,57.79999923706055,58.41999816894531,58.0,3798900.0,58.0
2007-11-08,58.459999084472656,56.040000915527344,58.0,57.13999938964844,4463400.0,57.13999938964844
2007-11-09,57.11000061035156,55.459999084472656,56.25,55.72999954223633,5131700.0,55.72999954223633
2007-11-12,56.72999954223633,55.0,56.099998474121094,55.0,3524900.0,55.0
2007-11-13,57.43000030517578,54.33000183105469,55.209999084472656,57.380001068115234,5053700.0,57.380001068115234
2007-11-14,57.470001220703125,55.5099983215332,57.02000045776367,55.560001373291016,3257800.0,55.560001373291016
2007-11-15,57.310001373291016,55.25,55.5,56.290000915527344,3036500.0,56.290000915527344
2007-11-16,57.029998779296875,56.0,56.2599983215332,56.56999969482422,3006300.0,56.56999969482422
2007-11-19,57.11000061035156,55.31999969482422,56.56999969482422,55.75,2665400.0,55.75
2007-11-20,56.189998626708984,53.810001373291016,55.04999923706055,55.0,3192700.0,55.0
2007-11-21,55.369998931884766,53.279998779296875,55.25,53.810001373291016,3056400.0,53.810001373291016
2007-11-23,54.540000915527344,53.529998779296875,53.869998931884766,54.290000915527344,802300.0,54.290000915527344
2007-11-26,55.18000030517578,53.77000045776367,54.459999084472656,53.779998779296875,2638800.0,53.779998779296875
2007-11-27,55.869998931884766,54.04999923706055,54.060001373291016,55.099998474121094,3729600.0,55.099998474121094
2007-11-28,57.75,55.43000030517578,56.0,57.290000915527344,4094700.0,57.290000915527344
2007-11-29,57.79999923706055,56.61000061035156,57.290000915527344,56.83000183105469,3728700.0,56.83000183105469
2007-11-30,57.4900016784668,55.91999816894531,57.290000915527344,56.189998626708984,4830400.0,56.189998626708984
2007-12-03,56.83000183105469,54.79999923706055,56.25,55.130001068115234,4462500.0,55.130001068115234
2007-12-04,55.2599983215332,54.06999969482422,54.52000045776367,54.41999816894531,3462600.0,54.41999816894531
2007-12-05,55.2400016784668,54.040000915527344,54.52000045776367,54.709999084472656,4611900.0,54.709999084472656
2007-12-06,54.88999938964844,54.060001373291016,54.88999938964844,54.58000183105469,2627500.0,54.58000183105469
2007-12-07,55.13999938964844,53.959999084472656,54.810001373291016,54.04999923706055,3549000.0,54.04999923706055
2007-12-10,55.95000076293945,53.9900016784668,54.13999938964844,55.7400016784668,2364500.0,55.7400016784668
2007-12-11,56.81999969482422,55.47999954223633,55.61000061035156,55.65999984741211,3303100.0,55.65999984741211
2007-12-12,56.88999938964844,55.25,55.72999954223633,55.93000030517578,3262900.0,55.93000030517578
2007-12-13,57.439998626708984,55.529998779296875,55.79999923706055,57.33000183105469,3759900.0,57.33000183105469
2007-12-14,58.5,56.63999938964844,57.040000915527344,58.08000183105469,3512700.0,58.08000183105469
2007-12-17,58.11000061035156,55.939998626708984,57.9900016784668,56.84000015258789,4509300.0,56.84000015258789
2007-12-18,58.099998474121094,56.95000076293945,57.5099983215332,57.13999938964844,2608900.0,57.13999938964844
2007-12-19,58.83000183105469,57.16999816894531,57.31999969482422,58.560001373291016,2880700.0,58.560001373291016
2007-12-20,59.2400016784668,58.13999938964844,59.0,59.220001220703125,2338400.0,59.220001220703125
2007-12-21,59.70000076293945,58.029998779296875,59.540000915527344,58.93000030517578,5176400.0,58.93000030517578
2007-12-24,59.54999923706055,58.43000030517578,58.56999969482422,59.38999938964844,830100.0,59.38999938964844
2007-12-26,60.349998474121094,59.540000915527344,59.540000915527344,60.02000045776367,1749800.0,60.02000045776367
2007-12-27,60.04999923706055,58.63999938964844,60.04999923706055,58.68000030517578,1731900.0,58.68000030517578
2007-12-28,59.2400016784668,58.15999984741211,58.849998474121094,58.560001373291016,1868200.0,58.560001373291016
2007-12-31,58.880001068115234,58.0,58.209999084472656,58.40999984741211,1137200.0,58.40999984741211
2008-01-02,58.349998474121094,56.22999954223633,58.029998779296875,56.7599983215332,2957600.0,56.7599983215332
2008-01-03,57.099998474121094,55.75,56.65999984741211,56.13999938964844,2438200.0,56.13999938964844
2008-01-04,56.5,54.2599983215332,56.08000183105469,54.5099983215332,2640400.0,54.5099983215332
2008-01-07,55.02000045776367,53.66999816894531,54.61000061035156,54.029998779296875,4676400.0,54.029998779296875
2008-01-08,55.970001220703125,53.5,54.33000183105469,53.5,3782800.0,53.5
2008-01-09,55.29999923706055,53.0099983215332,53.720001220703125,53.25,5004800.0,53.25
2008-01-10,54.119998931884766,52.47999954223633,53.29999923706055,53.720001220703125,4575500.0,53.720001220703125
2008-01-11,53.599998474121094,52.25,53.209999084472656,52.86000061035156,4079700.0,52.86000061035156
2008-01-14,53.939998626708984,52.849998474121094,53.27000045776367,53.31999969482422,2246900.0,53.31999969482422
2008-01-15,53.290000915527344,51.470001220703125,52.689998626708984,51.470001220703125,4064700.0,51.470001220703125
2008-01-16,51.470001220703125,49.45000076293945,51.40999984741211,49.959999084472656,8174700.0,49.959999084472656
2008-01-17,51.18000030517578,49.529998779296875,49.529998779296875,50.599998474121094,5893500.0,50.599998474121094
2008-01-18,51.34000015258789,49.09000015258789,49.86000061035156,49.41999816894531,7838200.0,49.41999816894531
2008-01-22,50.0099983215332,46.349998474121094,47.04999923706055,49.4900016784668,6720300.0,49.4900016784668
2008-01-23,48.459999084472656,45.79999923706055,46.54999923706055,48.06999969482422,10178500.0,48.06999969482422
2008-01-24,49.470001220703125,46.869998931884766,48.20000076293945,49.459999084472656,6207400.0,49.459999084472656
2008-01-25,50.0,47.13999938964844,49.939998626708984,47.220001220703125,4722200.0,47.220001220703125
2008-01-28,47.529998779296875,45.83000183105469,47.0099983215332,46.189998626708984,5838800.0,46.189998626708984
2008-01-29,46.31999969482422,44.22999954223633,46.13999938964844,45.56999969482422,8248400.0,45.56999969482422
2008-01-30,48.459999084472656,46.52000045776367,46.709999084472656,47.22999954223633,7941700.0,47.22999954223633
2008-01-31,47.68000030517578,45.599998474121094,46.5,47.369998931884766,6898500.0,47.369998931884766
2008-02-01,49.0,46.34000015258789,46.61000061035156,48.619998931884766,9309800.0,48.619998931884766
2008-02-04,48.970001220703125,46.5,48.38999938964844,46.5,5651300.0,46.5
2008-02-05,46.13999938964844,44.849998474121094,45.529998779296875,45.40999984741211,8001600.0,45.40999984741211
2008-02-06,45.689998626708984,44.25,45.689998626708984,44.40999984741211,5967200.0,44.40999984741211
2008-02-07,45.380001068115234,43.619998931884766,44.560001373291016,44.779998779296875,7200000.0,44.779998779296875
2008-02-08,44.97999954223633,44.040000915527344,44.439998626708984,44.56999969482422,5628200.0,44.56999969482422
2008-02-11,46.349998474121094,44.59000015258789,44.900001525878906,46.349998474121094,4854300.0,46.349998474121094
2008-02-12,49.95000076293945,45.849998474121094,46.70000076293945,48.849998474121094,13668300.0,48.849998474121094
2008-02-13,49.970001220703125,48.58000183105469,49.25,48.869998931884766,8045800.0,48.869998931884766
2008-02-14,49.150001525878906,47.88999938964844,49.150001525878906,48.43000030517578,4924200.0,48.43000030517578
2008-02-15,48.9900016784668,47.9900016784668,48.25,48.720001220703125,2679800.0,48.720001220703125
2008-02-19,49.61000061035156,48.560001373291016,49.279998779296875,48.900001525878906,3777100.0,48.900001525878906
2008-02-20,49.5,48.43000030517578,48.7400016784668,49.5,3616900.0,49.5
2008-02-21,50.15999984741211,48.790000915527344,49.4900016784668,48.95000076293945,3647500.0,48.95000076293945
2008-02-22,49.84000015258789,48.709999084472656,49.2599983215332,49.7400016784668,3630800.0,49.7400016784668
2008-02-25,49.13999938964844,46.5,48.29999923706055,47.13999938964844,12723300.0,47.13999938964844
2008-02-26,48.08000183105469,46.5099983215332,47.04999923706055,47.93000030517578,6072500.0,47.93000030517578
2008-02-27,48.33000183105469,47.13999938964844,47.880001068115234,47.36000061035156,4015600.0,47.36000061035156
2008-02-28,47.689998626708984,47.02000045776367,47.119998931884766,47.22999954223633,3163300.0,47.22999954223633
2008-02-29,47.310001373291016,45.58000183105469,46.34000015258789,47.290000915527344,6277400.0,47.290000915527344
2008-03-03,48.2599983215332,46.81999969482422,47.06999969482422,47.720001220703125,4748000.0,47.720001220703125
2008-03-04,47.29999923706055,46.20000076293945,47.2400016784668,47.04999923706055,4461100.0,47.04999923706055
2008-03-05,47.900001525878906,46.52000045776367,46.630001068115234,47.529998779296875,2843500.0,47.529998779296875
2008-03-06,48.380001068115234,46.7599983215332,47.56999969482422,46.779998779296875,3174800.0,46.779998779296875
2008-03-07,47.36000061035156,45.63999938964844,46.630001068115234,46.310001373291016,3963600.0,46.310001373291016
2008-03-10,46.290000915527344,44.68000030517578,46.290000915527344,44.68000030517578,4542500.0,44.68000030517578
2008-03-11,47.130001068115234,45.25,45.310001373291016,47.119998931884766,4294800.0,47.119998931884766
2008-03-12,48.15999984741211,47.0099983215332,47.720001220703125,47.22999954223633,2775900.0,47.22999954223633
2008-03-13,47.70000076293945,45.849998474121094,46.880001068115234,47.2599983215332,2919700.0,47.2599983215332
2008-03-14,48.66999816894531,46.220001220703125,47.16999816894531,46.90999984741211,3993800.0,46.90999984741211
2008-03-17,47.15999984741211,45.4900016784668,46.88999938964844,45.86000061035156,4851900.0,45.86000061035156
2008-03-18,47.060001373291016,45.47999954223633,46.29999923706055,46.970001220703125,3557200.0,46.970001220703125
2008-03-19,48.41999816894531,46.869998931884766,47.38999938964844,46.869998931884766,2504600.0,46.869998931884766
2008-03-20,48.459999084472656,46.38999938964844,47.099998474121094,48.459999084472656,4172900.0,48.459999084472656
2008-03-24,50.209999084472656,48.279998779296875,48.400001525878906,49.689998626708984,3609600.0,49.689998626708984
2008-03-25,51.08000183105469,50.0,50.33000183105469,50.18000030517578,4070500.0,50.18000030517578
2008-03-26,49.689998626708984,48.84000015258789,49.56999969482422,49.459999084472656,2702200.0,49.459999084472656
2008-03-27,49.4900016784668,48.02000045776367,49.349998474121094,48.150001525878906,3179900.0,48.150001525878906
2008-03-28,49.68000030517578,48.619998931884766,48.70000076293945,49.34000015258789,3644400.0,49.34000015258789
2008-03-31,50.27000045776367,49.130001068115234,49.369998931884766,49.91999816894531,3163500.0,49.91999816894531
2008-04-01,51.959999084472656,50.36000061035156,51.0,51.93000030517578,3934400.0,51.93000030517578
2008-04-02,52.189998626708984,50.95000076293945,51.34000015258789,51.47999954223633,3061300.0,51.47999954223633
2008-04-03,51.869998931884766,50.72999954223633,51.40999984741211,50.849998474121094,3113500.0,50.849998474121094
2008-04-04,52.279998779296875,50.689998626708984,50.810001373291016,51.939998626708984,3583000.0,51.939998626708984
2008-04-07,52.83000183105469,51.86000061035156,52.349998474121094,52.29999923706055,3490700.0,52.29999923706055
2008-04-08,52.810001373291016,51.869998931884766,51.869998931884766,52.439998626708984,2707900.0,52.439998626708984
2008-04-09,52.61000061035156,50.45000076293945,52.61000061035156,51.0099983215332,2904700.0,51.0099983215332
2008-04-10,51.86000061035156,50.380001068115234,51.040000915527344,51.349998474121094,1976600.0,51.349998474121094
2008-04-11,51.439998626708984,49.869998931884766,51.400001525878906,50.209999084472656,3245300.0,50.209999084472656
2008-04-14,50.900001525878906,49.56999969482422,50.0,50.33000183105469,2263900.0,50.33000183105469
2008-04-15,51.150001525878906,50.20000076293945,50.5,50.880001068115234,2707200.0,50.880001068115234
2008-04-16,52.119998931884766,50.900001525878906,51.13999938964844,52.02000045776367,3296500.0,52.02000045776367
2008-04-17,52.86000061035156,50.970001220703125,52.33000183105469,51.459999084472656,3051700.0,51.459999084472656
2008-04-18,53.0,51.7599983215332,52.63999938964844,52.0099983215332,4872000.0,52.0099983215332
2008-04-21,52.369998931884766,51.36000061035156,51.38999938964844,52.060001373291016,2631400.0,52.060001373291016
2008-04-22,52.06999969482422,51.29999923706055,51.599998474121094,51.91999816894531,1632700.0,51.91999816894531
2008-04-23,52.619998931884766,51.41999816894531,52.619998931884766,51.810001373291016,2532000.0,51.810001373291016
2008-04-24,52.02000045776367,51.18000030517578,51.70000076293945,51.4900016784668,3283400.0,51.4900016784668
2008-04-25,51.970001220703125,50.90999984741211,51.43000030517578,51.529998779296875,3507300.0,51.529998779296875
2008-04-28,52.040000915527344,51.349998474121094,52.040000915527344,51.83000183105469,1981100.0,51.83000183105469
2008-04-29,52.2599983215332,51.380001068115234,51.52000045776367,51.68000030517578,2557400.0,51.68000030517578
2008-04-30,52.45000076293945,51.2400016784668,51.880001068115234,51.470001220703125,2015700.0,51.470001220703125
2008-05-01,53.2599983215332,51.2599983215332,51.31999969482422,53.189998626708984,2868300.0,53.189998626708984
2008-05-02,54.11000061035156,52.689998626708984,53.529998779296875,53.16999816894531,3497700.0,53.16999816894531
2008-05-05,53.29999923706055,52.02000045776367,52.93000030517578,52.09000015258789,1612100.0,52.09000015258789
2008-05-06,52.439998626708984,51.560001373291016,51.95000076293945,52.18000030517578,2545200.0,52.18000030517578
2008-05-07,52.900001525878906,51.810001373291016,52.040000915527344,52.11000061035156,2382300.0,52.11000061035156
2008-05-08,53.22999954223633,52.02000045776367,52.40999984741211,52.58000183105469,2035400.0,52.58000183105469
2008-05-09,53.150001525878906,51.7599983215332,52.099998474121094,52.61000061035156,2506900.0,52.61000061035156
2008-05-12,54.5,52.130001068115234,52.77000045776367,54.27000045776367,5688800.0,54.27000045776367
2008-05-13,54.810001373291016,52.58000183105469,54.20000076293945,54.56999969482422,7575800.0,54.56999969482422
2008-05-14,54.56999969482422,52.349998474121094,54.20000076293945,52.779998779296875,8837200.0,52.779998779296875
2008-05-15,52.95000076293945,51.029998779296875,52.5,51.52000045776367,7054600.0,51.52000045776367
2008-05-16,51.83000183105469,49.08000183105469,51.77000045776367,49.599998474121094,10216000.0,49.599998474121094
2008-05-19,49.869998931884766,47.810001373291016,49.529998779296875,48.43000030517578,6404600.0,48.43000030517578
2008-05-20,49.34000015258789,48.040000915527344,48.38999938964844,49.04999923706055,6766700.0,49.04999923706055
2008-05-21,50.38999938964844,48.7400016784668,49.380001068115234,48.95000076293945,4716400.0,48.95000076293945
2008-05-22,49.16999816894531,48.45000076293945,49.099998474121094,48.650001525878906,2780800.0,48.650001525878906
2008-05-23,48.869998931884766,48.16999816894531,48.369998931884766,48.34000015258789,2549600.0,48.34000015258789
2008-05-27,49.84000015258789,48.189998626708984,48.189998626708984,49.66999816894531,3025600.0,49.66999816894531
2008-05-28,49.66999816894531,48.630001068115234,49.5099983215332,49.08000183105469,2980600.0,49.08000183105469
2008-05-29,50.380001068115234,48.9900016784668,49.0099983215332,50.04999923706055,3302200.0,50.04999923706055
2008-05-30,50.54999923706055,49.939998626708984,50.060001373291016,50.20000076293945,3212400.0,50.20000076293945
2008-06-02,50.099998474121094,48.560001373291016,50.0,49.029998779296875,3388400.0,49.029998779296875
2008-06-03,49.43000030517578,48.150001525878906,49.13999938964844,48.56999969482422,3950100.0,48.56999969482422
2008-06-04,49.529998779296875,48.189998626708984,48.59000015258789,48.93000030517578,3103600.0,48.93000030517578
2008-06-05,49.7400016784668,48.7599983215332,49.400001525878906,49.540000915527344,2393000.0,49.540000915527344
2008-06-06,49.369998931884766,47.540000915527344,49.060001373291016,47.54999923706055,3318400.0,47.54999923706055
2008-06-09,47.689998626708984,46.529998779296875,47.540000915527344,46.93000030517578,3801500.0,46.93000030517578
2008-06-10,46.970001220703125,45.9900016784668,46.540000915527344,46.15999984741211,5614900.0,46.15999984741211
2008-06-11,46.5,45.599998474121094,46.04999923706055,46.06999969482422,4016100.0,46.06999969482422
2008-06-12,46.959999084472656,45.5,46.650001525878906,45.9900016784668,3357600.0,45.9900016784668
2008-06-13,47.33000183105469,46.36000061035156,46.47999954223633,46.9900016784668,3156500.0,46.9900016784668
2008-06-16,47.380001068115234,46.349998474121094,46.95000076293945,47.060001373291016,2258800.0,47.060001373291016
2008-06-17,47.220001220703125,46.18000030517578,47.150001525878906,46.7599983215332,3431700.0,46.7599983215332
2008-06-18,47.439998626708984,46.2599983215332,46.36000061035156,46.959999084472656,3088800.0,46.959999084472656
2008-06-19,48.54999923706055,46.599998474121094,47.15999984741211,48.439998626708984,4159700.0,48.439998626708984
2008-06-20,48.34000015258789,46.900001525878906,48.34000015258789,46.939998626708984,5238900.0,46.939998626708984
2008-06-23,47.119998931884766,46.0,46.959999084472656,46.040000915527344,2864600.0,46.040000915527344
2008-06-24,46.720001220703125,45.41999816894531,46.0,46.13999938964844,3204700.0,46.13999938964844
2008-06-25,46.61000061035156,45.65999984741211,46.439998626708984,45.83000183105469,3657300.0,45.83000183105469
2008-06-26,45.849998474121094,44.099998474121094,45.5,44.38999938964844,6822100.0,44.38999938964844
2008-06-27,44.7599983215332,43.459999084472656,44.25,43.939998626708984,5402000.0,43.939998626708984
2008-06-30,45.790000915527344,44.06999969482422,45.099998474121094,44.43000030517578,5421500.0,44.43000030517578
2008-07-01,45.41999816894531,43.97999954223633,44.119998931884766,45.41999816894531,4898300.0,45.41999816894531
2008-07-02,45.54999923706055,43.599998474121094,45.349998474121094,43.619998931884766,4634800.0,43.619998931884766
2008-07-03,44.59000015258789,43.43000030517578,43.97999954223633,43.97999954223633,2283600.0,43.97999954223633
2008-07-07,45.369998931884766,43.77000045776367,43.77000045776367,44.380001068115234,4887400.0,44.380001068115234
2008-07-08,46.36000061035156,44.25,44.38999938964844,46.31999969482422,4557500.0,46.31999969482422
2008-07-09,46.45000076293945,44.41999816894531,46.16999816894531,44.470001220703125,4843600.0,44.470001220703125
2008-07-10,45.709999084472656,43.88999938964844,44.29999923706055,45.150001525878906,4147400.0,45.150001525878906
2008-07-11,45.060001373291016,43.130001068115234,44.84000015258789,44.099998474121094,4868000.0,44.099998474121094
2008-07-14,45.0,44.18000030517578,44.310001373291016,44.34000015258789,2917600.0,44.34000015258789
2008-07-15,44.900001525878906,43.369998931884766,44.2400016784668,44.560001373291016,6497800.0,44.560001373291016
2008-07-16,46.310001373291016,44.599998474121094,44.75,46.0,5360700.0,46.0
2008-07-17,48.22999954223633,46.0099983215332,46.22999954223633,47.86000061035156,7058800.0,47.86000061035156
2008-07-18,48.70000076293945,46.970001220703125,47.970001220703125,48.459999084472656,5092600.0,48.459999084472656
2008-07-21,48.86000061035156,47.97999954223633,48.68000030517578,48.150001525878906,4849100.0,48.150001525878906
2008-07-22,48.560001373291016,47.68000030517578,47.79999923706055,48.130001068115234,4451800.0,48.130001068115234
2008-07-23,49.36000061035156,48.16999816894531,48.40999984741211,49.06999969482422,3257400.0,49.06999969482422
2008-07-24,49.099998474121094,47.0,49.099998474121094,47.220001220703125,4493500.0,47.220001220703125
2008-07-25,48.369998931884766,47.47999954223633,47.91999816894531,47.72999954223633,4116500.0,47.72999954223633
2008-07-28,47.95000076293945,45.81999969482422,47.369998931884766,46.04999923706055,4958500.0,46.04999923706055
2008-07-29,47.66999816894531,45.91999816894531,46.650001525878906,47.400001525878906,6517500.0,47.400001525878906
2008-07-30,44.40999984741211,42.470001220703125,44.060001373291016,44.290000915527344,14765900.0,44.290000915527344
2008-07-31,44.0,42.900001525878906,43.93000030517578,43.18000030517578,5297000.0,43.18000030517578
2008-08-01,43.66999816894531,42.5099983215332,43.470001220703125,42.900001525878906,5138400.0,42.900001525878906
2008-08-04,42.790000915527344,41.16999816894531,42.560001373291016,41.79999923706055,6454300.0,41.79999923706055
2008-08-05,43.970001220703125,42.119998931884766,42.220001220703125,43.83000183105469,5806200.0,43.83000183105469
2008-08-06,45.5,43.279998779296875,43.29999923706055,45.47999954223633,6092900.0,45.47999954223633
2008-08-07,46.72999954223633,45.08000183105469,45.400001525878906,45.97999954223633,5838500.0,45.97999954223633
2008-08-08,47.18000030517578,45.790000915527344,46.25,46.650001525878906,4436500.0,46.650001525878906
2008-08-11,48.22999954223633,46.290000915527344,46.70000076293945,47.52000045776367,4044100.0,47.52000045776367
2008-08-12,48.9900016784668,47.2599983215332,47.31999969482422,48.56999969482422,5195300.0,48.56999969482422
2008-08-13,48.709999084472656,47.34000015258789,48.15999984741211,48.459999084472656,4820300.0,48.459999084472656
2008-08-14,49.27000045776367,47.79999923706055,48.0,48.599998474121094,3817600.0,48.599998474121094
2008-08-15,48.560001373291016,46.68000030517578,48.470001220703125,48.2400016784668,5032900.0,48.2400016784668
2008-08-18,48.970001220703125,47.029998779296875,48.41999816894531,47.7599983215332,3653200.0,47.7599983215332
2008-08-19,47.91999816894531,46.060001373291016,47.650001525878906,46.43000030517578,5090100.0,46.43000030517578
2008-08-20,47.75,46.04999923706055,46.66999816894531,47.060001373291016,4682400.0,47.060001373291016
2008-08-21,47.099998474121094,46.119998931884766,46.880001068115234,46.939998626708984,2543400.0,46.939998626708984
2008-08-22,47.97999954223633,46.81999969482422,46.81999969482422,47.75,2282100.0,47.75
2008-08-25,47.959999084472656,46.689998626708984,47.90999984741211,46.81999969482422,2814500.0,46.81999969482422
2008-08-26,47.84000015258789,46.779998779296875,46.86000061035156,47.2400016784668,3055000.0,47.2400016784668
2008-08-27,48.38999938964844,47.02000045776367,47.040000915527344,48.040000915527344,2638500.0,48.040000915527344
2008-08-28,49.61000061035156,47.779998779296875,47.79999923706055,48.880001068115234,3002500.0,48.880001068115234
2008-08-29,48.91999816894531,47.97999954223633,48.29999923706055,48.810001373291016,3056800.0,48.810001373291016
2008-09-02,50.16999816894531,48.61000061035156,49.65999984741211,48.970001220703125,4515300.0,48.970001220703125
2008-09-03,49.18000030517578,46.95000076293945,48.9900016784668,47.61000061035156,4531200.0,47.61000061035156
2008-09-04,47.61000061035156,46.0,47.45000076293945,46.0,3740600.0,46.0
2008-09-05,46.709999084472656,45.06999969482422,45.7400016784668,46.47999954223633,4785400.0,46.47999954223633
2008-09-08,46.720001220703125,44.939998626708984,45.650001525878906,45.939998626708984,6113500.0,45.939998626708984
2008-09-09,46.68000030517578,44.099998474121094,46.130001068115234,44.209999084472656,6511600.0,44.209999084472656
2008-09-10,45.95000076293945,44.75,45.189998626708984,45.599998474121094,5434400.0,45.599998474121094
2008-09-11,45.709999084472656,44.56999969482422,45.290000915527344,45.560001373291016,4091700.0,45.560001373291016
2008-09-12,45.20000076293945,43.79999923706055,44.08000183105469,44.9900016784668,4141700.0,44.9900016784668
2008-09-15,44.5,42.720001220703125,43.61000061035156,43.29999923706055,4940500.0,43.29999923706055
2008-09-16,44.310001373291016,42.189998626708984,43.41999816894531,42.959999084472656,8043600.0,42.959999084472656
2008-09-17,43.810001373291016,41.0,42.54999923706055,41.040000915527344,8744900.0,41.040000915527344
2008-09-18,43.869998931884766,41.15999984741211,42.04999923706055,43.790000915527344,7713700.0,43.790000915527344
2008-09-19,45.099998474121094,41.84000015258789,45.08000183105469,43.41999816894531,9930900.0,43.41999816894531
2008-09-22,43.77000045776367,40.72999954223633,43.52000045776367,40.79999923706055,5500600.0,40.79999923706055
2008-09-23,41.779998779296875,39.31999969482422,41.13999938964844,40.060001373291016,5801500.0,40.060001373291016
2008-09-24,40.150001525878906,38.36000061035156,39.150001525878906,39.459999084472656,6812100.0,39.459999084472656
2008-09-25,40.61000061035156,39.06999969482422,39.5,39.22999954223633,5289700.0,39.22999954223633
2008-09-26,39.77000045776367,38.5,38.77000045776367,39.630001068115234,7508100.0,39.630001068115234
2008-09-29,39.560001373291016,36.0,39.220001220703125,36.0,6695100.0,36.0
2008-09-30,37.5,35.099998474121094,37.099998474121094,36.9900016784668,9531100.0,36.9900016784668
2008-10-01,36.7599983215332,34.470001220703125,36.65999984741211,34.970001220703125,6927700.0,34.970001220703125
2008-10-02,35.43000030517578,33.81999969482422,34.90999984741211,33.970001220703125,7870000.0,33.970001220703125
2008-10-03,34.66999816894531,32.2400016784668,34.66999816894531,32.68000030517578,11605800.0,32.68000030517578
2008-10-06,32.36000061035156,28.8799991607666,31.6299991607666,30.809999465942383,10908600.0,30.809999465942383
2008-10-07,32.040000915527344,28.780000686645508,31.780000686645508,29.110000610351562,8478100.0,29.110000610351562
2008-10-08,30.93000030517578,28.299999237060547,28.56999969482422,28.989999771118164,9524500.0,28.989999771118164
2008-10-09,29.979999542236328,27.639999389648438,29.209999084472656,27.799999237060547,6470700.0,27.799999237060547
2008-10-10,29.34000015258789,26.209999084472656,27.5,27.989999771118164,12733600.0,27.989999771118164
2008-10-13,31.520000457763672,28.8700008392334,28.979999542236328,31.270000457763672,7244400.0,31.270000457763672
2008-10-14,33.119998931884766,29.40999984741211,32.52000045776367,29.6299991607666,7323900.0,29.6299991607666
2008-10-15,29.6299991607666,26.450000762939453,29.149999618530273,26.530000686645508,5273700.0,26.530000686645508
2008-10-16,27.520000457763672,24.559999465942383,27.510000228881836,27.489999771118164,8700600.0,27.489999771118164
2008-10-17,30.8700008392334,26.979999542236328,27.260000228881836,29.790000915527344,8404500.0,29.790000915527344
2008-10-20,31.1200008392334,28.889999389648438,30.399999618530273,31.110000610351562,5382300.0,31.110000610351562
2008-10-21,30.459999084472656,28.15999984741211,30.299999237060547,28.18000030517578,4550500.0,28.18000030517578
2008-10-22,28.229999542236328,25.90999984741211,28.079999923706055,26.739999771118164,4460700.0,26.739999771118164
2008-10-23,27.760000228881836,25.299999237060547,26.59000015258789,26.790000915527344,6187900.0,26.790000915527344
2008-10-24,26.389999389648438,24.75,24.959999084472656,24.770000457763672,5676400.0,24.770000457763672
2008-10-27,24.739999771118164,22.729999542236328,24.489999771118164,22.799999237060547,6697300.0,22.799999237060547
2008-10-28,26.809999465942383,23.389999389648438,23.389999389648438,26.6200008392334,7666300.0,26.6200008392334
2008-10-29,29.399999618530273,25.809999465942383,26.229999542236328,28.040000915527344,7480300.0,28.040000915527344
2008-10-30,29.260000228881836,26.5,29.1299991607666,27.729999542236328,7332100.0,27.729999542236328
2008-10-31,24.649999618530273,21.90999984741211,23.860000610351562,22.780000686645508,25463100.0,22.780000686645508
2008-11-03,23.59000015258789,22.799999237060547,22.989999771118164,23.18000030517578,8962700.0,23.18000030517578
2008-11-04,24.899999618530273,22.8799991607666,23.760000228881836,23.399999618530273,7799100.0,23.399999618530273
2008-11-05,24.0,22.350000381469727,23.489999771118164,22.3700008392334,8818900.0,22.3700008392334
2008-11-06,22.809999465942383,21.6200008392334,22.290000915527344,22.209999084472656,7969100.0,22.209999084472656
2008-11-07,23.8700008392334,22.030000686645508,22.299999237060547,23.559999465942383,5964200.0,23.559999465942383
2008-11-10,23.950000762939453,22.729999542236328,23.950000762939453,22.93000030517578,4829100.0,22.93000030517578
2008-11-11,23.950000762939453,22.700000762939453,23.100000381469727,23.479999542236328,5848600.0,23.479999542236328
2008-11-12,23.149999618530273,20.649999618530273,22.989999771118164,20.75,9513100.0,20.75
2008-11-13,22.309999465942383,19.280000686645508,20.8700008392334,22.219999313354492,9490300.0,22.219999313354492
2008-11-14,21.190000534057617,20.020000457763672,21.190000534057617,20.440000534057617,9320500.0,20.440000534057617
2008-11-17,20.469999313354492,19.260000228881836,20.469999313354492,19.299999237060547,4836600.0,19.299999237060547
2008-11-18,19.68000030517578,17.950000762939453,19.360000610351562,18.450000762939453,6439900.0,18.450000762939453
2008-11-19,18.610000610351562,17.110000610351562,17.989999771118164,17.110000610351562,6749100.0,17.110000610351562
2008-11-20,18.850000381469727,16.559999465942383,17.049999237060547,17.34000015258789,11033700.0,17.34000015258789
2008-11-21,18.8700008392334,16.8700008392334,17.649999618530273,18.8700008392334,10740000.0,18.8700008392334
2008-11-24,20.65999984741211,18.020000457763672,18.149999618530273,20.43000030517578,6768900.0,20.43000030517578
2008-11-25,20.899999618530273,18.309999465942383,20.5,18.719999313354492,7384600.0,18.719999313354492
2008-11-26,21.0,18.510000228881836,18.649999618530273,20.010000228881836,5725500.0,20.010000228881836
2008-11-28,19.899999618530273,18.959999084472656,19.729999542236328,19.059999465942383,2114500.0,19.059999465942383
2008-12-01,18.920000076293945,17.760000228881836,18.59000015258789,17.770000457763672,5453300.0,17.770000457763672
2008-12-02,19.049999237060547,17.5,17.81999969482422,19.030000686645508,6579500.0,19.030000686645508
2008-12-03,19.75,18.350000381469727,18.6299991607666,19.09000015258789,9349200.0,19.09000015258789
2008-12-04,19.3799991607666,18.420000076293945,18.670000076293945,18.75,7147800.0,18.75
2008-12-05,20.1200008392334,18.040000915527344,18.040000915527344,19.979999542236328,6388600.0,19.979999542236328
2008-12-08,22.049999237060547,20.299999237060547,20.700000762939453,21.8700008392334,8735900.0,21.8700008392334
2008-12-09,21.59000015258789,19.229999542236328,21.420000076293945,19.350000381469727,10705600.0,19.350000381469727
2008-12-10,17.290000915527344,15.5,16.84000015258789,17.0,45204100.0,17.0
2008-12-11,18.100000381469727,16.729999542236328,17.239999771118164,17.010000228881836,13765900.0,17.010000228881836
2008-12-12,17.850000381469727,16.56999969482422,16.649999618530273,17.010000228881836,8383500.0,17.010000228881836
2008-12-15,17.34000015258789,16.100000381469727,17.09000015258789,16.299999237060547,5777100.0,16.299999237060547
2008-12-16,16.75,15.890000343322754,16.350000381469727,16.059999465942383,11449600.0,16.059999465942383
2008-12-17,17.459999084472656,15.920000076293945,16.0,17.219999313354492,14391400.0,17.219999313354492
2008-12-18,17.40999984741211,16.40999984741211,16.56999969482422,16.760000228881836,7688600.0,16.760000228881836
2008-12-19,17.6299991607666,16.75,16.799999237060547,17.389999389648438,9993100.0,17.389999389648438
2008-12-22,17.549999237060547,16.030000686645508,17.549999237060547,16.3799991607666,7024200.0,16.3799991607666
2008-12-23,16.709999084472656,15.5600004196167,16.489999771118164,15.850000381469727,5666800.0,15.850000381469727
2008-12-24,15.960000038146973,15.649999618530273,15.699999809265137,15.800000190734863,2045600.0,15.800000190734863
2008-12-26,15.880000114440918,15.010000228881836,15.819999694824219,15.319999694824219,4842200.0,15.319999694824219
2008-12-29,15.390000343322754,14.789999961853027,15.3100004196167,15.119999885559082,4421200.0,15.119999885559082
2008-12-30,15.59000015258789,14.960000038146973,15.100000381469727,15.34000015258789,3894700.0,15.34000015258789
2008-12-31,16.15999984741211,15.220000267028809,15.229999542236328,16.040000915527344,5705800.0,16.040000915527344
2009-01-02,17.520000457763672,15.979999542236328,16.049999237060547,17.440000534057617,5874000.0,17.440000534057617
2009-01-05,17.68000030517578,16.579999923706055,17.450000762939453,16.700000762939453,8065000.0,16.700000762939453
2009-01-06,18.6299991607666,16.610000610351562,17.1200008392334,18.559999465942383,17913900.0,18.559999465942383
2009-01-07,18.229999542236328,17.399999618530273,18.0,17.760000228881836,9376200.0,17.760000228881836
2009-01-08,20.600000381469727,17.5,17.920000076293945,18.850000381469727,9922900.0,18.850000381469727
2009-01-09,18.950000762939453,17.68000030517578,18.850000381469727,17.790000915527344,7147800.0,17.790000915527344
2009-01-12,18.030000686645508,17.219999313354492,17.739999771118164,17.510000228881836,4368600.0,17.510000228881836
2009-01-13,17.690000534057617,16.940000534057617,17.40999984741211,17.209999084472656,9160300.0,17.209999084472656
2009-01-14,17.040000915527344,16.270000457763672,16.959999084472656,16.670000076293945,6337000.0,16.670000076293945
2009-01-15,17.3700008392334,16.43000030517578,16.510000228881836,17.25,11001600.0,17.25
2009-01-16,17.860000610351562,16.719999313354492,17.280000686645508,17.530000686645508,8902900.0,17.530000686645508
2009-01-20,17.489999771118164,16.56999969482422,17.270000457763672,16.6299991607666,7776600.0,16.6299991607666
2009-01-21,17.59000015258789,16.639999389648438,16.90999984741211,17.559999465942383,5732200.0,17.559999465942383
2009-01-22,17.479999542236328,16.260000228881836,17.469999313354492,16.5,6417100.0,16.5
2009-01-23,17.219999313354492,16.010000228881836,16.270000457763672,16.950000762939453,7135300.0,16.950000762939453
2009-01-26,17.139999389648438,16.010000228881836,16.790000915527344,16.31999969482422,6308500.0,16.31999969482422
2009-01-27,16.790000915527344,16.1200008392334,16.1200008392334,16.489999771118164,4936800.0,16.489999771118164
2009-01-28,17.1200008392334,16.610000610351562,16.799999237060547,16.8799991607666,5805100.0,16.8799991607666
2009-01-29,16.739999771118164,15.90999984741211,16.290000915527344,16.190000534057617,9374200.0,16.190000534057617
2009-01-30,16.309999465942383,15.399999618530273,16.309999465942383,15.4399995803833,13189500.0,15.4399995803833
2009-02-02,15.369999885559082,14.65999984741211,15.199999809265137,14.859999656677246,14379100.0,14.859999656677246
2009-02-03,15.789999961853027,14.239999771118164,14.75,15.5,17998800.0,15.5
2009-02-04,17.600000381469727,16.030000686645508,16.299999237060547,17.270000457763672,24359400.0,17.270000457763672
2009-02-05,18.940000534057617,17.030000686645508,17.100000381469727,18.700000762939453,19734000.0,18.700000762939453
2009-02-06,19.450000762939453,18.700000762939453,18.93000030517578,19.34000015258789,13069600.0,19.34000015258789
2009-02-09,19.100000381469727,18.459999084472656,19.100000381469727,18.579999923706055,10132500.0,18.579999923706055
2009-02-10,18.579999923706055,16.56999969482422,18.450000762939453,16.84000015258789,16657000.0,16.84000015258789
2009-02-11,17.420000076293945,16.639999389648438,17.0,17.030000686645508,11442200.0,17.030000686645508
2009-02-12,16.979999542236328,16.3799991607666,16.790000915527344,16.950000762939453,6179700.0,16.950000762939453
2009-02-13,17.200000762939453,16.690000534057617,17.049999237060547,16.93000030517578,6630000.0,16.93000030517578
2009-02-17,16.739999771118164,16.15999984741211,16.459999084472656,16.450000762939453,7327700.0,16.450000762939453
2009-02-18,16.93000030517578,16.110000610351562,16.670000076293945,16.530000686645508,6415300.0,16.530000686645508
2009-02-19,17.079999923706055,16.190000534057617,16.8799991607666,16.190000534057617,6641800.0,16.190000534057617
2009-02-20,16.530000686645508,15.949999809265137,16.030000686645508,16.3799991607666,9148400.0,16.3799991607666
2009-02-23,16.770000457763672,15.930000305175781,16.200000762939453,16.020000457763672,7110500.0,16.020000457763672
2009-02-24,17.309999465942383,16.059999465942383,16.059999465942383,17.1200008392334,8448600.0,17.1200008392334
2009-02-25,17.18000030517578,16.1299991607666,16.709999084472656,16.75,7031800.0,16.75
2009-02-26,17.06999969482422,16.110000610351562,16.780000686645508,16.1299991607666,4976900.0,16.1299991607666
2009-02-27,16.649999618530273,15.529999732971191,15.630000114440918,16.309999465942383,6646200.0,16.309999465942383
2009-03-02,16.309999465942383,15.25,15.84000015258789,15.34000015258789,6056100.0,15.34000015258789
2009-03-03,15.949999809265137,14.75,15.949999809265137,14.920000076293945,9192800.0,14.920000076293945
2009-03-04,16.260000228881836,14.949999809265137,15.0600004196167,15.930000305175781,7598000.0,15.930000305175781
2009-03-05,15.920000076293945,15.140000343322754,15.520000457763672,15.289999961853027,6555300.0,15.289999961853027
2009-03-06,15.609999656677246,14.760000228881836,15.100000381469727,15.3100004196167,9533700.0,15.3100004196167
2009-03-09,16.020000457763672,15.069999694824219,15.119999885559082,15.699999809265137,6225400.0,15.699999809265137
2009-03-10,16.780000686645508,15.739999771118164,16.18000030517578,16.729999542236328,5393300.0,16.729999542236328
2009-03-11,17.65999984741211,16.56999969482422,16.81999969482422,17.510000228881836,6185600.0,17.510000228881836
2009-03-12,18.049999237060547,17.1299991607666,17.260000228881836,18.0,6562600.0,18.0
2009-03-13,17.950000762939453,17.329999923706055,17.6299991607666,17.760000228881836,3813500.0,17.760000228881836
2009-03-16,18.059999465942383,17.309999465942383,17.799999237060547,17.309999465942383,3972000.0,17.309999465942383
2009-03-17,18.399999618530273,17.309999465942383,17.309999465942383,18.3799991607666,5716000.0,18.3799991607666
2009-03-18,19.059999465942383,17.649999618530273,18.389999389648438,18.790000915527344,9831600.0,18.790000915527344
2009-03-19,19.43000030517578,18.469999313354492,18.989999771118164,18.940000534057617,7923900.0,18.940000534057617
2009-03-20,19.260000228881836,18.06999969482422,18.450000762939453,18.219999313354492,5455500.0,18.219999313354492
2009-03-23,19.780000686645508,18.299999237060547,18.299999237060547,19.649999618530273,5448000.0,19.649999618530273
2009-03-24,19.739999771118164,19.139999389648438,19.440000534057617,19.149999618530273,3508200.0,19.149999618530273
2009-03-25,19.75,18.34000015258789,19.450000762939453,18.989999771118164,7489400.0,18.989999771118164
2009-03-26,19.75,18.989999771118164,19.209999084472656,19.5,6875500.0,19.5
2009-03-27,19.6299991607666,18.479999542236328,19.6299991607666,18.690000534057617,6346300.0,18.690000534057617
2009-03-30,18.450000762939453,17.690000534057617,18.329999923706055,18.18000030517578,4904700.0,18.18000030517578
2009-03-31,18.56999969482422,17.780000686645508,18.149999618530273,18.190000534057617,5683100.0,18.190000534057617
2009-04-01,18.700000762939453,17.549999237060547,17.649999618530273,18.389999389648438,4941800.0,18.389999389648438
2009-04-02,20.049999237060547,18.469999313354492,18.469999313354492,19.450000762939453,7267500.0,19.450000762939453
2009-04-03,20.889999389648438,19.260000228881836,19.260000228881836,20.700000762939453,7973700.0,20.700000762939453
2009-04-06,20.600000381469727,19.190000534057617,20.489999771118164,19.690000534057617,7197100.0,19.690000534057617
2009-04-07,19.780000686645508,19.010000228881836,19.459999084472656,19.170000076293945,6590500.0,19.170000076293945
2009-04-08,19.850000381469727,19.040000915527344,19.350000381469727,19.6200008392334,7383900.0,19.6200008392334
2009-04-09,20.31999969482422,19.389999389648438,20.110000610351562,19.690000534057617,7096800.0,19.690000534057617
2009-04-13,20.110000610351562,19.149999618530273,20.100000381469727,19.420000076293945,4441100.0,19.420000076293945
2009-04-14,19.6200008392334,18.68000030517578,19.34000015258789,18.770000457763672,6108000.0,18.770000457763672
2009-04-15,19.399999618530273,18.600000381469727,18.639999389648438,19.15999984741211,7787500.0,19.15999984741211
2009-04-16,19.8799991607666,18.489999771118164,19.770000457763672,19.0,10591000.0,19.0
2009-04-17,18.940000534057617,18.100000381469727,18.940000534057617,18.6200008392334,11465300.0,18.6200008392334
2009-04-20,18.6200008392334,17.479999542236328,18.100000381469727,17.760000228881836,7678500.0,17.760000228881836
2009-04-21,19.290000915527344,18.0,18.049999237060547,19.190000534057617,10126600.0,19.190000534057617
2009-04-22,20.139999389648438,18.790000915527344,18.84000015258789,19.25,9413700.0,19.25
2009-04-23,19.479999542236328,18.549999237060547,19.290000915527344,19.389999389648438,5600200.0,19.389999389648438
2009-04-24,20.1200008392334,19.010000228881836,19.489999771118164,19.969999313354492,6235000.0,19.969999313354492
2009-04-27,20.34000015258789,19.31999969482422,19.540000915527344,19.969999313354492,6652400.0,19.969999313354492
2009-04-28,21.219999313354492,19.59000015258789,19.600000381469727,20.31999969482422,13552300.0,20.31999969482422
2009-04-29,21.1299991607666,20.25,20.600000381469727,20.450000762939453,8355500.0,20.450000762939453
2009-04-30,21.1200008392334,20.270000457763672,20.690000534057617,20.350000381469727,9386800.0,20.350000381469727
2009-05-01,20.670000076293945,19.489999771118164,20.350000381469727,20.0,9925400.0,20.0
2009-05-04,21.239999771118164,20.049999237060547,20.149999618530273,21.040000915527344,9360800.0,21.040000915527344
2009-05-05,22.0,21.0,21.579999923706055,21.3799991607666,11831000.0,21.3799991607666
2009-05-06,22.020000457763672,19.8700008392334,21.639999389648438,20.31999969482422,14920100.0,20.31999969482422
2009-05-07,20.3799991607666,19.3700008392334,20.209999084472656,19.459999084472656,7779800.0,19.459999084472656
2009-05-08,20.309999465942383,19.450000762939453,19.549999237060547,20.18000030517578,6833300.0,20.18000030517578
2009-05-11,20.649999618530273,19.65999984741211,19.729999542236328,20.170000076293945,6496900.0,20.170000076293945
2009-05-12,20.549999237060547,19.760000228881836,20.25,20.110000610351562,6309200.0,20.110000610351562
2009-05-13,20.020000457763672,19.479999542236328,19.770000457763672,19.479999542236328,7063400.0,19.479999542236328
2009-05-14,20.450000762939453,19.43000030517578,19.520000457763672,20.079999923706055,7769200.0,20.079999923706055
2009-05-15,21.610000610351562,19.950000762939453,19.950000762939453,21.030000686645508,14516900.0,21.030000686645508
2009-05-18,21.719999313354492,21.010000228881836,21.030000686645508,21.530000686645508,6824000.0,21.530000686645508
2009-05-19,22.450000762939453,20.5,21.34000015258789,22.06999969482422,7913600.0,22.06999969482422
2009-05-20,23.229999542236328,21.979999542236328,22.149999618530273,22.079999923706055,9953300.0,22.079999923706055
2009-05-21,22.25,21.3799991607666,21.399999618530273,22.010000228881836,6690700.0,22.010000228881836
2009-05-22,22.3700008392334,21.489999771118164,22.06999969482422,21.899999618530273,4541300.0,21.899999618530273
2009-05-26,22.700000762939453,21.360000610351562,21.6200008392334,22.440000534057617,6268800.0,22.440000534057617
2009-05-27,22.690000534057617,22.100000381469727,22.329999923706055,22.139999389648438,5219400.0,22.139999389648438
2009-05-28,22.959999084472656,21.549999237060547,21.809999465942383,22.31999969482422,7006800.0,22.31999969482422
2009-05-29,23.040000915527344,21.860000610351562,21.90999984741211,22.989999771118164,8188200.0,22.989999771118164
2009-06-01,23.760000228881836,23.06999969482422,23.68000030517578,23.459999084472656,8072900.0,23.459999084472656
2009-06-02,23.639999389648438,23.020000457763672,23.25,23.100000381469727,5802300.0,23.100000381469727
2009-06-03,23.440000534057617,22.520000457763672,22.93000030517578,22.969999313354492,8071800.0,22.969999313354492
2009-06-04,23.40999984741211,22.729999542236328,23.110000610351562,23.1299991607666,5362000.0,23.1299991607666
2009-06-05,23.469999313354492,22.479999542236328,23.469999313354492,23.0,4183300.0,23.0
2009-06-08,22.989999771118164,21.790000915527344,22.989999771118164,22.170000076293945,8390200.0,22.170000076293945
2009-06-09,22.739999771118164,21.940000534057617,22.510000228881836,22.0,7166600.0,22.0
2009-06-10,22.350000381469727,21.530000686645508,22.040000915527344,21.959999084472656,10106300.0,21.959999084472656
2009-06-11,22.34000015258789,21.739999771118164,21.940000534057617,21.8700008392334,6032400.0,21.8700008392334
2009-06-12,22.040000915527344,21.600000381469727,21.799999237060547,21.93000030517578,5139200.0,21.93000030517578
2009-06-15,21.850000381469727,21.200000762939453,21.649999618530273,21.3700008392334,5966300.0,21.3700008392334
2009-06-16,21.790000915527344,20.799999237060547,21.149999618530273,20.799999237060547,5604300.0,20.799999237060547
2009-06-17,21.260000228881836,20.68000030517578,21.0,20.829999923706055,7022500.0,20.829999923706055
2009-06-18,20.889999389648438,20.239999771118164,20.790000915527344,20.520000457763672,6211200.0,20.520000457763672
2009-06-19,20.90999984741211,20.459999084472656,20.459999084472656,20.719999313354492,7715700.0,20.719999313354492
2009-06-22,20.549999237060547,19.90999984741211,20.43000030517578,19.969999313354492,6242100.0,19.969999313354492
2009-06-23,20.489999771118164,19.850000381469727,19.989999771118164,20.420000076293945,10453600.0,20.420000076293945
2009-06-24,21.059999465942383,20.100000381469727,20.100000381469727,20.940000534057617,6951500.0,20.940000534057617
2009-06-25,21.049999237060547,20.360000610351562,20.6299991607666,21.049999237060547,5866300.0,21.049999237060547
2009-06-26,21.360000610351562,20.809999465942383,20.8799991607666,20.899999618530273,5404500.0,20.899999618530273
2009-06-29,21.1299991607666,20.579999923706055,20.90999984741211,20.809999465942383,3535300.0,20.809999465942383
2009-06-30,22.09000015258789,21.34000015258789,21.68000030517578,21.719999313354492,11538900.0,21.719999313354492
2009-07-01,22.420000076293945,21.75,21.979999542236328,21.940000534057617,5486100.0,21.940000534057617
2009-07-02,21.940000534057617,21.030000686645508,21.8700008392334,21.399999618530273,6155700.0,21.399999618530273
2009-07-06,21.760000228881836,20.899999618530273,21.459999084472656,21.15999984741211,3730700.0,21.15999984741211
2009-07-07,21.350000381469727,20.25,21.049999237060547,20.25,5841200.0,20.25
2009-07-08,20.639999389648438,19.959999084472656,20.329999923706055,20.260000228881836,6159600.0,20.260000228881836
2009-07-09,21.049999237060547,20.670000076293945,20.780000686645508,20.809999465942383,5833500.0,20.809999465942383
2009-07-10,21.170000076293945,20.649999618530273,20.649999618530273,20.969999313354492,4824500.0,20.969999313354492
2009-07-13,21.540000915527344,20.579999923706055,20.969999313354492,21.479999542236328,5762600.0,21.479999542236328
2009-07-14,21.479999542236328,21.030000686645508,21.190000534057617,21.170000076293945,4907900.0,21.170000076293945
2009-07-15,21.610000610351562,21.139999389648438,21.309999465942383,21.399999618530273,6938300.0,21.399999618530273
2009-07-16,21.520000457763672,21.040000915527344,21.270000457763672,21.450000762939453,5725600.0,21.450000762939453
2009-07-17,21.549999237060547,20.790000915527344,21.549999237060547,20.93000030517578,8070600.0,20.93000030517578
2009-07-20,21.43000030517578,20.729999542236328,20.829999923706055,21.420000076293945,6112300.0,21.420000076293945
2009-07-21,21.989999771118164,21.389999389648438,21.559999465942383,21.979999542236328,7172700.0,21.979999542236328
2009-07-22,22.1200008392334,21.59000015258789,21.760000228881836,21.81999969482422,5260000.0,21.81999969482422
2009-07-23,22.1200008392334,21.530000686645508,21.59000015258789,21.670000076293945,7760800.0,21.670000076293945
2009-07-24,21.59000015258789,20.850000381469727,21.59000015258789,21.15999984741211,8371300.0,21.15999984741211
2009-07-27,21.489999771118164,20.489999771118164,21.239999771118164,20.729999542236328,9332000.0,20.729999542236328
2009-07-28,21.1299991607666,20.600000381469727,20.770000457763672,21.100000381469727,5658700.0,21.100000381469727
2009-07-29,21.079999923706055,20.649999618530273,20.8799991607666,20.75,4557300.0,20.75
2009-07-30,21.6299991607666,20.889999389648438,21.239999771118164,21.1299991607666,6381900.0,21.1299991607666
2009-07-31,21.770000457763672,21.020000457763672,21.030000686645508,21.469999313354492,7125700.0,21.469999313354492
2009-08-03,21.899999618530273,21.139999389648438,21.59000015258789,21.549999237060547,6902500.0,21.549999237060547
2009-08-04,22.139999389648438,21.350000381469727,21.56999969482422,21.889999389648438,13073000.0,21.889999389648438
2009-08-05,21.40999984741211,20.079999923706055,21.229999542236328,20.399999618530273,22454600.0,20.399999618530273
2009-08-06,20.770000457763672,20.25,20.489999771118164,20.690000534057617,9153600.0,20.690000534057617
2009-08-07,21.0,20.5,20.90999984741211,20.709999084472656,9760200.0,20.709999084472656
2009-08-10,20.850000381469727,20.559999465942383,20.579999923706055,20.739999771118164,5664000.0,20.739999771118164
2009-08-11,20.829999923706055,20.200000762939453,20.610000610351562,20.34000015258789,6693500.0,20.34000015258789
2009-08-12,21.350000381469727,20.3799991607666,20.3799991607666,21.100000381469727,8911400.0,21.100000381469727
2009-08-13,21.34000015258789,20.719999313354492,21.34000015258789,21.049999237060547,5100700.0,21.049999237060547
2009-08-14,21.530000686645508,20.899999618530273,20.93000030517578,21.290000915527344,7411400.0,21.290000915527344
2009-08-17,20.8799991607666,19.559999465942383,20.8799991607666,19.56999969482422,13082600.0,19.56999969482422
2009-08-18,19.90999984741211,19.25,19.600000381469727,19.5,17405200.0,19.5
2009-08-19,19.600000381469727,18.6200008392334,19.510000228881836,19.09000015258789,16211900.0,19.09000015258789
2009-08-20,19.3700008392334,18.950000762939453,18.969999313354492,19.25,7083400.0,19.25
2009-08-21,19.780000686645508,19.100000381469727,19.469999313354492,19.440000534057617,5417100.0,19.440000534057617
2009-08-24,19.75,19.1299991607666,19.440000534057617,19.450000762939453,5635900.0,19.450000762939453
2009-08-25,19.559999465942383,18.700000762939453,19.3799991607666,18.850000381469727,9146500.0,18.850000381469727
2009-08-26,19.200000762939453,18.799999237060547,18.920000076293945,19.100000381469727,5348900.0,19.100000381469727
2009-08-27,19.170000076293945,18.65999984741211,19.0,19.0,4864500.0,19.0
2009-08-28,19.200000762939453,18.600000381469727,19.1299991607666,18.760000228881836,9465400.0,18.760000228881836
2009-08-31,18.5,18.030000686645508,18.309999465942383,18.219999313354492,10338600.0,18.219999313354492
2009-09-01,18.549999237060547,17.739999771118164,18.1200008392334,17.81999969482422,10025700.0,17.81999969482422
2009-09-02,18.290000915527344,17.700000762939453,18.09000015258789,18.209999084472656,9544000.0,18.209999084472656
2009-09-03,18.670000076293945,17.950000762939453,18.670000076293945,18.09000015258789,5455600.0,18.09000015258789
2009-09-04,18.520000457763672,18.110000610351562,18.510000228881836,18.510000228881836,3698500.0,18.510000228881836
2009-09-08,19.020000457763672,18.549999237060547,18.899999618530273,18.93000030517578,6871900.0,18.93000030517578
2009-09-09,19.010000228881836,18.399999618530273,18.950000762939453,18.530000686645508,8580400.0,18.530000686645508
2009-09-10,18.34000015258789,17.950000762939453,18.139999389648438,18.049999237060547,15279500.0,18.049999237060547
2009-09-11,18.31999969482422,17.68000030517578,17.920000076293945,18.18000030517578,14316800.0,18.18000030517578
2009-09-14,18.43000030517578,17.989999771118164,18.31999969482422,18.110000610351562,8967000.0,18.110000610351562
2009-09-15,18.309999465942383,17.719999313354492,18.280000686645508,18.049999237060547,15848200.0,18.049999237060547
2009-09-16,19.010000228881836,18.209999084472656,18.399999618530273,18.850000381469727,15227600.0,18.850000381469727
2009-09-17,19.200000762939453,18.56999969482422,18.940000534057617,18.739999771118164,6680800.0,18.739999771118164
2009-09-18,18.940000534057617,18.43000030517578,18.809999465942383,18.709999084472656,6511700.0,18.709999084472656
2009-09-21,19.110000610351562,18.280000686645508,18.549999237060547,18.34000015258789,7310100.0,18.34000015258789
2009-09-22,18.670000076293945,18.260000228881836,18.389999389648438,18.520000457763672,6613000.0,18.520000457763672
2009-09-23,20.329999923706055,18.549999237060547,18.549999237060547,19.829999923706055,29218300.0,19.829999923706055
2009-09-24,19.440000534057617,19.010000228881836,19.239999771118164,19.290000915527344,11812000.0,19.290000915527344
2009-09-25,19.610000610351562,19.09000015258789,19.270000457763672,19.459999084472656,8800100.0,19.459999084472656
2009-09-28,19.799999237060547,19.200000762939453,19.549999237060547,19.280000686645508,7302100.0,19.280000686645508
2009-09-29,19.530000686645508,19.09000015258789,19.389999389648438,19.139999389648438,6904900.0,19.139999389648438
2009-09-30,19.469999313354492,18.93000030517578,19.299999237060547,19.049999237060547,6800200.0,19.049999237060547
2009-10-01,19.09000015258789,18.459999084472656,19.030000686645508,18.459999084472656,6158800.0,18.459999084472656
2009-10-02,18.690000534057617,18.25,18.31999969482422,18.31999969482422,8115200.0,18.31999969482422
2009-10-05,18.93000030517578,18.34000015258789,18.43000030517578,18.670000076293945,6081400.0,18.670000076293945
2009-10-06,19.270000457763672,18.729999542236328,18.899999618530273,19.219999313354492,8193100.0,19.219999313354492
2009-10-07,20.139999389648438,19.260000228881836,19.299999237060547,20.0,9303500.0,20.0
2009-10-08,20.690000534057617,19.780000686645508,20.09000015258789,20.6299991607666,10458700.0,20.6299991607666
2009-10-09,20.700000762939453,20.079999923706055,20.610000610351562,20.40999984741211,6309000.0,20.40999984741211
2009-10-12,20.850000381469727,20.350000381469727,20.350000381469727,20.579999923706055,5955200.0,20.579999923706055
2009-10-13,21.0,20.360000610351562,20.399999618530273,20.770000457763672,6017200.0,20.770000457763672
2009-10-14,21.049999237060547,20.809999465942383,20.93000030517578,20.90999984741211,5364300.0,20.90999984741211
2009-10-15,21.049999237060547,20.170000076293945,20.670000076293945,20.350000381469727,10435300.0,20.350000381469727
2009-10-16,20.739999771118164,20.1200008392334,20.170000076293945,20.559999465942383,6155600.0,20.559999465942383
2009-10-19,20.989999771118164,20.530000686645508,20.670000076293945,20.829999923706055,3977500.0,20.829999923706055
2009-10-20,20.600000381469727,19.739999771118164,20.3799991607666,19.969999313354492,10378000.0,19.969999313354492
2009-10-21,20.270000457763672,19.690000534057617,19.809999465942383,19.729999542236328,6923300.0,19.729999542236328
2009-10-22,19.959999084472656,19.309999465942383,19.719999313354492,19.959999084472656,8402400.0,19.959999084472656
2009-10-23,20.350000381469727,19.530000686645508,20.170000076293945,19.709999084472656,4845100.0,19.709999084472656
2009-10-26,19.969999313354492,19.399999618530273,19.709999084472656,19.469999313354492,4759700.0,19.469999313354492
2009-10-27,19.729999542236328,18.790000915527344,19.469999313354492,18.950000762939453,9807100.0,18.950000762939453
2009-10-28,18.959999084472656,18.440000534057617,18.950000762939453,18.520000457763672,8663700.0,18.520000457763672
2009-10-29,18.809999465942383,18.420000076293945,18.700000762939453,18.700000762939453,4331600.0,18.700000762939453
2009-10-30,18.93000030517578,18.1200008392334,18.65999984741211,18.239999771118164,10324100.0,18.239999771118164
2009-11-02,18.399999618530273,17.899999618530273,18.25,18.010000228881836,13953300.0,18.010000228881836
2009-11-03,18.049999237060547,17.56999969482422,17.8700008392334,17.770000457763672,17473700.0,17.770000457763672
2009-11-04,18.1200008392334,17.700000762939453,17.790000915527344,17.729999542236328,10982800.0,17.729999542236328
2009-11-05,18.40999984741211,17.940000534057617,17.969999313354492,18.15999984741211,5731000.0,18.15999984741211
2009-11-06,19.1299991607666,18.15999984741211,18.25,19.0,11027800.0,19.0
2009-11-09,19.68000030517578,19.06999969482422,19.34000015258789,19.530000686645508,13472200.0,19.530000686645508
2009-11-10,18.450000762939453,17.770000457763672,18.329999923706055,18.290000915527344,20858100.0,18.290000915527344
2009-11-11,18.5,18.18000030517578,18.3700008392334,18.450000762939453,7792400.0,18.450000762939453
2009-11-12,18.5,18.170000076293945,18.489999771118164,18.219999313354492,10079900.0,18.219999313354492
2009-11-13,18.389999389648438,18.049999237060547,18.219999313354492,18.15999984741211,7244200.0,18.15999984741211
2009-11-16,18.31999969482422,18.010000228881836,18.059999465942383,18.049999237060547,7857700.0,18.049999237060547
2009-11-17,18.170000076293945,17.56999969482422,18.100000381469727,17.850000381469727,10202000.0,17.850000381469727
2009-11-18,17.979999542236328,17.6200008392334,17.860000610351562,17.670000076293945,5735800.0,17.670000076293945
2009-11-19,17.799999237060547,17.31999969482422,17.649999618530273,17.43000030517578,6598500.0,17.43000030517578
2009-11-20,17.549999237060547,17.149999618530273,17.239999771118164,17.299999237060547,6454000.0,17.299999237060547
2009-11-23,17.559999465942383,17.18000030517578,17.459999084472656,17.25,5545500.0,17.25
2009-11-24,17.350000381469727,16.989999771118164,17.170000076293945,17.059999465942383,7539100.0,17.059999465942383
2009-11-25,17.549999237060547,17.1200008392334,17.1200008392334,17.510000228881836,6170400.0,17.510000228881836
2009-11-27,17.219999313354492,16.959999084472656,17.139999389648438,17.010000228881836,3128900.0,17.010000228881836
2009-11-30,17.09000015258789,16.739999771118164,16.989999771118164,16.889999389648438,5593500.0,16.889999389648438
2009-12-01,17.139999389648438,16.790000915527344,16.950000762939453,16.979999542236328,5865400.0,16.979999542236328
2009-12-02,17.149999618530273,16.760000228881836,16.989999771118164,16.850000381469727,6490900.0,16.850000381469727
2009-12-03,17.139999389648438,16.549999237060547,16.8700008392334,16.549999237060547,4754300.0,16.549999237060547
2009-12-04,16.719999313354492,16.020000457763672,16.65999984741211,16.200000762939453,11898800.0,16.200000762939453
2009-12-07,16.350000381469727,16.100000381469727,16.200000762939453,16.200000762939453,6151500.0,16.200000762939453
2009-12-08,16.450000762939453,15.960000038146973,16.040000915527344,16.360000610351562,8950000.0,16.360000610351562
2009-12-09,16.40999984741211,15.859999656677246,16.3799991607666,16.360000610351562,12205100.0,16.360000610351562
2009-12-10,16.600000381469727,16.360000610351562,16.3799991607666,16.440000534057617,6722200.0,16.440000534057617
2009-12-11,16.5,15.989999771118164,16.399999618530273,16.110000610351562,6645900.0,16.110000610351562
2009-12-14,16.450000762939453,16.1299991607666,16.209999084472656,16.43000030517578,4242200.0,16.43000030517578
2009-12-15,16.8799991607666,16.420000076293945,16.549999237060547,16.459999084472656,6247800.0,16.459999084472656
2009-12-16,16.989999771118164,16.479999542236328,16.479999542236328,16.790000915527344,6992500.0,16.790000915527344
2009-12-17,16.84000015258789,16.489999771118164,16.6200008392334,16.510000228881836,6908600.0,16.510000228881836
2009-12-18,16.899999618530273,16.639999389648438,16.739999771118164,16.719999313354492,7865700.0,16.719999313354492
2009-12-21,16.950000762939453,16.559999465942383,16.860000610351562,16.860000610351562,5239100.0,16.860000610351562
2009-12-22,17.100000381469727,16.729999542236328,16.81999969482422,17.06999969482422,3798000.0,17.06999969482422
2009-12-23,17.770000457763672,17.0,17.0,17.709999084472656,6802500.0,17.709999084472656
2009-12-24,17.979999542236328,17.700000762939453,17.770000457763672,17.979999542236328,2163500.0,17.979999542236328
2009-12-28,17.979999542236328,17.81999969482422,17.950000762939453,17.899999618530273,3285600.0,17.899999618530273
2009-12-29,17.979999542236328,17.709999084472656,17.90999984741211,17.920000076293945,3084300.0,17.920000076293945
2009-12-30,18.280000686645508,17.739999771118164,17.739999771118164,18.219999313354492,5954000.0,18.219999313354492
2009-12-31,18.260000228881836,17.729999542236328,18.260000228881836,17.75,3866500.0,17.75
2010-01-04,18.239999771118164,17.889999389648438,17.989999771118164,18.149999618530273,3850500.0,18.149999618530273
2010-01-05,18.8700008392334,18.229999542236328,18.309999465942383,18.65999984741211,6632500.0,18.65999984741211
2010-01-06,18.649999618530273,18.059999465942383,18.610000610351562,18.18000030517578,5047300.0,18.18000030517578
2010-01-07,18.06999969482422,17.780000686645508,17.90999984741211,18.040000915527344,5433200.0,18.040000915527344
2010-01-08,18.450000762939453,18.030000686645508,18.18000030517578,18.399999618530273,4055600.0,18.399999618530273
2010-01-11,18.700000762939453,18.1299991607666,18.469999313354492,18.270000457763672,6142400.0,18.270000457763672
2010-01-12,17.139999389648438,16.559999465942383,16.739999771118164,16.850000381469727,31920900.0,16.850000381469727
2010-01-13,17.219999313354492,16.729999542236328,16.850000381469727,17.170000076293945,14347600.0,17.170000076293945
2010-01-14,17.34000015258789,16.979999542236328,17.100000381469727,17.18000030517578,9110400.0,17.18000030517578
2010-01-15,17.290000915527344,16.950000762939453,17.209999084472656,17.030000686645508,9530400.0,17.030000686645508
2010-01-19,17.219999313354492,16.8799991607666,16.899999618530273,17.170000076293945,7651400.0,17.170000076293945
2010-01-20,17.239999771118164,16.6200008392334,16.989999771118164,17.209999084472656,8092800.0,17.209999084472656
2010-01-21,17.56999969482422,17.1299991607666,17.290000915527344,17.3799991607666,12834900.0,17.3799991607666
2010-01-22,17.299999237060547,16.700000762939453,17.25,16.770000457763672,8718600.0,16.770000457763672
2010-01-25,17.170000076293945,16.670000076293945,16.899999618530273,16.829999923706055,7703100.0,16.829999923706055
2010-01-26,16.959999084472656,16.65999984741211,16.75,16.739999771118164,6189100.0,16.739999771118164
2010-01-27,17.219999313354492,16.649999618530273,16.649999618530273,17.1299991607666,10947600.0,17.1299991607666
2010-01-28,17.299999237060547,16.420000076293945,17.110000610351562,16.770000457763672,12769100.0,16.770000457763672
2010-01-29,17.09000015258789,16.260000228881836,16.90999984741211,16.280000686645508,7559700.0,16.280000686645508
2010-02-01,16.739999771118164,16.31999969482422,16.520000457763672,16.739999771118164,6576700.0,16.739999771118164
2010-02-02,17.1299991607666,16.56999969482422,16.729999542236328,17.06999969482422,8118000.0,17.06999969482422
2010-02-03,17.31999969482422,16.790000915527344,16.920000076293945,17.270000457763672,6417200.0,17.270000457763672
2010-02-04,17.18000030517578,16.81999969482422,17.18000030517578,16.979999542236328,7194600.0,16.979999542236328
2010-02-05,17.329999923706055,16.829999923706055,16.850000381469727,17.260000228881836,10278500.0,17.260000228881836
2010-02-08,17.860000610351562,17.010000228881836,17.3799991607666,17.489999771118164,16170700.0,17.489999771118164
2010-02-09,16.280000686645508,15.699999809265137,16.040000915527344,15.960000038146973,47398100.0,15.960000038146973
2010-02-10,16.1200008392334,15.75,16.040000915527344,15.9399995803833,13675500.0,15.9399995803833
2010-02-11,16.200000762939453,15.850000381469727,15.869999885559082,16.1200008392334,8684100.0,16.1200008392334
2010-02-12,16.270000457763672,15.920000076293945,16.0,16.059999465942383,8433000.0,16.059999465942383
2010-02-16,16.5,16.030000686645508,16.139999389648438,16.309999465942383,7442600.0,16.309999465942383
2010-02-17,16.65999984741211,16.3799991607666,16.450000762939453,16.6299991607666,9097200.0,16.6299991607666
2010-02-18,16.809999465942383,16.5,16.510000228881836,16.59000015258789,5232700.0,16.59000015258789
2010-02-19,16.8700008392334,16.489999771118164,16.540000915527344,16.75,8940100.0,16.75
2010-02-22,16.950000762939453,16.329999923706055,16.790000915527344,16.59000015258789,7470800.0,16.59000015258789
2010-02-23,16.68000030517578,16.219999313354492,16.59000015258789,16.309999465942383,5673100.0,16.309999465942383
2010-02-24,16.579999923706055,16.329999923706055,16.40999984741211,16.520000457763672,3758900.0,16.520000457763672
2010-02-25,16.579999923706055,16.219999313354492,16.260000228881836,16.559999465942383,6468700.0,16.559999465942383
2010-02-26,16.690000534057617,16.3799991607666,16.40999984741211,16.579999923706055,5745500.0,16.579999923706055
2010-03-01,16.90999984741211,16.6299991607666,16.729999542236328,16.8700008392334,5876000.0,16.8700008392334
2010-03-02,17.049999237060547,16.690000534057617,16.93000030517578,16.739999771118164,5983900.0,16.739999771118164
2010-03-03,16.950000762939453,16.760000228881836,16.81999969482422,16.809999465942383,3319500.0,16.809999465942383
2010-03-04,16.850000381469727,16.649999618530273,16.790000915527344,16.81999969482422,4501100.0,16.81999969482422
2010-03-05,17.200000762939453,16.850000381469727,16.899999618530273,17.1200008392334,5398600.0,17.1200008392334
2010-03-08,17.549999237060547,17.110000610351562,17.1299991607666,17.280000686645508,6267100.0,17.280000686645508
2010-03-09,17.809999465942383,17.229999542236328,17.270000457763672,17.579999923706055,13646200.0,17.579999923706055
2010-03-10,17.950000762939453,17.540000915527344,17.540000915527344,17.889999389648438,7334200.0,17.889999389648438
2010-03-11,17.93000030517578,17.709999084472656,17.829999923706055,17.899999618530273,6244000.0,17.899999618530273
2010-03-12,17.920000076293945,17.6299991607666,17.920000076293945,17.770000457763672,4571800.0,17.770000457763672
2010-03-15,17.920000076293945,17.579999923706055,17.760000228881836,17.8700008392334,3721700.0,17.8700008392334
2010-03-16,17.93000030517578,17.649999618530273,17.920000076293945,17.920000076293945,6721000.0,17.920000076293945
2010-03-17,18.290000915527344,17.8799991607666,17.940000534057617,18.139999389648438,5719000.0,18.139999389648438
2010-03-18,18.739999771118164,18.170000076293945,18.170000076293945,18.530000686645508,10611700.0,18.530000686645508
2010-03-19,18.719999313354492,18.25,18.700000762939453,18.420000076293945,7823100.0,18.420000076293945
2010-03-22,18.6299991607666,18.280000686645508,18.3799991607666,18.559999465942383,4891200.0,18.559999465942383
2010-03-23,18.700000762939453,18.440000534057617,18.540000915527344,18.520000457763672,4378000.0,18.520000457763672
2010-03-24,18.56999969482422,18.34000015258789,18.43000030517578,18.530000686645508,4998600.0,18.530000686645508
2010-03-25,18.979999542236328,18.549999237060547,18.68000030517578,18.559999465942383,4655500.0,18.559999465942383
2010-03-26,18.8799991607666,18.5,18.600000381469727,18.850000381469727,5822200.0,18.850000381469727
2010-03-29,18.989999771118164,18.610000610351562,18.899999618530273,18.68000030517578,3019500.0,18.68000030517578
2010-03-30,18.920000076293945,18.459999084472656,18.639999389648438,18.790000915527344,4569600.0,18.790000915527344
2010-03-31,18.729999542236328,18.559999465942383,18.65999984741211,18.65999984741211,4220500.0,18.65999984741211
2010-04-01,18.950000762939453,18.59000015258789,18.639999389648438,18.84000015258789,3481400.0,18.84000015258789
2010-04-05,19.15999984741211,18.8799991607666,18.950000762939453,19.100000381469727,2815500.0,19.100000381469727
2010-04-06,19.219999313354492,18.850000381469727,19.100000381469727,19.110000610351562,4045000.0,19.110000610351562
2010-04-07,19.239999771118164,18.920000076293945,19.209999084472656,19.18000030517578,3707600.0,19.18000030517578
2010-04-08,19.270000457763672,18.889999389648438,19.110000610351562,19.190000534057617,3209600.0,19.190000534057617
2010-04-09,19.489999771118164,19.15999984741211,19.15999984741211,19.360000610351562,5426800.0,19.360000610351562
2010-04-12,19.649999618530273,19.260000228881836,19.260000228881836,19.399999618530273,5170600.0,19.399999618530273
2010-04-13,19.450000762939453,19.139999389648438,19.420000076293945,19.31999969482422,3536200.0,19.31999969482422
2010-04-14,19.790000915527344,19.31999969482422,19.34000015258789,19.739999771118164,6958600.0,19.739999771118164
2010-04-15,20.010000228881836,19.43000030517578,20.0,19.450000762939453,7064200.0,19.450000762939453
2010-04-16,19.829999923706055,19.3799991607666,19.579999923706055,19.56999969482422,6340200.0,19.56999969482422
2010-04-19,19.790000915527344,19.459999084472656,19.479999542236328,19.709999084472656,4242800.0,19.709999084472656
2010-04-20,20.040000915527344,19.68000030517578,19.739999771118164,19.969999313354492,3951600.0,19.969999313354492
2010-04-21,19.950000762939453,19.549999237060547,19.90999984741211,19.75,3946500.0,19.75
2010-04-22,19.889999389648438,19.389999389648438,19.600000381469727,19.84000015258789,3157100.0,19.84000015258789
2010-04-23,20.059999465942383,19.56999969482422,19.899999618530273,19.969999313354492,4102400.0,19.969999313354492
2010-04-26,20.059999465942383,19.780000686645508,19.950000762939453,19.899999618530273,3012700.0,19.899999618530273
2010-04-27,20.239999771118164,19.719999313354492,19.90999984741211,19.770000457763672,6267300.0,19.770000457763672
2010-04-28,19.920000076293945,19.549999237060547,19.84000015258789,19.6299991607666,4515100.0,19.6299991607666
2010-04-29,19.8700008392334,19.6200008392334,19.75,19.799999237060547,2975100.0,19.799999237060547
2010-04-30,19.809999465942383,19.3700008392334,19.809999465942383,19.3700008392334,3977300.0,19.3700008392334
2010-05-03,19.739999771118164,19.3700008392334,19.43000030517578,19.719999313354492,3496200.0,19.719999313354492
2010-05-04,19.540000915527344,18.90999984741211,19.510000228881836,19.06999969482422,6700800.0,19.06999969482422
2010-05-05,19.610000610351562,19.059999465942383,19.389999389648438,19.299999237060547,10251500.0,19.299999237060547
2010-05-06,19.290000915527344,17.049999237060547,19.270000457763672,18.18000030517578,19743400.0,18.18000030517578
2010-05-07,18.790000915527344,17.5,18.079999923706055,17.6299991607666,20256900.0,17.6299991607666
2010-05-10,18.719999313354492,17.950000762939453,18.520000457763672,18.239999771118164,11774700.0,18.239999771118164
2010-05-11,19.1299991607666,18.360000610351562,18.440000534057617,18.799999237060547,16953600.0,18.799999237060547
2010-05-12,18.209999084472656,17.549999237060547,17.850000381469727,17.709999084472656,21366400.0,17.709999084472656
2010-05-13,18.34000015258789,17.59000015258789,17.639999389648438,18.09000015258789,10053500.0,18.09000015258789
2010-05-14,17.889999389648438,17.229999542236328,17.760000228881836,17.420000076293945,12073400.0,17.420000076293945
2010-05-17,17.829999923706055,17.209999084472656,17.329999923706055,17.760000228881836,7510800.0,17.760000228881836
2010-05-18,18.09000015258789,17.40999984741211,17.889999389648438,17.540000915527344,7304000.0,17.540000915527344
2010-05-19,17.549999237060547,17.059999465942383,17.549999237060547,17.1200008392334,6915400.0,17.1200008392334
2010-05-20,16.940000534057617,16.329999923706055,16.809999465942383,16.3700008392334,8753800.0,16.3700008392334
2010-05-21,16.84000015258789,16.06999969482422,16.1200008392334,16.700000762939453,10463100.0,16.700000762939453
2010-05-24,16.709999084472656,16.260000228881836,16.600000381469727,16.280000686645508,6894700.0,16.280000686645508
2010-05-25,16.280000686645508,15.829999923706055,15.9399995803833,16.239999771118164,9440600.0,16.239999771118164
2010-05-26,16.81999969482422,16.209999084472656,16.34000015258789,16.260000228881836,6246800.0,16.260000228881836
2010-05-27,16.739999771118164,16.520000457763672,16.549999237060547,16.719999313354492,3832600.0,16.719999313354492
2010-05-28,16.670000076293945,16.31999969482422,16.6299991607666,16.510000228881836,3976800.0,16.510000228881836
2010-06-01,16.6200008392334,16.059999465942383,16.229999542236328,16.09000015258789,4917700.0,16.09000015258789
2010-06-02,16.450000762939453,16.059999465942383,16.200000762939453,16.3700008392334,5212000.0,16.3700008392334
2010-06-03,16.790000915527344,16.360000610351562,16.540000915527344,16.729999542236328,4381700.0,16.729999542236328
2010-06-04,16.549999237060547,15.770000457763672,16.329999923706055,15.8100004196167,8270900.0,15.8100004196167
2010-06-07,16.030000686645508,15.34000015258789,15.8100004196167,15.359999656677246,8390300.0,15.359999656677246
2010-06-08,15.550000190734863,15.210000038146973,15.520000457763672,15.489999771118164,9869700.0,15.489999771118164
2010-06-09,15.680000305175781,15.170000076293945,15.59000015258789,15.210000038146973,5147500.0,15.210000038146973
2010-06-10,15.949999809265137,15.369999885559082,15.5,15.920000076293945,5223900.0,15.920000076293945
2010-06-11,16.3700008392334,15.6899995803833,15.710000038146973,16.31999969482422,7047800.0,16.31999969482422
2010-06-14,16.56999969482422,16.100000381469727,16.469999313354492,16.360000610351562,6737800.0,16.360000610351562
2010-06-15,16.6299991607666,16.079999923706055,16.540000915527344,16.309999465942383,6392600.0,16.309999465942383
2010-06-16,16.299999237060547,15.760000228881836,16.25,16.010000228881836,8181300.0,16.010000228881836
2010-06-17,16.290000915527344,16.0,16.059999465942383,16.170000076293945,5267200.0,16.170000076293945
2010-06-18,16.18000030517578,15.930000305175781,16.15999984741211,16.030000686645508,4864200.0,16.030000686645508
2010-06-21,16.309999465942383,15.720000267028809,16.1200008392334,15.779999732971191,4565600.0,15.779999732971191
2010-06-22,15.84000015258789,15.289999961853027,15.75,15.319999694824219,5334400.0,15.319999694824219
2010-06-23,15.479999542236328,15.170000076293945,15.329999923706055,15.289999961853027,5233500.0,15.289999961853027
2010-06-24,15.34000015258789,15.020000457763672,15.25,15.039999961853027,5411100.0,15.039999961853027
2010-06-25,15.210000038146973,14.84000015258789,15.0600004196167,15.140000343322754,7173700.0,15.140000343322754
2010-06-28,15.229999542236328,14.920000076293945,15.220000267028809,15.09000015258789,5391100.0,15.09000015258789
2010-06-29,15.010000228881836,14.5,14.859999656677246,14.649999618530273,12869800.0,14.649999618530273
2010-06-30,14.800000190734863,14.369999885559082,14.619999885559082,14.399999618530273,9358500.0,14.399999618530273
2010-07-01,14.5,14.0600004196167,14.34000015258789,14.329999923706055,8927600.0,14.329999923706055
2010-07-02,14.729999542236328,14.300000190734863,14.40999984741211,14.600000381469727,5770700.0,14.600000381469727
2010-07-06,14.789999961853027,14.319999694824219,14.760000228881836,14.430000305175781,5367300.0,14.430000305175781
2010-07-07,14.949999809265137,14.350000381469727,14.420000076293945,14.949999809265137,3845900.0,14.949999809265137
2010-07-08,15.0600004196167,14.550000190734863,14.970000267028809,14.760000228881836,4982700.0,14.760000228881836
2010-07-09,14.9399995803833,14.739999771118164,14.819999694824219,14.84000015258789,3065400.0,14.84000015258789
2010-07-12,14.970000267028809,14.699999809265137,14.779999732971191,14.8100004196167,2911100.0,14.8100004196167
2010-07-13,15.210000038146973,14.90999984741211,14.930000305175781,15.140000343322754,3951300.0,15.140000343322754
2010-07-14,15.449999809265137,15.149999618530273,15.199999809265137,15.380000114440918,4127600.0,15.380000114440918
2010-07-15,15.529999732971191,15.109999656677246,15.369999885559082,15.489999771118164,4981300.0,15.489999771118164
2010-07-16,15.5,14.779999732971191,15.489999771118164,14.789999961853027,5501300.0,14.789999961853027
2010-07-19,15.109999656677246,14.600000381469727,14.600000381469727,15.09000015258789,3883200.0,15.09000015258789
2010-07-20,15.369999885559082,14.720000267028809,14.8100004196167,15.359999656677246,4980400.0,15.359999656677246
2010-07-21,15.399999618530273,14.800000190734863,15.399999618530273,14.869999885559082,3924900.0,14.869999885559082
2010-07-22,15.710000038146973,14.930000305175781,14.989999771118164,15.59000015258789,4735300.0,15.59000015258789
2010-07-23,15.890000343322754,15.420000076293945,15.479999542236328,15.880000114440918,4524100.0,15.880000114440918
2010-07-26,16.399999618530273,15.829999923706055,15.859999656677246,16.389999389648438,4327100.0,16.389999389648438
2010-07-27,16.59000015258789,16.329999923706055,16.420000076293945,16.520000457763672,3739300.0,16.520000457763672
2010-07-28,16.510000228881836,16.040000915527344,16.309999465942383,16.15999984741211,2763900.0,16.15999984741211
2010-07-29,16.3799991607666,15.680000305175781,16.209999084472656,16.010000228881836,4110500.0,16.010000228881836
2010-07-30,16.06999969482422,15.609999656677246,15.880000114440918,15.930000305175781,3533400.0,15.930000305175781
2010-08-02,16.549999237060547,16.0,16.1299991607666,16.5,5479700.0,16.5
2010-08-03,16.469999313354492,15.989999771118164,16.40999984741211,16.18000030517578,8178300.0,16.18000030517578
2010-08-04,17.530000686645508,16.68000030517578,16.799999237060547,17.3799991607666,17011000.0,17.3799991607666
2010-08-05,17.420000076293945,17.049999237060547,17.299999237060547,17.229999542236328,3678700.0,17.229999542236328
2010-08-06,17.149999618530273,16.479999542236328,16.959999084472656,17.06999969482422,6591400.0,17.06999969482422
2010-08-09,17.290000915527344,17.06999969482422,17.18000030517578,17.149999618530273,3755400.0,17.149999618530273
2010-08-10,16.989999771118164,16.540000915527344,16.989999771118164,16.709999084472656,4518900.0,16.709999084472656
2010-08-11,16.459999084472656,16.0,16.399999618530273,16.079999923706055,7091300.0,16.079999923706055
2010-08-12,15.949999809265137,15.670000076293945,15.8100004196167,15.760000228881836,3260500.0,15.760000228881836
2010-08-13,15.930000305175781,15.670000076293945,15.670000076293945,15.670000076293945,3102900.0,15.670000076293945
2010-08-16,16.18000030517578,15.479999542236328,15.579999923706055,16.049999237060547,5026500.0,16.049999237060547
2010-08-17,16.3799991607666,16.020000457763672,16.170000076293945,16.149999618530273,3830600.0,16.149999618530273
2010-08-18,16.389999389648438,15.84000015258789,16.06999969482422,16.329999923706055,4722600.0,16.329999923706055
2010-08-19,16.31999969482422,15.850000381469727,16.25,16.06999969482422,4671900.0,16.06999969482422
2010-08-20,16.06999969482422,15.600000381469727,15.970000267028809,15.789999961853027,4935200.0,15.789999961853027
2010-08-23,15.970000267028809,15.430000305175781,15.829999923706055,15.460000038146973,3195100.0,15.460000038146973
2010-08-24,15.319999694824219,15.020000457763672,15.319999694824219,15.029999732971191,5293100.0,15.029999732971191
2010-08-25,15.34000015258789,14.670000076293945,14.920000076293945,15.300000190734863,6537000.0,15.300000190734863
2010-08-26,15.59000015258789,15.25,15.329999923706055,15.270000457763672,5094300.0,15.270000457763672
2010-08-27,15.640000343322754,15.079999923706055,15.5,15.550000190734863,4565100.0,15.550000190734863
2010-08-30,15.680000305175781,15.270000457763672,15.460000038146973,15.279999732971191,3574700.0,15.279999732971191
2010-08-31,15.34000015258789,14.84000015258789,14.84000015258789,15.229999542236328,10499200.0,15.229999542236328
2010-09-01,16.1200008392334,15.479999542236328,15.479999542236328,16.110000610351562,6926700.0,16.110000610351562
2010-09-02,16.40999984741211,15.899999618530273,15.989999771118164,16.360000610351562,3653900.0,16.360000610351562
2010-09-03,16.8700008392334,16.399999618530273,16.59000015258789,16.459999084472656,3793500.0,16.459999084472656
2010-09-07,16.479999542236328,16.030000686645508,16.309999465942383,16.059999465942383,2899200.0,16.059999465942383
2010-09-08,16.34000015258789,15.890000343322754,16.149999618530273,16.25,4000900.0,16.25
2010-09-09,16.530000686645508,16.18000030517578,16.510000228881836,16.280000686645508,2034500.0,16.280000686645508
2010-09-10,16.540000915527344,16.190000534057617,16.34000015258789,16.239999771118164,2478500.0,16.239999771118164
2010-09-13,16.59000015258789,16.329999923706055,16.389999389648438,16.530000686645508,3104500.0,16.530000686645508
2010-09-14,16.780000686645508,16.450000762939453,16.469999313354492,16.709999084472656,4063400.0,16.709999084472656
2010-09-15,16.719999313354492,16.469999313354492,16.579999923706055,16.639999389648438,2523000.0,16.639999389648438
2010-09-16,16.729999542236328,16.170000076293945,16.65999984741211,16.3799991607666,3073400.0,16.3799991607666
2010-09-17,16.5,16.190000534057617,16.5,16.260000228881836,4078600.0,16.260000228881836
2010-09-20,16.510000228881836,16.229999542236328,16.299999237060547,16.350000381469727,5008700.0,16.350000381469727
2010-09-21,16.440000534057617,16.170000076293945,16.309999465942383,16.290000915527344,3114600.0,16.290000915527344
2010-09-22,16.440000534057617,16.110000610351562,16.280000686645508,16.149999618530273,3346500.0,16.149999618530273
2010-09-23,16.309999465942383,15.90999984741211,15.949999809265137,16.15999984741211,4170000.0,16.15999984741211
2010-09-24,16.59000015258789,16.290000915527344,16.31999969482422,16.459999084472656,3376100.0,16.459999084472656
2010-09-27,16.690000534057617,16.399999618530273,16.40999984741211,16.56999969482422,2610100.0,16.56999969482422
2010-09-28,16.65999984741211,16.209999084472656,16.290000915527344,16.549999237060547,4340000.0,16.549999237060547
2010-09-29,16.56999969482422,16.1200008392334,16.479999542236328,16.229999542236328,3017400.0,16.229999542236328
2010-09-30,16.75,16.239999771118164,16.420000076293945,16.450000762939453,6043200.0,16.450000762939453
2010-10-01,16.780000686645508,16.420000076293945,16.600000381469727,16.440000534057617,3364400.0,16.440000534057617
2010-10-04,17.200000762939453,16.3799991607666,16.389999389648438,16.959999084472656,7112200.0,16.959999084472656
2010-10-05,18.059999465942383,17.110000610351562,17.110000610351562,17.81999969482422,10597800.0,17.81999969482422
2010-10-06,17.84000015258789,17.280000686645508,17.770000457763672,17.40999984741211,5951000.0,17.40999984741211
2010-10-07,17.68000030517578,17.229999542236328,17.549999237060547,17.579999923706055,5170500.0,17.579999923706055
2010-10-08,17.75,17.40999984741211,17.579999923706055,17.649999618530273,3396100.0,17.649999618530273
2010-10-11,17.93000030517578,17.329999923706055,17.649999618530273,17.65999984741211,3843300.0,17.65999984741211
2010-10-12,17.760000228881836,16.459999084472656,17.600000381469727,16.610000610351562,18523200.0,16.610000610351562
2010-10-13,16.860000610351562,16.360000610351562,16.690000534057617,16.760000228881836,9328700.0,16.760000228881836
2010-10-14,16.979999542236328,16.450000762939453,16.719999313354492,16.520000457763672,5695800.0,16.520000457763672
2010-10-15,16.65999984741211,15.770000457763672,16.65999984741211,15.960000038146973,11433700.0,15.960000038146973
2010-10-18,16.0,15.6899995803833,15.869999885559082,15.770000457763672,6283600.0,15.770000457763672
2010-10-19,15.729999542236328,15.430000305175781,15.600000381469727,15.579999923706055,5806800.0,15.579999923706055
2010-10-20,15.720000267028809,15.300000190734863,15.579999923706055,15.399999618530273,7554600.0,15.399999618530273
2010-10-21,15.800000190734863,15.369999885559082,15.420000076293945,15.569999694824219,4976800.0,15.569999694824219
2010-10-22,15.680000305175781,15.460000038146973,15.569999694824219,15.609999656677246,2607800.0,15.609999656677246
2010-10-25,15.800000190734863,15.59000015258789,15.670000076293945,15.619999885559082,3850200.0,15.619999885559082
2010-10-26,15.880000114440918,15.460000038146973,15.520000457763672,15.8100004196167,3710300.0,15.8100004196167
2010-10-27,15.8100004196167,15.550000190734863,15.760000228881836,15.789999961853027,3946800.0,15.789999961853027
2010-10-28,15.880000114440918,15.529999732971191,15.850000381469727,15.630000114440918,4011400.0,15.630000114440918
2010-10-29,15.899999618530273,15.5600004196167,15.600000381469727,15.829999923706055,4095500.0,15.829999923706055
2010-11-01,15.949999809265137,15.6899995803833,15.819999694824219,15.800000190734863,3982000.0,15.800000190734863
2010-11-02,16.229999542236328,15.84000015258789,15.920000076293945,16.200000762939453,10297000.0,16.200000762939453
2010-11-03,16.09000015258789,15.25,16.0,15.5,17193400.0,15.5
2010-11-04,15.850000381469727,15.34000015258789,15.710000038146973,15.850000381469727,9435000.0,15.850000381469727
2010-11-05,16.389999389648438,15.600000381469727,15.869999885559082,16.34000015258789,8193400.0,16.34000015258789
2010-11-08,16.56999969482422,16.1200008392334,16.309999465942383,16.530000686645508,6150300.0,16.530000686645508
2010-11-09,16.670000076293945,16.31999969482422,16.6200008392334,16.34000015258789,6142700.0,16.34000015258789
2010-11-10,16.389999389648438,16.040000915527344,16.350000381469727,16.18000030517578,6168600.0,16.18000030517578
2010-11-11,16.1200008392334,15.850000381469727,16.09000015258789,16.0,5326300.0,16.0
2010-11-12,16.0,15.630000114440918,15.84000015258789,15.829999923706055,5551200.0,15.829999923706055
2010-11-15,15.930000305175781,15.609999656677246,15.920000076293945,15.680000305175781,4173800.0,15.680000305175781
2010-11-16,15.710000038146973,15.319999694824219,15.510000228881836,15.390000343322754,5854400.0,15.390000343322754
2010-11-17,15.5,15.289999961853027,15.380000114440918,15.420000076293945,2780500.0,15.420000076293945
2010-11-18,15.6899995803833,15.520000457763672,15.569999694824219,15.539999961853027,2762200.0,15.539999961853027
2010-11-19,15.569999694824219,15.3100004196167,15.489999771118164,15.350000381469727,3352700.0,15.350000381469727
2010-11-22,15.529999732971191,15.329999923706055,15.390000343322754,15.40999984741211,4593300.0,15.40999984741211
2010-11-23,15.279999732971191,14.829999923706055,15.279999732971191,14.850000381469727,6757100.0,14.850000381469727
2010-11-24,15.130000114440918,14.770000457763672,14.90999984741211,14.979999542236328,4335100.0,14.979999542236328
2010-11-26,15.069999694824219,14.819999694824219,14.920000076293945,14.819999694824219,1463800.0,14.819999694824219
2010-11-29,15.100000381469727,14.670000076293945,14.8100004196167,15.010000228881836,4993900.0,15.010000228881836
2010-11-30,14.989999771118164,14.699999809265137,14.850000381469727,14.90999984741211,6051600.0,14.90999984741211
2010-12-01,15.25,14.960000038146973,15.0600004196167,15.050000190734863,4001900.0,15.050000190734863
2010-12-02,15.170000076293945,14.899999618530273,15.020000457763672,15.079999923706055,3757100.0,15.079999923706055
2010-12-03,15.199999809265137,14.970000267028809,15.0600004196167,15.180000305175781,2840000.0,15.180000305175781
2010-12-06,15.4399995803833,15.029999732971191,15.15999984741211,15.430000305175781,4729700.0,15.430000305175781
2010-12-07,15.649999618530273,15.300000190734863,15.609999656677246,15.510000228881836,6318900.0,15.510000228881836
2010-12-08,15.760000228881836,15.489999771118164,15.539999961853027,15.75,6250000.0,15.75
2010-12-09,15.979999542236328,15.6899995803833,15.789999961853027,15.75,6850600.0,15.75
2010-12-10,15.880000114440918,15.680000305175781,15.800000190734863,15.819999694824219,3115000.0,15.819999694824219
2010-12-13,15.899999618530273,15.729999542236328,15.850000381469727,15.760000228881836,3487800.0,15.760000228881836
2010-12-14,15.869999885559082,15.649999618530273,15.770000457763672,15.789999961853027,3670400.0,15.789999961853027
2010-12-15,15.819999694824219,15.630000114440918,15.770000457763672,15.710000038146973,4393600.0,15.710000038146973
2010-12-16,15.880000114440918,15.40999984741211,15.6899995803833,15.869999885559082,4366900.0,15.869999885559082
2010-12-17,15.930000305175781,15.8100004196167,15.890000343322754,15.90999984741211,5273800.0,15.90999984741211
2010-12-20,15.970000267028809,15.84000015258789,15.90999984741211,15.850000381469727,3854100.0,15.850000381469727
2010-12-21,15.979999542236328,15.850000381469727,15.890000343322754,15.930000305175781,2449000.0,15.930000305175781
2010-12-22,16.149999618530273,15.880000114440918,15.930000305175781,15.979999542236328,5999000.0,15.979999542236328
2010-12-23,16.030000686645508,15.920000076293945,15.989999771118164,15.9399995803833,1952900.0,15.9399995803833
2010-12-27,16.170000076293945,15.8100004196167,15.899999618530273,16.1299991607666,2498400.0,16.1299991607666
2010-12-28,16.209999084472656,16.030000686645508,16.1200008392334,16.149999618530273,1687300.0,16.149999618530273
2010-12-29,16.579999923706055,16.149999618530273,16.200000762939453,16.549999237060547,4800700.0,16.549999237060547
2010-12-30,16.65999984741211,16.450000762939453,16.549999237060547,16.6200008392334,2429600.0,16.6200008392334
2010-12-31,16.639999389648438,16.170000076293945,16.59000015258789,16.3799991607666,4571200.0,16.3799991607666
2011-01-03,16.549999237060547,16.219999313354492,16.5,16.3799991607666,5643700.0,16.3799991607666
2011-01-04,16.549999237060547,16.329999923706055,16.389999389648438,16.3799991607666,3379100.0,16.3799991607666
2011-01-05,16.549999237060547,16.219999313354492,16.309999465942383,16.280000686645508,5312000.0,16.280000686645508
2011-01-06,16.469999313354492,16.079999923706055,16.299999237060547,16.229999542236328,4779300.0,16.229999542236328
2011-01-07,16.280000686645508,15.970000267028809,16.270000457763672,16.049999237060547,3853600.0,16.049999237060547
2011-01-10,16.079999923706055,15.84000015258789,16.020000457763672,16.010000228881836,5726100.0,16.010000228881836
2011-01-11,16.170000076293945,15.760000228881836,16.15999984741211,16.0,4850700.0,16.0
2011-01-12,16.110000610351562,15.920000076293945,16.06999969482422,16.030000686645508,6902600.0,16.030000686645508
2011-01-13,16.15999984741211,15.920000076293945,16.020000457763672,16.040000915527344,5722400.0,16.040000915527344
2011-01-14,15.989999771118164,15.5,15.9399995803833,15.949999809265137,9191100.0,15.949999809265137
2011-01-18,16.100000381469727,15.890000343322754,15.899999618530273,16.0,4525400.0,16.0
2011-01-19,16.06999969482422,15.8100004196167,15.920000076293945,15.84000015258789,4398300.0,15.84000015258789
2011-01-20,15.90999984741211,15.579999923706055,15.739999771118164,15.760000228881836,3971200.0,15.760000228881836
2011-01-21,15.779999732971191,15.119999885559082,15.760000228881836,15.130000114440918,10497600.0,15.130000114440918
2011-01-24,15.430000305175781,15.0,15.0600004196167,15.289999961853027,5943900.0,15.289999961853027
2011-01-25,15.399999618530273,15.140000343322754,15.289999961853027,15.380000114440918,3250100.0,15.380000114440918
2011-01-26,15.5,15.279999732971191,15.399999618530273,15.34000015258789,3407000.0,15.34000015258789
2011-01-27,15.399999618530273,15.0600004196167,15.300000190734863,15.079999923706055,4182800.0,15.079999923706055
2011-01-28,15.260000228881836,14.800000190734863,15.130000114440918,15.0,6476500.0,15.0
2011-01-31,15.59000015258789,15.0,15.010000228881836,15.59000015258789,8707500.0,15.59000015258789
2011-02-01,15.979999542236328,15.270000457763672,15.579999923706055,15.619999885559082,14463400.0,15.619999885559082
2011-02-02,18.200000762939453,16.229999542236328,17.25,18.09000015258789,43990200.0,18.09000015258789
2011-02-03,18.190000534057617,17.440000534057617,17.799999237060547,18.110000610351562,14102000.0,18.110000610351562
2011-02-04,18.389999389648438,17.889999389648438,18.010000228881836,18.229999542236328,7617000.0,18.229999542236328
2011-02-07,18.3700008392334,18.059999465942383,18.200000762939453,18.280000686645508,5535000.0,18.280000686645508
2011-02-08,18.350000381469727,18.040000915527344,18.270000457763672,18.299999237060547,3830200.0,18.299999237060547
2011-02-09,18.489999771118164,17.920000076293945,18.219999313354492,18.030000686645508,8071900.0,18.030000686645508
2011-02-10,18.329999923706055,17.809999465942383,17.950000762939453,18.200000762939453,7184600.0,18.200000762939453
2011-02-11,18.34000015258789,18.0,18.09000015258789,18.209999084472656,5252900.0,18.209999084472656
2011-02-14,18.559999465942383,18.190000534057617,18.229999542236328,18.399999618530273,3758000.0,18.399999618530273
2011-02-15,18.549999237060547,18.239999771118164,18.299999237060547,18.530000686645508,3778500.0,18.530000686645508
2011-02-16,20.200000762939453,18.59000015258789,18.600000381469727,18.93000030517578,16810000.0,18.93000030517578
2011-02-17,19.649999618530273,18.8700008392334,18.93000030517578,19.360000610351562,8064100.0,19.360000610351562
2011-02-18,19.690000534057617,19.170000076293945,19.3799991607666,19.280000686645508,5856300.0,19.280000686645508
2011-02-22,19.260000228881836,18.850000381469727,19.059999465942383,18.8700008392334,5494700.0,18.8700008392334
2011-02-23,19.139999389648438,18.360000610351562,18.90999984741211,18.860000610351562,11198800.0,18.860000610351562
2011-02-24,19.040000915527344,18.649999618530273,18.770000457763672,18.799999237060547,4532300.0,18.799999237060547
2011-02-25,19.3799991607666,18.959999084472656,18.979999542236328,19.18000030517578,3520500.0,19.18000030517578
2011-02-28,19.18000030517578,18.65999984741211,19.149999618530273,18.799999237060547,5585100.0,18.799999237060547
2011-03-01,19.0,18.389999389648438,18.8700008392334,18.399999618530273,5274600.0,18.399999618530273
2011-03-02,18.90999984741211,18.440000534057617,18.450000762939453,18.709999084472656,4260800.0,18.709999084472656
2011-03-03,19.229999542236328,18.850000381469727,18.889999389648438,18.959999084472656,5323200.0,18.959999084472656
2011-03-04,19.0,18.3700008392334,18.93000030517578,18.790000915527344,5422800.0,18.790000915527344
2011-03-07,18.950000762939453,18.260000228881836,18.81999969482422,18.450000762939453,6825900.0,18.450000762939453
2011-03-08,19.0,18.389999389648438,18.530000686645508,18.75,4518700.0,18.75
2011-03-09,18.760000228881836,18.450000762939453,18.65999984741211,18.6200008392334,2724200.0,18.6200008392334
2011-03-10,18.59000015258789,18.1299991607666,18.459999084472656,18.530000686645508,4444700.0,18.530000686645508
2011-03-11,18.600000381469727,18.18000030517578,18.420000076293945,18.540000915527344,3820600.0,18.540000915527344
2011-03-14,18.6299991607666,18.100000381469727,18.34000015258789,18.600000381469727,4769100.0,18.600000381469727
2011-03-15,18.469999313354492,18.06999969482422,18.09000015258789,18.3700008392334,5520000.0,18.3700008392334
2011-03-16,18.600000381469727,18.149999618530273,18.270000457763672,18.209999084472656,8157700.0,18.209999084472656
2011-03-17,18.739999771118164,18.280000686645508,18.43000030517578,18.670000076293945,6131600.0,18.670000076293945
2011-03-18,18.899999618530273,18.440000534057617,18.84000015258789,18.59000015258789,8189400.0,18.59000015258789
2011-03-21,19.170000076293945,18.739999771118164,18.799999237060547,18.940000534057617,4824000.0,18.940000534057617
2011-03-22,19.06999969482422,18.729999542236328,18.940000534057617,18.81999969482422,4219900.0,18.81999969482422
2011-03-23,19.149999618530273,18.6200008392334,18.739999771118164,19.100000381469727,7811800.0,19.100000381469727
2011-03-24,19.989999771118164,19.139999389648438,19.139999389648438,19.84000015258789,6859400.0,19.84000015258789
2011-03-25,19.899999618530273,19.540000915527344,19.829999923706055,19.700000762939453,3704600.0,19.700000762939453
2011-03-28,19.950000762939453,19.65999984741211,19.709999084472656,19.709999084472656,3459600.0,19.709999084472656
2011-03-29,19.809999465942383,19.489999771118164,19.700000762939453,19.65999984741211,3362900.0,19.65999984741211
2011-03-30,19.850000381469727,19.600000381469727,19.75,19.68000030517578,3296000.0,19.68000030517578
2011-03-31,19.780000686645508,19.399999618530273,19.670000076293945,19.530000686645508,3862000.0,19.530000686645508
2011-04-01,20.0,19.610000610351562,19.700000762939453,19.729999542236328,5693200.0,19.729999542236328
2011-04-04,19.889999389648438,19.549999237060547,19.739999771118164,19.690000534057617,3590000.0,19.690000534057617
2011-04-05,20.290000915527344,19.59000015258789,19.639999389648438,20.030000686645508,6911700.0,20.030000686645508
2011-04-06,20.3700008392334,19.989999771118164,20.020000457763672,20.25,5056500.0,20.25
2011-04-07,20.459999084472656,20.09000015258789,20.18000030517578,20.25,3121700.0,20.25
2011-04-08,20.520000457763672,19.719999313354492,20.3799991607666,19.860000610351562,4536900.0,19.860000610351562
2011-04-11,20.079999923706055,19.6299991607666,19.920000076293945,19.850000381469727,3777000.0,19.850000381469727
2011-04-12,19.790000915527344,19.579999923706055,19.709999084472656,19.739999771118164,4186200.0,19.739999771118164
2011-04-13,20.190000534057617,19.739999771118164,19.799999237060547,19.889999389648438,4645400.0,19.889999389648438
2011-04-14,20.030000686645508,19.639999389648438,19.770000457763672,19.950000762939453,3352300.0,19.950000762939453
2011-04-15,20.170000076293945,19.760000228881836,19.989999771118164,20.1299991607666,3775200.0,20.1299991607666
2011-04-18,19.940000534057617,19.559999465942383,19.8799991607666,19.8700008392334,5033200.0,19.8700008392334
2011-04-19,20.020000457763672,19.84000015258789,19.8700008392334,19.989999771118164,3994300.0,19.989999771118164
2011-04-20,20.520000457763672,20.1299991607666,20.25,20.5,4900800.0,20.5
2011-04-21,20.68000030517578,20.350000381469727,20.549999237060547,20.40999984741211,2593600.0,20.40999984741211
2011-04-25,20.719999313354492,20.399999618530273,20.479999542236328,20.540000915527344,2622800.0,20.540000915527344
2011-04-26,20.510000228881836,20.1299991607666,20.360000610351562,20.229999542236328,8800000.0,20.229999542236328
2011-04-27,20.260000228881836,19.90999984741211,20.260000228881836,20.239999771118164,5143200.0,20.239999771118164
2011-04-28,20.549999237060547,20.139999389648438,20.25,20.489999771118164,4100000.0,20.489999771118164
2011-04-29,20.719999313354492,20.15999984741211,20.489999771118164,20.18000030517578,5710300.0,20.18000030517578
2011-05-02,20.450000762939453,19.860000610351562,20.139999389648438,20.299999237060547,5406100.0,20.299999237060547
2011-05-03,20.729999542236328,19.950000762939453,20.290000915527344,20.15999984741211,3500000.0,20.15999984741211
2011-05-04,20.309999465942383,19.5,20.190000534057617,19.920000076293945,7049900.0,19.920000076293945
2011-05-05,21.719999313354492,20.6299991607666,20.850000381469727,21.68000030517578,18000000.0,21.68000030517578
2011-05-06,22.170000076293945,21.3799991607666,21.68000030517578,21.75,7552400.0,21.75
2011-05-09,22.229999542236328,21.690000534057617,21.75,22.040000915527344,5603600.0,22.040000915527344
2011-05-10,22.8799991607666,21.969999313354492,22.09000015258789,22.760000228881836,7405700.0,22.760000228881836
2011-05-11,22.979999542236328,22.329999923706055,22.649999618530273,22.610000610351562,5600000.0,22.610000610351562
2011-05-12,23.09000015258789,22.440000534057617,22.600000381469727,22.8799991607666,4200000.0,22.8799991607666
2011-05-13,24.049999237060547,22.920000076293945,22.920000076293945,23.700000762939453,10671300.0,23.700000762939453
2011-05-16,23.68000030517578,23.100000381469727,23.559999465942383,23.110000610351562,5474700.0,23.110000610351562
2011-05-17,23.690000534057617,23.09000015258789,23.110000610351562,23.3799991607666,5705200.0,23.3799991607666
2011-05-18,23.850000381469727,23.229999542236328,23.239999771118164,23.719999313354492,3411000.0,23.719999313354492
2011-05-19,23.950000762939453,23.59000015258789,23.690000534057617,23.780000686645508,3651500.0,23.780000686645508
2011-05-20,23.889999389648438,23.440000534057617,23.709999084472656,23.639999389648438,4462300.0,23.639999389648438
2011-05-23,23.469999313354492,23.06999969482422,23.360000610351562,23.350000381469727,3200000.0,23.350000381469727
2011-05-24,23.59000015258789,23.06999969482422,23.440000534057617,23.190000534057617,2889100.0,23.190000534057617
2011-05-25,23.780000686645508,23.100000381469727,23.190000534057617,23.75,3687900.0,23.75
2011-05-26,23.790000915527344,23.40999984741211,23.6200008392334,23.56999969482422,5872900.0,23.56999969482422
2011-05-27,23.959999084472656,23.56999969482422,23.600000381469727,23.899999618530273,3046800.0,23.899999618530273
2011-05-31,24.5,23.770000457763672,24.0,24.40999984741211,6078800.0,24.40999984741211
2011-06-01,24.790000915527344,24.25,24.440000534057617,24.420000076293945,6238300.0,24.420000076293945
2011-06-02,24.670000076293945,24.190000534057617,24.389999389648438,24.239999771118164,5486800.0,24.239999771118164
2011-06-03,24.579999923706055,23.950000762939453,24.139999389648438,24.030000686645508,7042600.0,24.030000686645508
2011-06-06,24.31999969482422,23.709999084472656,23.950000762939453,23.799999237060547,4173800.0,23.799999237060547
2011-06-07,23.850000381469727,23.079999923706055,23.81999969482422,23.350000381469727,6671200.0,23.350000381469727
2011-06-08,23.350000381469727,22.639999389648438,23.280000686645508,22.719999313354492,6670300.0,22.719999313354492
2011-06-09,23.170000076293945,22.549999237060547,22.829999923706055,23.100000381469727,3535100.0,23.100000381469727
2011-06-10,23.200000762939453,22.780000686645508,22.969999313354492,22.809999465942383,4097900.0,22.809999465942383
2011-06-13,23.020000457763672,22.75,22.829999923706055,22.790000915527344,4084900.0,22.790000915527344
2011-06-14,23.270000457763672,22.799999237060547,22.950000762939453,23.200000762939453,4802200.0,23.200000762939453
2011-06-15,23.389999389648438,22.670000076293945,22.959999084472656,22.719999313354492,6933800.0,22.719999313354492
2011-06-16,22.860000610351562,22.209999084472656,22.729999542236328,22.420000076293945,4558000.0,22.420000076293945
2011-06-17,22.799999237060547,22.200000762939453,22.739999771118164,22.239999771118164,5059900.0,22.239999771118164
2011-06-20,22.5,22.200000762939453,22.229999542236328,22.360000610351562,2706000.0,22.360000610351562
2011-06-21,22.809999465942383,22.190000534057617,22.5,22.68000030517578,4099500.0,22.68000030517578
2011-06-22,22.790000915527344,22.489999771118164,22.59000015258789,22.540000915527344,2346000.0,22.540000915527344
2011-06-23,22.270000457763672,21.469999313354492,22.270000457763672,21.899999618530273,10723800.0,21.899999618530273
2011-06-24,21.899999618530273,21.610000610351562,21.8700008392334,21.770000457763672,5020700.0,21.770000457763672
2011-06-27,21.8799991607666,21.600000381469727,21.780000686645508,21.709999084472656,4815200.0,21.709999084472656
2011-06-28,22.579999923706055,21.729999542236328,21.81999969482422,22.549999237060547,5983900.0,22.549999237060547
2011-06-29,23.940000534057617,22.479999542236328,22.479999542236328,23.610000610351562,8716700.0,23.610000610351562
2011-06-30,23.719999313354492,23.329999923706055,23.610000610351562,23.600000381469727,4357400.0,23.600000381469727
2011-07-01,24.200000762939453,23.399999618530273,23.56999969482422,24.190000534057617,4909800.0,24.190000534057617
2011-07-05,24.84000015258789,24.149999618530273,24.25,24.31999969482422,5074400.0,24.31999969482422
2011-07-06,24.549999237060547,24.219999313354492,24.329999923706055,24.350000381469727,4112700.0,24.350000381469727
2011-07-07,24.93000030517578,24.479999542236328,24.59000015258789,24.829999923706055,3795200.0,24.829999923706055
2011-07-08,25.049999237060547,24.489999771118164,24.579999923706055,25.049999237060547,4278400.0,25.049999237060547
2011-07-11,24.969999313354492,24.260000228881836,24.959999084472656,24.389999389648438,3675000.0,24.389999389648438
2011-07-12,24.56999969482422,24.1299991607666,24.399999618530273,24.170000076293945,5341500.0,24.170000076293945
2011-07-13,24.489999771118164,23.329999923706055,23.350000381469727,23.90999984741211,13961900.0,23.90999984741211
2011-07-14,23.760000228881836,23.190000534057617,23.489999771118164,23.510000228881836,9365800.0,23.510000228881836
2011-07-15,23.770000457763672,23.420000076293945,23.6299991607666,23.600000381469727,10622700.0,23.600000381469727
2011-07-18,23.65999984741211,23.309999465942383,23.549999237060547,23.610000610351562,5615300.0,23.610000610351562
2011-07-19,24.239999771118164,23.799999237060547,23.799999237060547,24.100000381469727,9271600.0,24.100000381469727
2011-07-20,24.200000762939453,23.84000015258789,24.200000762939453,24.010000228881836,9361600.0,24.010000228881836
2011-07-21,24.1299991607666,23.770000457763672,24.040000915527344,23.889999389648438,8658700.0,23.889999389648438
2011-07-22,24.049999237060547,23.889999389648438,23.940000534057617,23.93000030517578,7363400.0,23.93000030517578
2011-07-25,24.329999923706055,23.65999984741211,23.850000381469727,24.06999969482422,6434600.0,24.06999969482422
2011-07-26,24.200000762939453,23.719999313354492,24.190000534057617,23.809999465942383,7072200.0,23.809999465942383
2011-07-27,24.3700008392334,22.860000610351562,24.3700008392334,22.969999313354492,15212700.0,22.969999313354492
2011-07-28,23.059999465942383,22.520000457763672,22.90999984741211,22.559999465942383,4959400.0,22.559999465942383
2011-07-29,22.639999389648438,22.049999237060547,22.3799991607666,22.25,5121100.0,22.25
2011-08-01,22.459999084472656,21.760000228881836,22.399999618530273,21.950000762939453,6053600.0,21.950000762939453
2011-08-02,22.190000534057617,21.200000762939453,21.780000686645508,21.209999084472656,8069300.0,21.209999084472656
2011-08-03,21.399999618530273,20.719999313354492,21.18000030517578,21.34000015258789,6667500.0,21.34000015258789
2011-08-04,21.139999389648438,20.139999389648438,21.040000915527344,20.149999618530273,9517000.0,20.149999618530273
2011-08-05,20.489999771118164,19.030000686645508,20.290000915527344,20.0,11431300.0,20.0
2011-08-08,19.690000534057617,18.149999618530273,19.530000686645508,18.149999618530273,10353800.0,18.149999618530273
2011-08-09,18.639999389648438,17.579999923706055,18.270000457763672,18.600000381469727,14181900.0,18.600000381469727
2011-08-10,18.260000228881836,17.520000457763672,18.260000228881836,17.6200008392334,13769500.0,17.6200008392334
2011-08-11,19.3799991607666,18.040000915527344,18.280000686645508,19.149999618530273,15250500.0,19.149999618530273
2011-08-12,19.940000534057617,18.75,19.1299991607666,19.93000030517578,11047500.0,19.93000030517578
2011-08-15,20.389999389648438,19.790000915527344,19.950000762939453,20.260000228881836,5443500.0,20.260000228881836
2011-08-16,20.239999771118164,19.670000076293945,20.110000610351562,20.020000457763672,4605500.0,20.020000457763672
2011-08-17,20.40999984741211,19.530000686645508,20.139999389648438,19.90999984741211,6311900.0,19.90999984741211
2011-08-18,19.389999389648438,18.40999984741211,19.34000015258789,18.8700008392334,7530300.0,18.8700008392334
2011-08-19,19.81999969482422,18.5,18.530000686645508,19.309999465942383,10294200.0,19.309999465942383
2011-08-22,19.940000534057617,19.440000534057617,19.68000030517578,19.600000381469727,6435900.0,19.600000381469727
2011-08-23,20.309999465942383,19.06999969482422,19.65999984741211,20.309999465942383,5556000.0,20.309999465942383
2011-08-24,20.43000030517578,19.84000015258789,20.229999542236328,20.34000015258789,3385500.0,20.34000015258789
2011-08-25,20.510000228881836,19.979999542236328,20.440000534057617,20.399999618530273,6045100.0,20.399999618530273
2011-08-26,21.6200008392334,20.260000228881836,20.270000457763672,21.5,11468700.0,21.5
2011-08-29,22.690000534057617,21.68000030517578,21.780000686645508,22.280000686645508,8212900.0,22.280000686645508
2011-08-30,23.0,22.020000457763672,22.18000030517578,22.559999465942383,8506800.0,22.559999465942383
2011-08-31,22.780000686645508,22.31999969482422,22.3700008392334,22.579999923706055,8981000.0,22.579999923706055
2011-09-01,22.799999237060547,21.93000030517578,22.530000686645508,21.959999084472656,6858200.0,21.959999084472656
2011-09-02,22.1299991607666,21.15999984741211,21.729999542236328,21.989999771118164,6580600.0,21.989999771118164
2011-09-06,22.0,21.040000915527344,21.3799991607666,21.889999389648438,6488700.0,21.889999389648438
2011-09-07,22.729999542236328,22.149999618530273,22.149999618530273,22.549999237060547,18505900.0,22.549999237060547
2011-09-08,22.5,21.93000030517578,22.469999313354492,22.079999923706055,9258000.0,22.079999923706055
2011-09-09,21.959999084472656,21.049999237060547,21.81999969482422,21.360000610351562,10049200.0,21.360000610351562
2011-09-12,22.170000076293945,21.100000381469727,21.190000534057617,22.06999969482422,10463200.0,22.06999969482422
2011-09-13,22.200000762939453,21.709999084472656,22.190000534057617,22.110000610351562,10782000.0,22.110000610351562
2011-09-14,23.0,22.09000015258789,22.239999771118164,22.68000030517578,9510700.0,22.68000030517578
2011-09-15,23.059999465942383,22.540000915527344,23.0,22.969999313354492,8231000.0,22.969999313354492
2011-09-16,23.139999389648438,22.700000762939453,22.979999542236328,23.010000228881836,8892700.0,23.010000228881836
2011-09-19,23.0,22.469999313354492,22.670000076293945,22.8700008392334,6827800.0,22.8700008392334
2011-09-20,23.56999969482422,22.739999771118164,22.93000030517578,22.90999984741211,6805500.0,22.90999984741211
2011-09-21,23.309999465942383,21.940000534057617,23.0,21.950000762939453,8919800.0,21.950000762939453
2011-09-22,21.389999389648438,20.459999084472656,21.290000915527344,20.760000228881836,9932100.0,20.760000228881836
2011-09-23,21.3700008392334,20.520000457763672,20.709999084472656,21.25,6838100.0,21.25
2011-09-26,22.079999923706055,21.190000534057617,21.510000228881836,21.760000228881836,9952500.0,21.760000228881836
2011-09-27,22.360000610351562,21.799999237060547,22.170000076293945,21.920000076293945,11540200.0,21.920000076293945
2011-09-28,22.219999313354492,20.969999313354492,22.1299991607666,21.010000228881836,6451000.0,21.010000228881836
2011-09-29,21.649999618530273,20.06999969482422,21.389999389648438,20.6200008392334,8118400.0,20.6200008392334
2011-09-30,20.989999771118164,20.329999923706055,20.420000076293945,20.450000762939453,6719700.0,20.450000762939453
2011-10-03,20.799999237060547,19.760000228881836,20.3799991607666,19.760000228881836,6540000.0,19.760000228881836
2011-10-04,20.270000457763672,18.989999771118164,19.479999542236328,20.270000457763672,7875900.0,20.270000457763672
2011-10-05,21.010000228881836,20.06999969482422,20.309999465942383,20.959999084472656,9052100.0,20.959999084472656
2011-10-06,22.559999465942383,20.850000381469727,21.0,22.559999465942383,12454200.0,22.559999465942383
2011-10-07,22.700000762939453,22.18000030517578,22.549999237060547,22.3799991607666,7138400.0,22.3799991607666
2011-10-10,23.59000015258789,22.25,22.729999542236328,23.59000015258789,7346800.0,23.59000015258789
2011-10-11,23.850000381469727,23.229999542236328,23.489999771118164,23.510000228881836,5622000.0,23.510000228881836
2011-10-12,23.989999771118164,23.5,23.719999313354492,23.729999542236328,5890300.0,23.729999542236328
2011-10-13,23.8799991607666,23.34000015258789,23.639999389648438,23.829999923706055,5663100.0,23.829999923706055
2011-10-14,24.540000915527344,23.940000534057617,24.09000015258789,24.540000915527344,4776700.0,24.540000915527344
2011-10-17,24.600000381469727,23.75,24.3700008392334,23.829999923706055,4614800.0,23.829999923706055
2011-10-18,24.790000915527344,23.790000915527344,24.06999969482422,24.510000228881836,6890900.0,24.510000228881836
2011-10-19,24.59000015258789,23.56999969482422,24.389999389648438,23.6200008392334,6168000.0,23.6200008392334
2011-10-20,23.790000915527344,22.809999465942383,23.5,23.40999984741211,7175600.0,23.40999984741211
2011-10-21,24.15999984741211,23.280000686645508,23.6200008392334,23.579999923706055,8178000.0,23.579999923706055
2011-10-24,24.950000762939453,23.8700008392334,23.8700008392334,24.940000534057617,7332800.0,24.940000534057617
2011-10-25,24.860000610351562,24.260000228881836,24.729999542236328,24.469999313354492,7056900.0,24.469999313354492
2011-10-26,24.93000030517578,23.739999771118164,24.90999984741211,24.389999389648438,8355500.0,24.389999389648438
2011-10-27,25.280000686645508,23.81999969482422,25.0,24.5,18728200.0,24.5
2011-10-28,24.8799991607666,23.559999465942383,23.559999465942383,24.100000381469727,9402800.0,24.100000381469727
2011-10-31,23.8700008392334,23.190000534057617,23.8700008392334,23.350000381469727,6439600.0,23.350000381469727
2011-11-01,23.020000457763672,22.270000457763672,22.540000915527344,22.459999084472656,8688500.0,22.459999084472656
2011-11-02,23.65999984741211,22.760000228881836,22.850000381469727,23.479999542236328,8774500.0,23.479999542236328
2011-11-03,24.510000228881836,23.329999923706055,23.760000228881836,24.3799991607666,12895700.0,24.3799991607666
2011-11-04,26.1299991607666,23.8700008392334,24.1299991607666,25.200000762939453,15199000.0,25.200000762939453
2011-11-07,25.200000762939453,24.18000030517578,25.110000610351562,24.489999771118164,6393700.0,24.489999771118164
2011-11-08,24.90999984741211,23.8700008392334,24.649999618530273,24.239999771118164,8699300.0,24.239999771118164
2011-11-09,23.770000457763672,22.979999542236328,23.68000030517578,23.030000686645508,4660300.0,23.030000686645508
2011-11-10,23.950000762939453,23.329999923706055,23.329999923706055,23.56999969482422,7451700.0,23.56999969482422
2011-11-11,24.079999923706055,23.639999389648438,23.790000915527344,23.899999618530273,5149300.0,23.899999618530273
2011-11-14,24.06999969482422,23.479999542236328,23.739999771118164,23.75,4649200.0,23.75
2011-11-15,23.940000534057617,23.34000015258789,23.639999389648438,23.809999465942383,4425600.0,23.809999465942383
2011-11-16,24.0,22.989999771118164,23.719999313354492,23.059999465942383,5683800.0,23.059999465942383
2011-11-17,22.989999771118164,22.18000030517578,22.959999084472656,22.31999969482422,6129400.0,22.31999969482422
2011-11-18,22.469999313354492,21.920000076293945,22.450000762939453,21.989999771118164,4241700.0,21.989999771118164
2011-11-21,21.790000915527344,20.889999389648438,21.559999465942383,21.6299991607666,7018500.0,21.6299991607666
2011-11-22,22.110000610351562,21.399999618530273,21.56999969482422,21.860000610351562,3928100.0,21.860000610351562
2011-11-23,21.670000076293945,20.940000534057617,21.579999923706055,20.940000534057617,4047000.0,20.940000534057617
2011-11-25,21.209999084472656,20.81999969482422,20.8799991607666,20.829999923706055,2277400.0,20.829999923706055
2011-11-28,22.440000534057617,21.510000228881836,21.979999542236328,22.09000015258789,7876500.0,22.09000015258789
2011-11-29,22.209999084472656,21.520000457763672,22.149999618530273,21.690000534057617,5002100.0,21.690000534057617
2011-11-30,23.209999084472656,22.440000534057617,22.479999542236328,23.190000534057617,7960900.0,23.190000534057617
2011-12-01,23.799999237060547,23.100000381469727,23.100000381469727,23.329999923706055,7345500.0,23.329999923706055
2011-12-02,23.799999237060547,22.950000762939453,23.579999923706055,23.0,4790600.0,23.0
2011-12-05,23.5,22.59000015258789,23.399999618530273,22.729999542236328,8257700.0,22.729999542236328
2011-12-06,23.40999984741211,22.65999984741211,22.850000381469727,23.149999618530273,7343100.0,23.149999618530273
2011-12-07,23.079999923706055,22.299999237060547,23.020000457763672,22.59000015258789,6718000.0,22.59000015258789
2011-12-08,22.549999237060547,21.459999084472656,22.520000457763672,21.489999771118164,7848400.0,21.489999771118164
2011-12-09,22.049999237060547,21.219999313354492,21.6200008392334,21.989999771118164,5365000.0,21.989999771118164
2011-12-12,21.920000076293945,21.34000015258789,21.81999969482422,21.68000030517578,3436700.0,21.68000030517578
2011-12-13,22.0,20.75,21.760000228881836,20.860000610351562,6699400.0,20.860000610351562
2011-12-14,20.8799991607666,20.260000228881836,20.790000915527344,20.34000015258789,6654900.0,20.34000015258789
2011-12-15,21.06999969482422,20.610000610351562,20.639999389648438,20.920000076293945,6385800.0,20.920000076293945
2011-12-16,21.520000457763672,20.1200008392334,21.1299991607666,20.229999542236328,11655100.0,20.229999542236328
2011-12-19,20.549999237060547,19.770000457763672,20.350000381469727,19.850000381469727,5483300.0,19.850000381469727
2011-12-20,20.6299991607666,19.959999084472656,20.06999969482422,20.56999969482422,3389900.0,20.56999969482422
2011-12-21,21.0,20.170000076293945,20.760000228881836,20.299999237060547,3922100.0,20.299999237060547
2011-12-22,20.489999771118164,20.010000228881836,20.299999237060547,20.299999237060547,3468700.0,20.299999237060547
2011-12-23,20.719999313354492,20.170000076293945,20.399999618530273,20.709999084472656,2235500.0,20.709999084472656
2011-12-27,21.25,20.65999984741211,20.809999465942383,21.010000228881836,5774300.0,21.010000228881836
2011-12-28,21.270000457763672,20.489999771118164,21.030000686645508,20.540000915527344,3363200.0,20.540000915527344
2011-12-29,20.90999984741211,20.3700008392334,20.59000015258789,20.860000610351562,2296700.0,20.860000610351562
2011-12-30,20.959999084472656,20.579999923706055,20.850000381469727,20.600000381469727,2027200.0,20.600000381469727
2012-01-03,21.450000762939453,21.020000457763672,21.049999237060547,21.299999237060547,4859500.0,21.299999237060547
2012-01-04,21.190000534057617,20.260000228881836,21.1200008392334,20.290000915527344,7479400.0,20.290000915527344
2012-01-05,20.809999465942383,20.15999984741211,20.399999618530273,20.530000686645508,5057700.0,20.530000686645508
2012-01-06,20.59000015258789,19.639999389648438,20.469999313354492,19.670000076293945,7231300.0,19.670000076293945
2012-01-09,19.969999313354492,19.079999923706055,19.969999313354492,19.420000076293945,11974600.0,19.420000076293945
2012-01-10,19.760000228881836,19.3799991607666,19.56999969482422,19.459999084472656,6737800.0,19.459999084472656
2012-01-11,19.520000457763672,19.190000534057617,19.299999237060547,19.3799991607666,6786400.0,19.3799991607666
2012-01-12,19.829999923706055,19.329999923706055,19.559999465942383,19.510000228881836,5889700.0,19.510000228881836
2012-01-13,19.34000015258789,17.950000762939453,19.270000457763672,18.040000915527344,18690400.0,18.040000915527344
2012-01-17,18.229999542236328,17.559999465942383,18.1299991607666,17.739999771118164,16483500.0,17.739999771118164
2012-01-18,18.280000686645508,17.700000762939453,17.719999313354492,18.260000228881836,7762000.0,18.260000228881836
2012-01-19,18.399999618530273,16.850000381469727,18.229999542236328,17.540000915527344,19894000.0,17.540000915527344
2012-01-20,18.239999771118164,17.6299991607666,18.0,17.93000030517578,11950700.0,17.93000030517578
2012-01-23,18.18000030517578,17.889999389648438,18.0,17.979999542236328,8974200.0,17.979999542236328
2012-01-24,18.190000534057617,17.5,18.190000534057617,17.940000534057617,9789500.0,17.940000534057617
2012-01-25,18.139999389648438,17.540000915527344,17.770000457763672,18.040000915527344,6058900.0,18.040000915527344
2012-01-26,18.43000030517578,17.59000015258789,18.049999237060547,17.65999984741211,6247300.0,17.65999984741211
2012-01-27,18.34000015258789,17.5,17.510000228881836,18.139999389648438,6775600.0,18.139999389648438
2012-01-30,18.079999923706055,17.799999237060547,18.0,18.030000686645508,5827400.0,18.030000686645508
2012-01-31,18.809999465942383,18.059999465942383,18.149999618530273,18.579999923706055,10794000.0,18.579999923706055
2012-02-01,18.700000762939453,18.100000381469727,18.700000762939453,18.440000534057617,9546800.0,18.440000534057617
2012-02-02,20.639999389648438,19.399999618530273,19.760000228881836,19.56999969482422,25830200.0,19.56999969482422
2012-02-03,19.959999084472656,19.149999618530273,19.799999237060547,19.239999771118164,11070200.0,19.239999771118164
2012-02-06,19.309999465942383,18.920000076293945,19.110000610351562,19.0,9443900.0,19.0
2012-02-07,19.010000228881836,18.40999984741211,18.969999313354492,18.489999771118164,10034800.0,18.489999771118164
2012-02-08,18.760000228881836,18.209999084472656,18.5,18.239999771118164,10334100.0,18.239999771118164
2012-02-09,18.190000534057617,17.520000457763672,17.940000534057617,17.8700008392334,16376200.0,17.8700008392334
2012-02-10,17.5,16.729999542236328,17.139999389648438,17.420000076293945,15862100.0,17.420000076293945
2012-02-13,17.739999771118164,17.309999465942383,17.479999542236328,17.489999771118164,6975400.0,17.489999771118164
2012-02-14,17.670000076293945,17.360000610351562,17.3799991607666,17.65999984741211,6295000.0,17.65999984741211
2012-02-15,18.0,17.440000534057617,17.6200008392334,17.75,6724400.0,17.75
2012-02-16,17.959999084472656,17.5,17.81999969482422,17.770000457763672,5612000.0,17.770000457763672
2012-02-17,17.860000610351562,17.280000686645508,17.75,17.469999313354492,8171700.0,17.469999313354492
2012-02-21,17.6299991607666,17.1299991607666,17.559999465942383,17.219999313354492,5185800.0,17.219999313354492
2012-02-22,17.360000610351562,17.09000015258789,17.260000228881836,17.1299991607666,4524200.0,17.1299991607666
2012-02-23,17.309999465942383,17.06999969482422,17.15999984741211,17.190000534057617,3254000.0,17.190000534057617
2012-02-24,17.329999923706055,16.829999923706055,17.200000762939453,16.93000030517578,7956600.0,16.93000030517578
2012-02-27,17.1200008392334,16.610000610351562,16.809999465942383,16.809999465942383,5665000.0,16.809999465942383
2012-02-28,16.899999618530273,16.639999389648438,16.829999923706055,16.709999084472656,5609500.0,16.709999084472656
2012-02-29,16.75,16.280000686645508,16.6200008392334,16.34000015258789,8730200.0,16.34000015258789
2012-03-01,16.709999084472656,16.049999237060547,16.329999923706055,16.690000534057617,12828300.0,16.690000534057617
2012-03-02,17.020000457763672,16.610000610351562,16.649999618530273,16.780000686645508,9665500.0,16.780000686645508
2012-03-05,16.850000381469727,16.309999465942383,16.719999313354492,16.489999771118164,5933900.0,16.489999771118164
2012-03-06,16.510000228881836,16.190000534057617,16.350000381469727,16.440000534057617,6873400.0,16.440000534057617
2012-03-07,16.56999969482422,16.239999771118164,16.469999313354492,16.510000228881836,5671800.0,16.510000228881836
2012-03-08,17.700000762939453,16.360000610351562,16.56999969482422,17.399999618530273,19118200.0,17.399999618530273
2012-03-09,17.65999984741211,17.0,17.43000030517578,17.260000228881836,9313400.0,17.260000228881836
2012-03-12,17.40999984741211,16.6200008392334,17.270000457763672,16.84000015258789,7918000.0,16.84000015258789
2012-03-13,17.290000915527344,16.760000228881836,16.950000762939453,17.280000686645508,5747500.0,17.280000686645508
2012-03-14,17.270000457763672,16.459999084472656,17.190000534057617,16.5,10552500.0,16.5
2012-03-15,16.8700008392334,16.459999084472656,16.510000228881836,16.709999084472656,6072500.0,16.709999084472656
2012-03-16,17.5,16.649999618530273,16.780000686645508,17.459999084472656,10161000.0,17.459999084472656
2012-03-19,17.399999618530273,17.110000610351562,17.3700008392334,17.170000076293945,6390700.0,17.170000076293945
2012-03-20,17.100000381469727,16.68000030517578,17.030000686645508,17.010000228881836,4776500.0,17.010000228881836
2012-03-21,17.18000030517578,16.889999389648438,16.969999313354492,16.920000076293945,4448100.0,16.920000076293945
2012-03-22,17.1200008392334,16.739999771118164,16.799999237060547,16.959999084472656,4744600.0,16.959999084472656
2012-03-23,17.149999618530273,16.809999465942383,17.020000457763672,16.860000610351562,2905500.0,16.860000610351562
2012-03-26,17.049999237060547,16.809999465942383,17.010000228881836,17.0,3315900.0,17.0
2012-03-27,17.639999389648438,16.989999771118164,17.25,17.020000457763672,4394500.0,17.020000457763672
2012-03-28,17.100000381469727,16.489999771118164,16.979999542236328,16.790000915527344,6392300.0,16.790000915527344
2012-03-29,16.8799991607666,16.290000915527344,16.670000076293945,16.489999771118164,6694500.0,16.489999771118164
2012-03-30,16.780000686645508,16.43000030517578,16.559999465942383,16.489999771118164,4035000.0,16.489999771118164
2012-04-02,16.790000915527344,16.270000457763672,16.479999542236328,16.709999084472656,4286800.0,16.709999084472656
2012-04-03,16.8700008392334,16.59000015258789,16.6299991607666,16.649999618530273,5752800.0,16.649999618530273
2012-04-04,16.649999618530273,16.229999542236328,16.510000228881836,16.260000228881836,3841400.0,16.260000228881836
2012-04-05,16.43000030517578,16.149999618530273,16.209999084472656,16.270000457763672,3734600.0,16.270000457763672
2012-04-09,16.149999618530273,15.899999618530273,16.079999923706055,15.899999618530273,4750800.0,15.899999618530273
2012-04-10,15.970000267028809,15.359999656677246,15.8100004196167,15.550000190734863,9477100.0,15.550000190734863
2012-04-11,15.979999542236328,15.59000015258789,15.65999984741211,15.890000343322754,4622800.0,15.890000343322754
2012-04-12,16.540000915527344,15.800000190734863,15.880000114440918,16.520000457763672,5971000.0,16.520000457763672
2012-04-13,16.530000686645508,16.1200008392334,16.389999389648438,16.18000030517578,3582000.0,16.18000030517578
2012-04-16,16.299999237060547,15.180000305175781,16.209999084472656,15.210000038146973,9772300.0,15.210000038146973
2012-04-17,15.630000114440918,15.260000228881836,15.380000114440918,15.279999732971191,6945600.0,15.279999732971191
2012-04-18,15.359999656677246,14.869999885559082,15.210000038146973,15.069999694824219,5783400.0,15.069999694824219
2012-04-19,15.3100004196167,14.699999809265137,15.020000457763672,14.760000228881836,5767200.0,14.760000228881836
2012-04-20,15.069999694824219,14.649999618530273,14.819999694824219,14.930000305175781,7463700.0,14.930000305175781
2012-04-23,15.0,14.479999542236328,14.699999809265137,14.869999885559082,5675800.0,14.869999885559082
2012-04-24,14.930000305175781,14.720000267028809,14.880000114440918,14.880000114440918,6192100.0,14.880000114440918
2012-04-25,15.079999923706055,14.800000190734863,14.970000267028809,15.010000228881836,4335700.0,15.010000228881836
2012-04-26,16.100000381469727,15.34000015258789,15.760000228881836,15.930000305175781,12922300.0,15.930000305175781
2012-04-27,16.030000686645508,15.25,15.920000076293945,15.319999694824219,7755200.0,15.319999694824219
2012-04-30,15.550000190734863,15.15999984741211,15.239999771118164,15.380000114440918,3630900.0,15.380000114440918
2012-05-01,15.649999618530273,15.239999771118164,15.350000381469727,15.539999961853027,4507700.0,15.539999961853027
2012-05-02,16.020000457763672,15.25,15.489999771118164,15.869999885559082,8072400.0,15.869999885559082
2012-05-03,16.059999465942383,15.600000381469727,15.829999923706055,15.670000076293945,8903100.0,15.670000076293945
2012-05-04,15.609999656677246,15.069999694824219,15.479999542236328,15.119999885559082,6822900.0,15.119999885559082
2012-05-07,15.380000114440918,14.739999771118164,15.369999885559082,15.130000114440918,10259700.0,15.130000114440918
2012-05-08,14.6899995803833,13.829999923706055,14.25,14.479999542236328,21563100.0,14.479999542236328
2012-05-09,14.329999923706055,14.010000228881836,14.319999694824219,14.119999885559082,12661000.0,14.119999885559082
2012-05-10,14.779999732971191,14.229999542236328,14.289999961853027,14.710000038146973,10800000.0,14.710000038146973
2012-05-11,15.0,14.550000190734863,14.619999885559082,14.569999694824219,7983900.0,14.569999694824219
2012-05-14,14.5600004196167,14.329999923706055,14.420000076293945,14.380000114440918,5167100.0,14.380000114440918
2012-05-15,14.699999809265137,14.239999771118164,14.510000228881836,14.3100004196167,5273300.0,14.3100004196167
2012-05-16,14.75,14.350000381469727,14.4399995803833,14.40999984741211,7186000.0,14.40999984741211
2012-05-17,14.59000015258789,14.220000267028809,14.390000343322754,14.239999771118164,6093300.0,14.239999771118164
2012-05-18,14.40999984741211,14.0,14.239999771118164,14.100000381469727,7627600.0,14.100000381469727
2012-05-21,14.430000305175781,13.949999809265137,14.100000381469727,14.380000114440918,6686200.0,14.380000114440918
2012-05-22,14.59000015258789,14.15999984741211,14.359999656677246,14.260000228881836,5576400.0,14.260000228881836
2012-05-23,14.739999771118164,14.0,14.109999656677246,14.6899995803833,5179800.0,14.6899995803833
2012-05-24,14.670000076293945,14.109999656677246,14.649999618530273,14.220000267028809,4255600.0,14.220000267028809
2012-05-25,14.359999656677246,14.079999923706055,14.199999809265137,14.220000267028809,2696700.0,14.220000267028809
2012-05-29,14.630000114440918,14.25,14.319999694824219,14.380000114440918,3477600.0,14.380000114440918
2012-05-30,14.270000457763672,13.970000267028809,14.220000267028809,14.149999618530273,3935500.0,14.149999618530273
2012-05-31,14.149999618530273,13.609999656677246,14.140000343322754,13.619999885559082,7312600.0,13.619999885559082
2012-06-01,13.479999542236328,13.050000190734863,13.390000343322754,13.119999885559082,7443400.0,13.119999885559082
2012-06-04,13.329999923706055,12.859999656677246,13.130000114440918,13.069999694824219,3585800.0,13.069999694824219
2012-06-05,13.359999656677246,12.960000038146973,12.989999771118164,13.140000343322754,4150400.0,13.140000343322754
2012-06-06,13.75,13.220000267028809,13.279999732971191,13.710000038146973,5057300.0,13.710000038146973
2012-06-07,13.890000343322754,13.3100004196167,13.829999923706055,13.420000076293945,5191700.0,13.420000076293945
2012-06-08,13.59000015258789,13.279999732971191,13.40999984741211,13.470000267028809,3074000.0,13.470000267028809
2012-06-11,13.59000015258789,12.789999961853027,13.539999961853027,12.819999694824219,6167000.0,12.819999694824219
2012-06-12,13.010000228881836,12.699999809265137,12.90999984741211,12.789999961853027,6286100.0,12.789999961853027
2012-06-13,12.819999694824219,12.199999809265137,12.75,12.289999961853027,8652900.0,12.289999961853027
2012-06-14,12.460000038146973,12.239999771118164,12.34000015258789,12.319999694824219,5411200.0,12.319999694824219
2012-06-15,12.489999771118164,12.220000267028809,12.3100004196167,12.4399995803833,9771100.0,12.4399995803833
2012-06-18,12.539999961853027,12.220000267028809,12.270000457763672,12.430000305175781,3297900.0,12.430000305175781
2012-06-19,12.710000038146973,12.399999618530273,12.489999771118164,12.670000076293945,4005200.0,12.670000076293945
2012-06-20,12.789999961853027,12.539999961853027,12.640000343322754,12.65999984741211,3288000.0,12.65999984741211
2012-06-21,12.680000305175781,11.979999542236328,12.65999984741211,12.0,4727500.0,12.0
2012-06-22,12.359999656677246,11.670000076293945,11.670000076293945,12.260000228881836,14252900.0,12.260000228881836
2012-06-25,12.1899995803833,11.789999961853027,12.010000228881836,12.119999885559082,5123900.0,12.119999885559082
2012-06-26,12.199999809265137,11.930000305175781,12.09000015258789,11.970000267028809,3427000.0,11.970000267028809
2012-06-27,12.180000305175781,11.880000114440918,12.0,12.109999656677246,3131400.0,12.109999656677246
2012-06-28,12.100000381469727,11.739999771118164,12.010000228881836,11.890000343322754,2644100.0,11.890000343322754
2012-06-29,12.369999885559082,11.930000305175781,12.15999984741211,12.350000381469727,6509300.0,12.350000381469727
2012-07-02,12.380000114440918,12.050000190734863,12.359999656677246,12.279999732971191,3262900.0,12.279999732971191
2012-07-03,12.600000381469727,12.260000228881836,12.260000228881836,12.59000015258789,1484500.0,12.59000015258789
2012-07-05,12.600000381469727,12.369999885559082,12.539999961853027,12.390000343322754,2069500.0,12.390000343322754
2012-07-06,12.34000015258789,11.84000015258789,12.270000457763672,12.020000457763672,2495400.0,12.020000457763672
2012-07-09,12.079999923706055,11.6899995803833,12.020000457763672,11.9399995803833,3667200.0,11.9399995803833
2012-07-10,12.140000343322754,11.5,12.029999732971191,11.59000015258789,2989400.0,11.59000015258789
2012-07-11,11.75,11.520000457763672,11.619999885559082,11.680000305175781,2752900.0,11.680000305175781
2012-07-12,11.899999618530273,11.359999656677246,11.720000267028809,11.59000015258789,4703100.0,11.59000015258789
2012-07-13,11.760000228881836,11.600000381469727,11.619999885559082,11.710000038146973,2580100.0,11.710000038146973
2012-07-16,11.6899995803833,11.489999771118164,11.670000076293945,11.529999732971191,3752400.0,11.529999732971191
2012-07-17,11.619999885559082,11.279999732971191,11.59000015258789,11.359999656677246,3137500.0,11.359999656677246
2012-07-18,11.609999656677246,11.3100004196167,11.34000015258789,11.5,6397700.0,11.5
2012-07-19,12.390000343322754,11.529999732971191,11.550000190734863,12.270000457763672,6431100.0,12.270000457763672
2012-07-20,12.229999542236328,11.930000305175781,12.220000267028809,11.979999542236328,4306500.0,11.979999542236328
2012-07-23,11.960000038146973,11.600000381469727,11.720000267028809,11.819999694824219,4127000.0,11.819999694824219
2012-07-24,11.960000038146973,11.460000038146973,11.779999732971191,11.539999961853027,3014000.0,11.539999961853027
2012-07-25,11.579999923706055,11.289999961853027,11.520000457763672,11.510000228881836,3414200.0,11.510000228881836
2012-07-26,11.760000228881836,10.859999656677246,11.600000381469727,10.949999809265137,10637800.0,10.949999809265137
2012-07-27,11.479999542236328,10.930000305175781,11.039999961853027,11.40999984741211,11198500.0,11.40999984741211
2012-07-30,11.399999618530273,11.109999656677246,11.289999961853027,11.229999542236328,5408700.0,11.229999542236328
2012-07-31,11.329999923706055,10.770000457763672,11.100000381469727,11.020000457763672,8568100.0,11.020000457763672
2012-08-01,11.880000114440918,10.8100004196167,11.5,11.680000305175781,15327900.0,11.680000305175781
2012-08-02,11.75,11.270000457763672,11.399999618530273,11.369999885559082,7875400.0,11.369999885559082
2012-08-03,12.0600004196167,11.510000228881836,11.539999961853027,11.970000267028809,7498600.0,11.970000267028809
2012-08-06,12.289999961853027,12.010000228881836,12.020000457763672,12.199999809265137,4564800.0,12.199999809265137
2012-08-07,12.869999885559082,12.239999771118164,12.239999771118164,12.789999961853027,9081700.0,12.789999961853027
2012-08-08,12.960000038146973,12.6899995803833,12.720000267028809,12.9399995803833,7959700.0,12.9399995803833
2012-08-09,13.15999984741211,12.859999656677246,12.90999984741211,13.119999885559082,7442900.0,13.119999885559082
2012-08-10,13.130000114440918,12.949999809265137,13.109999656677246,13.079999923706055,3851800.0,13.079999923706055
2012-08-13,13.119999885559082,12.739999771118164,13.109999656677246,12.869999885559082,4047600.0,12.869999885559082
2012-08-14,13.0600004196167,12.649999618530273,13.020000457763672,12.710000038146973,3288400.0,12.710000038146973
2012-08-15,13.149999618530273,12.630000114440918,12.710000038146973,13.09000015258789,4252400.0,13.09000015258789
2012-08-16,14.390000343322754,13.619999885559082,14.3100004196167,13.8100004196167,19948300.0,13.8100004196167
2012-08-17,14.0,13.6899995803833,13.949999809265137,13.770000457763672,5952500.0,13.770000457763672
2012-08-20,13.729999542236328,13.300000190734863,13.6899995803833,13.5600004196167,4627700.0,13.5600004196167
2012-08-21,13.649999618530273,13.369999885559082,13.619999885559082,13.5600004196167,5335200.0,13.5600004196167
2012-08-22,13.729999542236328,13.390000343322754,13.479999542236328,13.4399995803833,4132300.0,13.4399995803833
2012-08-23,13.390000343322754,13.079999923706055,13.369999885559082,13.25,4642000.0,13.25
2012-08-24,13.4399995803833,13.119999885559082,13.25,13.329999923706055,3884300.0,13.329999923706055
2012-08-27,13.350000381469727,12.899999618530273,13.329999923706055,12.930000305175781,4121900.0,12.930000305175781
2012-08-28,13.09000015258789,12.789999961853027,13.020000457763672,12.829999923706055,4088500.0,12.829999923706055
2012-08-29,13.010000228881836,12.640000343322754,12.899999618530273,12.850000381469727,2781200.0,12.850000381469727
2012-08-30,13.119999885559082,12.699999809265137,12.800000190734863,13.0,4421600.0,13.0
2012-08-31,13.529999732971191,12.569999694824219,12.720000267028809,13.329999923706055,8415800.0,13.329999923706055
2012-09-04,13.289999961853027,12.720000267028809,13.220000267028809,13.029999732971191,5392400.0,13.029999732971191
2012-09-05,13.199999809265137,12.869999885559082,12.90999984741211,13.140000343322754,3669800.0,13.140000343322754
2012-09-06,13.9399995803833,13.229999542236328,13.329999923706055,13.630000114440918,8820900.0,13.630000114440918
2012-09-07,14.050000190734863,13.539999961853027,13.649999618530273,14.039999961853027,6337700.0,14.039999961853027
2012-09-10,14.020000457763672,13.699999809265137,13.960000038146973,13.84000015258789,5765900.0,13.84000015258789
2012-09-11,13.90999984741211,13.75,13.75,13.8100004196167,6299100.0,13.8100004196167
2012-09-12,14.180000305175781,13.739999771118164,13.90999984741211,13.989999771118164,9692400.0,13.989999771118164
2012-09-13,14.329999923706055,13.869999885559082,13.989999771118164,14.239999771118164,5249000.0,14.239999771118164
2012-09-14,14.640000343322754,14.210000038146973,14.210000038146973,14.5,8743000.0,14.5
2012-09-17,14.510000228881836,14.069999694824219,14.5,14.210000038146973,3596200.0,14.210000038146973
2012-09-18,14.260000228881836,13.880000114440918,14.260000228881836,14.0,3780200.0,14.0
2012-09-19,14.100000381469727,13.859999656677246,14.100000381469727,13.930000305175781,3838300.0,13.930000305175781
2012-09-20,13.960000038146973,13.350000381469727,13.890000343322754,13.479999542236328,7350300.0,13.479999542236328
2012-09-21,13.680000305175781,13.100000381469727,13.59000015258789,13.239999771118164,6691300.0,13.239999771118164
2012-09-24,13.359999656677246,13.010000228881836,13.109999656677246,13.3100004196167,7611200.0,13.3100004196167
2012-09-25,13.399999618530273,12.670000076293945,13.34000015258789,12.680000305175781,6871900.0,12.680000305175781
2012-09-26,12.850000381469727,12.130000114440918,12.420000076293945,12.600000381469727,7146100.0,12.600000381469727
2012-09-27,12.930000305175781,12.670000076293945,12.670000076293945,12.779999732971191,6531900.0,12.779999732971191
2012-09-28,12.720000267028809,12.449999809265137,12.6899995803833,12.6899995803833,4994400.0,12.6899995803833
2012-10-01,12.859999656677246,12.329999923706055,12.729999542236328,12.350000381469727,4965100.0,12.350000381469727
2012-10-02,12.6899995803833,12.350000381469727,12.40999984741211,12.649999618530273,4877600.0,12.649999618530273
2012-10-03,12.890000343322754,12.609999656677246,12.699999809265137,12.850000381469727,5394000.0,12.850000381469727
2012-10-04,13.050000190734863,12.65999984741211,12.8100004196167,13.029999732971191,5454600.0,13.029999732971191
2012-10-05,13.170000076293945,12.859999656677246,13.050000190734863,12.949999809265137,4357300.0,12.949999809265137
2012-10-08,13.069999694824219,12.850000381469727,12.859999656677246,12.979999542236328,3074300.0,12.979999542236328
2012-10-09,13.119999885559082,12.920000076293945,13.010000228881836,13.010000228881836,4680800.0,13.010000228881836
2012-10-10,13.050000190734863,12.819999694824219,12.979999542236328,12.890000343322754,5503300.0,12.890000343322754
2012-10-11,13.109999656677246,12.850000381469727,12.920000076293945,13.050000190734863,4548500.0,13.050000190734863
2012-10-12,13.430000305175781,13.029999732971191,13.140000343322754,13.40999984741211,5363600.0,13.40999984741211
2012-10-15,13.720000267028809,13.270000457763672,13.510000228881836,13.6899995803833,4213500.0,13.6899995803833
2012-10-16,13.979999542236328,13.670000076293945,13.729999542236328,13.979999542236328,4279300.0,13.979999542236328
2012-10-17,13.979999542236328,13.609999656677246,13.609999656677246,13.869999885559082,4174900.0,13.869999885559082
2012-10-18,13.930000305175781,13.670000076293945,13.829999923706055,13.829999923706055,3522900.0,13.829999923706055
2012-10-19,13.789999961853027,13.0,13.75,13.079999923706055,6062300.0,13.079999923706055
2012-10-22,13.300000190734863,12.890000343322754,13.140000343322754,13.050000190734863,5551600.0,13.050000190734863
2012-10-23,13.100000381469727,12.680000305175781,12.880000114440918,12.770000457763672,4982200.0,12.770000457763672
2012-10-24,12.9399995803833,12.350000381469727,12.84000015258789,12.420000076293945,7540300.0,12.420000076293945
2012-10-25,12.640000343322754,12.079999923706055,12.520000457763672,12.210000038146973,6965500.0,12.210000038146973
2012-10-26,12.119999885559082,11.800000190734863,11.970000267028809,11.90999984741211,5942900.0,11.90999984741211
2012-10-31,12.399999618530273,11.899999618530273,11.90999984741211,12.350000381469727,7836500.0,12.350000381469727
2012-11-01,13.029999732971191,12.279999732971191,12.350000381469727,13.0,6895800.0,13.0
2012-11-02,13.100000381469727,12.880000114440918,13.039999961853027,12.989999771118164,6572000.0,12.989999771118164
2012-11-05,13.199999809265137,12.949999809265137,12.960000038146973,13.199999809265137,5539200.0,13.199999809265137
2012-11-06,13.880000114440918,13.199999809265137,13.279999732971191,13.760000228881836,7097100.0,13.760000228881836
2012-11-07,13.649999618530273,13.369999885559082,13.569999694824219,13.4399995803833,7273000.0,13.4399995803833
2012-11-08,13.5,12.90999984741211,13.3100004196167,12.90999984741211,4731600.0,12.90999984741211
2012-11-09,13.140000343322754,12.880000114440918,12.930000305175781,12.890000343322754,4648900.0,12.890000343322754
2012-11-12,13.109999656677246,12.850000381469727,12.979999542236328,13.020000457763672,2176700.0,13.020000457763672
2012-11-13,13.050000190734863,12.890000343322754,12.90999984741211,12.979999542236328,3266400.0,12.979999542236328
2012-11-14,13.109999656677246,12.729999542236328,13.010000228881836,12.75,3457900.0,12.75
2012-11-15,13.109999656677246,12.720000267028809,12.779999732971191,13.050000190734863,5083800.0,13.050000190734863
2012-11-16,13.210000038146973,12.920000076293945,13.149999618530273,13.050000190734863,5742100.0,13.050000190734863
2012-11-19,13.789999961853027,13.109999656677246,13.220000267028809,13.710000038146973,5432400.0,13.710000038146973
2012-11-20,13.880000114440918,13.59000015258789,13.630000114440918,13.859999656677246,4626900.0,13.859999656677246
2012-11-21,14.119999885559082,13.720000267028809,13.770000457763672,13.970000267028809,5011100.0,13.970000267028809
2012-11-23,14.449999809265137,13.960000038146973,14.010000228881836,14.369999885559082,2694600.0,14.369999885559082
2012-11-26,14.670000076293945,14.260000228881836,14.270000457763672,14.600000381469727,5658200.0,14.600000381469727
2012-11-27,14.869999885559082,14.369999885559082,14.5600004196167,14.739999771118164,5595000.0,14.739999771118164
2012-11-28,15.050000190734863,14.510000228881836,14.779999732971191,15.029999732971191,5355300.0,15.029999732971191
2012-11-29,15.319999694824219,14.970000267028809,15.229999542236328,15.029999732971191,6655700.0,15.029999732971191
2012-11-30,15.100000381469727,14.770000457763672,15.0600004196167,14.8100004196167,4638100.0,14.8100004196167
2012-12-03,14.9399995803833,14.489999771118164,14.869999885559082,14.529999732971191,4945000.0,14.529999732971191
2012-12-04,14.569999694824219,14.239999771118164,14.529999732971191,14.4399995803833,3894600.0,14.4399995803833
2012-12-05,14.829999923706055,14.5,14.579999923706055,14.630000114440918,4915300.0,14.630000114440918
2012-12-06,14.829999923706055,14.579999923706055,14.65999984741211,14.819999694824219,3913000.0,14.819999694824219
2012-12-07,14.949999809265137,14.649999618530273,14.829999923706055,14.84000015258789,3678100.0,14.84000015258789
2012-12-10,15.050000190734863,14.720000267028809,14.720000267028809,14.819999694824219,3514100.0,14.819999694824219
2012-12-11,15.210000038146973,14.880000114440918,14.899999618530273,15.149999618530273,8978400.0,15.149999618530273
2012-12-12,15.40999984741211,15.170000076293945,15.170000076293945,15.329999923706055,5259900.0,15.329999923706055
2012-12-13,15.470000267028809,15.180000305175781,15.359999656677246,15.25,2907300.0,15.25
2012-12-14,15.40999984741211,15.09000015258789,15.180000305175781,15.300000190734863,3272100.0,15.300000190734863
2012-12-17,15.470000267028809,15.210000038146973,15.300000190734863,15.420000076293945,4600500.0,15.420000076293945
2012-12-18,15.5,14.770000457763672,15.369999885559082,14.90999984741211,6966900.0,14.90999984741211
2012-12-19,15.079999923706055,14.359999656677246,15.0,14.399999618530273,5953200.0,14.399999618530273
2012-12-20,14.460000038146973,13.760000228881836,14.460000038146973,13.9399995803833,8262700.0,13.9399995803833
2012-12-21,13.970000267028809,13.40999984741211,13.739999771118164,13.890000343322754,18432600.0,13.890000343322754
2012-12-24,14.199999809265137,13.869999885559082,13.880000114440918,14.109999656677246,2928000.0,14.109999656677246
2012-12-26,14.260000228881836,14.0600004196167,14.130000114440918,14.15999984741211,3512000.0,14.15999984741211
2012-12-27,14.25,13.779999732971191,14.09000015258789,14.020000457763672,4006300.0,14.020000457763672
2012-12-28,14.039999961853027,13.789999961853027,13.880000114440918,13.920000076293945,2164300.0,13.920000076293945
2012-12-31,14.550000190734863,13.829999923706055,13.890000343322754,14.520000457763672,7190800.0,14.520000457763672
2013-01-02,14.930000305175781,14.380000114440918,14.770000457763672,14.550000190734863,6881000.0,14.550000190734863
2013-01-03,14.8100004196167,14.510000228881836,14.529999732971191,14.739999771118164,3664600.0,14.739999771118164
2013-01-04,14.949999809265137,14.699999809265137,14.760000228881836,14.880000114440918,3348500.0,14.880000114440918
2013-01-07,14.600000381469727,14.260000228881836,14.260000228881836,14.449999809265137,3863300.0,14.449999809265137
2013-01-08,14.300000190734863,13.770000457763672,14.239999771118164,13.770000457763672,5110000.0,13.770000457763672
2013-01-09,13.850000381469727,13.569999694824219,13.779999732971191,13.699999809265137,3892500.0,13.699999809265137
2013-01-10,14.010000228881836,13.75,13.800000190734863,14.0,3207900.0,14.0
2013-01-11,14.329999923706055,13.289999961853027,13.699999809265137,14.239999771118164,6496800.0,14.239999771118164
2013-01-14,14.5,14.149999618530273,14.229999542236328,14.430000305175781,4188700.0,14.430000305175781
2013-01-15,14.619999885559082,14.170000076293945,14.300000190734863,14.609999656677246,2535400.0,14.609999656677246
2013-01-16,14.770000457763672,14.40999984741211,14.59000015258789,14.600000381469727,2529900.0,14.600000381469727
2013-01-17,14.800000190734863,14.470000267028809,14.65999984741211,14.510000228881836,3157400.0,14.510000228881836
2013-01-18,14.720000267028809,14.399999618530273,14.539999961853027,14.460000038146973,3183700.0,14.460000038146973
2013-01-22,14.489999771118164,14.3100004196167,14.460000038146973,14.430000305175781,3284800.0,14.430000305175781
2013-01-23,14.609999656677246,13.989999771118164,14.520000457763672,14.050000190734863,4998500.0,14.050000190734863
2013-01-24,14.359999656677246,14.020000457763672,14.050000190734863,14.260000228881836,4638500.0,14.260000228881836
2013-01-25,14.920000076293945,14.3100004196167,14.3100004196167,14.770000457763672,3966000.0,14.770000457763672
2013-01-28,15.100000381469727,14.649999618530273,14.979999542236328,15.039999961853027,8397100.0,15.039999961853027
2013-01-29,15.180000305175781,14.819999694824219,15.180000305175781,14.949999809265137,5391600.0,14.949999809265137
2013-01-30,15.479999542236328,14.9399995803833,14.9399995803833,15.079999923706055,8508700.0,15.079999923706055
2013-01-31,16.18000030517578,14.619999885559082,14.630000114440918,15.729999542236328,12537800.0,15.729999542236328
2013-02-01,16.25,15.4399995803833,15.619999885559082,16.190000534057617,9353700.0,16.190000534057617
2013-02-04,16.190000534057617,15.9399995803833,16.010000228881836,16.0,3720200.0,16.0
2013-02-05,17.25,16.15999984741211,16.25,16.889999389648438,11244000.0,16.889999389648438
2013-02-06,17.18000030517578,16.799999237060547,17.18000030517578,16.8799991607666,5423900.0,16.8799991607666
2013-02-07,17.030000686645508,16.719999313354492,16.90999984741211,16.8700008392334,3101000.0,16.8700008392334
2013-02-08,17.510000228881836,16.860000610351562,17.049999237060547,17.3700008392334,4846300.0,17.3700008392334
2013-02-11,17.600000381469727,17.1299991607666,17.299999237060547,17.40999984741211,4414900.0,17.40999984741211
2013-02-12,17.59000015258789,17.280000686645508,17.3799991607666,17.540000915527344,4443500.0,17.540000915527344
2013-02-13,17.549999237060547,17.059999465942383,17.389999389648438,17.170000076293945,5300200.0,17.170000076293945
2013-02-14,17.360000610351562,16.979999542236328,17.1299991607666,17.149999618530273,5668200.0,17.149999618530273
2013-02-15,17.18000030517578,16.829999923706055,17.149999618530273,16.969999313354492,5481100.0,16.969999313354492
2013-02-19,17.75,17.0,17.049999237060547,17.59000015258789,4936300.0,17.59000015258789
2013-02-20,17.75,17.450000762939453,17.510000228881836,17.479999542236328,5319900.0,17.479999542236328
2013-02-21,17.920000076293945,17.15999984741211,17.649999618530273,17.639999389648438,10889900.0,17.639999389648438
2013-02-22,17.8700008392334,17.670000076293945,17.670000076293945,17.809999465942383,3526200.0,17.809999465942383
2013-02-25,18.030000686645508,17.690000534057617,17.84000015258789,17.700000762939453,5689900.0,17.700000762939453
2013-02-26,17.81999969482422,17.450000762939453,17.760000228881836,17.690000534057617,4560000.0,17.690000534057617
2013-02-27,18.200000762939453,17.40999984741211,17.649999618530273,18.1200008392334,5373400.0,18.1200008392334
2013-02-28,18.0,17.520000457763672,17.59000015258789,17.530000686645508,7160500.0,17.530000686645508
2013-03-01,18.079999923706055,17.420000076293945,17.530000686645508,18.040000915527344,5916800.0,18.040000915527344
2013-03-04,18.299999237060547,17.93000030517578,17.969999313354492,18.200000762939453,4846700.0,18.200000762939453
2013-03-05,18.899999618530273,18.299999237060547,18.34000015258789,18.510000228881836,4899100.0,18.510000228881836
2013-03-06,18.8700008392334,18.450000762939453,18.6299991607666,18.6200008392334,3182600.0,18.6200008392334
2013-03-07,18.940000534057617,18.440000534057617,18.559999465942383,18.709999084472656,4026400.0,18.709999084472656
2013-03-08,18.81999969482422,18.479999542236328,18.75,18.579999923706055,3831300.0,18.579999923706055
2013-03-11,19.510000228881836,18.579999923706055,18.579999923706055,19.1299991607666,7736200.0,19.1299991607666
2013-03-12,19.25,18.989999771118164,19.059999465942383,19.25,3948000.0,19.25
2013-03-13,19.149999618530273,18.790000915527344,19.040000915527344,18.940000534057617,5548100.0,18.940000534057617
2013-03-14,19.360000610351562,18.950000762939453,19.06999969482422,19.34000015258789,3483500.0,19.34000015258789
2013-03-15,19.34000015258789,18.8700008392334,19.329999923706055,18.8799991607666,5657900.0,18.8799991607666
2013-03-18,18.770000457763672,18.420000076293945,18.700000762939453,18.709999084472656,5077800.0,18.709999084472656
2013-03-19,18.850000381469727,16.93000030517578,18.709999084472656,17.149999618530273,20063900.0,17.149999618530273
2013-03-20,17.40999984741211,17.079999923706055,17.18000030517578,17.34000015258789,5450700.0,17.34000015258789
2013-03-21,17.989999771118164,17.540000915527344,17.579999923706055,17.700000762939453,5885400.0,17.700000762939453
2013-03-22,18.030000686645508,17.68000030517578,17.68000030517578,17.969999313354492,4712400.0,17.969999313354492
2013-03-25,18.139999389648438,17.510000228881836,18.1200008392334,17.559999465942383,4829200.0,17.559999465942383
2013-03-26,18.149999618530273,17.690000534057617,18.110000610351562,17.770000457763672,4608200.0,17.770000457763672
2013-03-27,17.829999923706055,17.469999313354492,17.760000228881836,17.790000915527344,2673600.0,17.790000915527344
2013-03-28,17.729999542236328,17.389999389648438,17.6299991607666,17.700000762939453,6487400.0,17.700000762939453
2013-04-01,18.020000457763672,17.610000610351562,17.610000610351562,17.920000076293945,4288600.0,17.920000076293945
2013-04-02,17.940000534057617,17.43000030517578,17.75,17.549999237060547,3959800.0,17.549999237060547
2013-04-03,17.59000015258789,17.190000534057617,17.549999237060547,17.239999771118164,4527900.0,17.239999771118164
2013-04-04,17.389999389648438,17.110000610351562,17.34000015258789,17.25,4305700.0,17.25
2013-04-05,17.3700008392334,17.0,17.139999389648438,17.350000381469727,2580200.0,17.350000381469727
2013-04-08,17.3799991607666,16.979999542236328,17.329999923706055,17.270000457763672,2726300.0,17.270000457763672
2013-04-09,17.510000228881836,17.239999771118164,17.360000610351562,17.450000762939453,1778500.0,17.450000762939453
2013-04-10,17.84000015258789,17.280000686645508,17.40999984741211,17.799999237060547,3976300.0,17.799999237060547
2013-04-11,17.959999084472656,17.600000381469727,17.959999084472656,17.6299991607666,3190300.0,17.6299991607666
2013-04-12,17.610000610351562,17.34000015258789,17.530000686645508,17.579999923706055,2168800.0,17.579999923706055
2013-04-15,17.600000381469727,16.899999618530273,17.5,16.90999984741211,4218000.0,16.90999984741211
2013-04-16,17.469999313354492,16.8700008392334,17.100000381469727,17.3700008392334,4366000.0,17.3700008392334
2013-04-17,17.309999465942383,16.84000015258789,17.149999618530273,17.010000228881836,4159700.0,17.010000228881836
2013-04-18,17.100000381469727,16.75,17.020000457763672,16.940000534057617,2282400.0,16.940000534057617
2013-04-19,17.149999618530273,16.649999618530273,16.8799991607666,17.09000015258789,2654300.0,17.09000015258789
2013-04-22,17.3700008392334,16.760000228881836,17.100000381469727,17.280000686645508,3144600.0,17.280000686645508
2013-04-23,17.59000015258789,17.139999389648438,17.290000915527344,17.420000076293945,2200300.0,17.420000076293945
2013-04-24,17.860000610351562,17.420000076293945,17.43000030517578,17.799999237060547,2525900.0,17.799999237060547
2013-04-25,18.059999465942383,17.790000915527344,17.860000610351562,17.940000534057617,3347300.0,17.940000534057617
2013-04-26,18.1200008392334,17.860000610351562,17.959999084472656,17.8799991607666,3222300.0,17.8799991607666
2013-04-29,18.0,17.709999084472656,17.889999389648438,17.770000457763672,2157400.0,17.770000457763672
2013-04-30,17.790000915527344,17.360000610351562,17.770000457763672,17.610000610351562,2409300.0,17.610000610351562
2013-05-01,17.649999618530273,17.15999984741211,17.59000015258789,17.299999237060547,2412100.0,17.299999237060547
2013-05-02,17.540000915527344,17.149999618530273,17.389999389648438,17.540000915527344,2373200.0,17.540000915527344
2013-05-03,18.1299991607666,17.68000030517578,17.690000534057617,17.959999084472656,6220600.0,17.959999084472656
2013-05-06,18.309999465942383,17.6200008392334,17.670000076293945,18.290000915527344,4307500.0,18.290000915527344
2013-05-07,18.850000381469727,18.049999237060547,18.850000381469727,18.40999984741211,8074800.0,18.40999984741211
2013-05-08,21.68000030517578,19.799999237060547,19.799999237060547,21.559999465942383,22314500.0,21.559999465942383
2013-05-09,21.889999389648438,20.950000762939453,21.040000915527344,21.639999389648438,11145700.0,21.639999389648438
2013-05-10,22.56999969482422,21.450000762939453,21.5,22.479999542236328,9168300.0,22.479999542236328
2013-05-13,22.479999542236328,21.450000762939453,22.270000457763672,21.739999771118164,7215100.0,21.739999771118164
2013-05-14,22.43000030517578,21.780000686645508,21.799999237060547,22.40999984741211,4407600.0,22.40999984741211
2013-05-15,22.84000015258789,22.020000457763672,22.040000915527344,22.639999389648438,4810200.0,22.639999389648438
2013-05-16,22.700000762939453,22.0,22.600000381469727,22.020000457763672,4394200.0,22.020000457763672
2013-05-17,22.350000381469727,21.5,21.75,22.209999084472656,5621100.0,22.209999084472656
2013-05-20,22.329999923706055,21.770000457763672,22.0,21.790000915527344,4693500.0,21.790000915527344
2013-05-21,22.59000015258789,21.579999923706055,21.6299991607666,21.969999313354492,6469900.0,21.969999313354492
2013-05-22,22.770000457763672,21.68000030517578,22.1299991607666,21.75,6620500.0,21.75
2013-05-23,22.700000762939453,21.5,21.59000015258789,22.649999618530273,5805900.0,22.649999618530273
2013-05-24,22.979999542236328,22.260000228881836,22.270000457763672,22.770000457763672,6061000.0,22.770000457763672
2013-05-28,23.530000686645508,22.770000457763672,22.989999771118164,23.260000228881836,6106400.0,23.260000228881836
2013-05-29,23.479999542236328,22.959999084472656,23.239999771118164,23.15999984741211,4520900.0,23.15999984741211
2013-05-30,23.540000915527344,23.030000686645508,23.040000915527344,23.350000381469727,3288300.0,23.350000381469727
2013-05-31,23.600000381469727,22.989999771118164,23.190000534057617,22.989999771118164,4526000.0,22.989999771118164
2013-06-03,23.110000610351562,22.510000228881836,23.010000228881836,22.989999771118164,3861700.0,22.989999771118164
2013-06-04,23.1299991607666,22.540000915527344,22.850000381469727,22.719999313354492,4815400.0,22.719999313354492
2013-06-05,23.0,22.56999969482422,22.760000228881836,22.8799991607666,3446800.0,22.8799991607666
2013-06-06,23.280000686645508,22.709999084472656,22.829999923706055,23.280000686645508,3556000.0,23.280000686645508
2013-06-07,23.65999984741211,23.229999542236328,23.5,23.610000610351562,3476200.0,23.610000610351562
2013-06-10,23.65999984741211,22.799999237060547,23.600000381469727,22.8700008392334,3780500.0,22.8700008392334
2013-06-11,23.309999465942383,22.540000915527344,22.739999771118164,22.600000381469727,3851900.0,22.600000381469727
2013-06-12,22.90999984741211,21.43000030517578,22.790000915527344,21.540000915527344,6643000.0,21.540000915527344
2013-06-13,21.649999618530273,20.950000762939453,21.530000686645508,21.489999771118164,7727700.0,21.489999771118164
2013-06-14,22.030000686645508,21.450000762939453,21.489999771118164,21.809999465942383,3587900.0,21.809999465942383
2013-06-17,22.75,21.84000015258789,21.84000015258789,22.43000030517578,4715600.0,22.43000030517578
2013-06-18,23.09000015258789,22.420000076293945,22.420000076293945,23.030000686645508,4485600.0,23.030000686645508
2013-06-19,23.209999084472656,22.829999923706055,22.959999084472656,22.84000015258789,3879100.0,22.84000015258789
2013-06-20,22.770000457763672,22.139999389648438,22.610000610351562,22.149999618530273,3922900.0,22.149999618530273
2013-06-21,22.65999984741211,21.75,22.149999618530273,21.979999542236328,5704300.0,21.979999542236328
2013-06-24,21.940000534057617,21.329999923706055,21.889999389648438,21.610000610351562,3102600.0,21.610000610351562
2013-06-25,22.020000457763672,21.559999465942383,21.850000381469727,21.780000686645508,2307100.0,21.780000686645508
2013-06-26,22.110000610351562,21.649999618530273,22.079999923706055,21.790000915527344,2625900.0,21.790000915527344
2013-06-27,22.59000015258789,21.940000534057617,21.959999084472656,22.209999084472656,2949100.0,22.209999084472656
2013-06-28,23.1200008392334,21.93000030517578,21.93000030517578,22.989999771118164,7366900.0,22.989999771118164
2013-07-01,23.389999389648438,22.8700008392334,22.889999389648438,23.18000030517578,3606600.0,23.18000030517578
2013-07-02,23.540000915527344,22.989999771118164,23.200000762939453,23.520000457763672,3334700.0,23.520000457763672
2013-07-03,23.559999465942383,23.190000534057617,23.280000686645508,23.309999465942383,2064700.0,23.309999465942383
2013-07-05,23.8799991607666,23.31999969482422,23.5,23.829999923706055,1894300.0,23.829999923706055
2013-07-08,23.989999771118164,23.170000076293945,23.889999389648438,23.540000915527344,3816800.0,23.540000915527344
2013-07-09,23.860000610351562,23.399999618530273,23.729999542236328,23.56999969482422,2352600.0,23.56999969482422
2013-07-10,23.90999984741211,23.34000015258789,23.510000228881836,23.899999618530273,3341700.0,23.899999618530273
2013-07-11,24.299999237060547,23.649999618530273,24.100000381469727,24.270000457763672,3735700.0,24.270000457763672
2013-07-12,24.489999771118164,23.979999542236328,24.25,24.31999969482422,2703000.0,24.31999969482422
2013-07-15,24.360000610351562,23.979999542236328,24.25,24.190000534057617,4182500.0,24.190000534057617
2013-07-16,24.389999389648438,24.059999465942383,24.100000381469727,24.190000534057617,2719800.0,24.190000534057617
2013-07-17,24.299999237060547,23.389999389648438,24.299999237060547,23.809999465942383,4703400.0,23.809999465942383
2013-07-18,24.450000762939453,23.850000381469727,23.899999618530273,24.15999984741211,2216000.0,24.15999984741211
2013-07-19,24.350000381469727,23.75,24.170000076293945,24.270000457763672,1881700.0,24.270000457763672
2013-07-22,24.459999084472656,23.899999618530273,24.459999084472656,24.010000228881836,3073100.0,24.010000228881836
2013-07-23,24.43000030517578,23.799999237060547,24.43000030517578,23.829999923706055,3739600.0,23.829999923706055
2013-07-24,26.979999542236328,25.209999084472656,25.219999313354492,25.40999984741211,15658200.0,25.40999984741211
2013-07-25,25.450000762939453,24.510000228881836,25.260000228881836,24.639999389648438,5764000.0,24.639999389648438
2013-07-26,25.950000762939453,24.350000381469727,24.3799991607666,25.81999969482422,6655900.0,25.81999969482422
2013-07-29,25.860000610351562,25.350000381469727,25.40999984741211,25.479999542236328,3011200.0,25.479999542236328
2013-07-30,26.530000686645508,25.540000915527344,25.770000457763672,26.06999969482422,7516200.0,26.06999969482422
2013-07-31,26.420000076293945,25.93000030517578,26.0,26.1200008392334,4136700.0,26.1200008392334
2013-08-01,26.670000076293945,26.06999969482422,26.329999923706055,26.530000686645508,4934900.0,26.530000686645508
2013-08-02,26.649999618530273,26.139999389648438,26.649999618530273,26.56999969482422,3633900.0,26.56999969482422
2013-08-05,26.889999389648438,26.15999984741211,26.40999984741211,26.530000686645508,2610100.0,26.530000686645508
2013-08-06,26.760000228881836,26.219999313354492,26.5,26.440000534057617,2271200.0,26.440000534057617
2013-08-07,26.520000457763672,26.040000915527344,26.239999771118164,26.34000015258789,2015800.0,26.34000015258789
2013-08-08,26.860000610351562,26.399999618530273,26.399999618530273,26.639999389648438,2817000.0,26.639999389648438
2013-08-09,26.850000381469727,26.489999771118164,26.489999771118164,26.649999618530273,1502100.0,26.649999618530273
2013-08-12,26.850000381469727,26.3799991607666,26.399999618530273,26.68000030517578,1554400.0,26.68000030517578
2013-08-13,26.770000457763672,26.420000076293945,26.700000762939453,26.549999237060547,1733100.0,26.549999237060547
2013-08-14,26.799999237060547,26.1200008392334,26.1299991607666,26.65999984741211,3318300.0,26.65999984741211
2013-08-15,26.75,26.440000534057617,26.75,26.479999542236328,3814700.0,26.479999542236328
2013-08-16,26.959999084472656,26.329999923706055,26.360000610351562,26.889999389648438,4219400.0,26.889999389648438
2013-08-19,27.06999969482422,26.520000457763672,26.739999771118164,26.56999969482422,3308700.0,26.56999969482422
2013-08-20,27.920000076293945,26.5,26.520000457763672,26.75,6260600.0,26.75
2013-08-21,26.8799991607666,26.31999969482422,26.579999923706055,26.65999984741211,3303700.0,26.65999984741211
2013-08-22,27.940000534057617,26.950000762939453,27.0,27.780000686645508,2959100.0,27.780000686645508
2013-08-23,28.1299991607666,27.829999923706055,27.969999313354492,27.969999313354492,3759300.0,27.969999313354492
2013-08-26,28.110000610351562,27.6200008392334,28.06999969482422,27.860000610351562,2931100.0,27.860000610351562
2013-08-27,27.770000457763672,26.959999084472656,27.489999771118164,26.989999771118164,4285700.0,26.989999771118164
2013-08-28,27.25,26.65999984741211,26.860000610351562,27.1299991607666,2145900.0,27.1299991607666
2013-08-29,27.700000762939453,27.040000915527344,27.1299991607666,27.56999969482422,2784900.0,27.56999969482422
2013-08-30,27.200000762939453,26.559999465942383,26.979999542236328,26.639999389648438,2997300.0,26.639999389648438
2013-09-03,27.639999389648438,27.030000686645508,27.030000686645508,27.360000610351562,3014100.0,27.360000610351562
2013-09-04,28.0,27.100000381469727,27.489999771118164,27.989999771118164,3311600.0,27.989999771118164
2013-09-05,28.0,27.639999389648438,27.770000457763672,27.68000030517578,1690500.0,27.68000030517578
2013-09-06,27.40999984741211,26.459999084472656,27.3700008392334,26.760000228881836,5234900.0,26.760000228881836
2013-09-09,27.3700008392334,26.639999389648438,26.93000030517578,27.110000610351562,3585400.0,27.110000610351562
2013-09-10,27.440000534057617,26.829999923706055,27.360000610351562,26.950000762939453,3072500.0,26.950000762939453
2013-09-11,27.049999237060547,26.260000228881836,26.90999984741211,26.709999084472656,4093100.0,26.709999084472656
2013-09-12,26.760000228881836,26.229999542236328,26.709999084472656,26.389999389648438,3597500.0,26.389999389648438
2013-09-13,27.18000030517578,26.520000457763672,26.540000915527344,26.670000076293945,3537300.0,26.670000076293945
2013-09-16,27.31999969482422,26.850000381469727,27.040000915527344,26.959999084472656,3631300.0,26.959999084472656
2013-09-17,27.75,26.639999389648438,26.8700008392334,27.600000381469727,4402700.0,27.600000381469727
2013-09-18,27.579999923706055,26.56999969482422,27.5,26.860000610351562,5299600.0,26.860000610351562
2013-09-19,27.239999771118164,26.729999542236328,27.059999465942383,26.979999542236328,2569600.0,26.979999542236328
2013-09-20,27.06999969482422,26.43000030517578,27.020000457763672,26.540000915527344,4571000.0,26.540000915527344
2013-09-23,26.700000762939453,26.18000030517578,26.43000030517578,26.190000534057617,3160000.0,26.190000534057617
2013-09-24,26.68000030517578,26.209999084472656,26.270000457763672,26.549999237060547,3328400.0,26.549999237060547
2013-09-25,26.889999389648438,26.270000457763672,26.540000915527344,26.600000381469727,1695600.0,26.600000381469727
2013-09-26,26.8799991607666,26.1299991607666,26.700000762939453,26.149999618530273,2884500.0,26.149999618530273
2013-09-27,26.239999771118164,25.549999237060547,26.06999969482422,25.950000762939453,4746800.0,25.950000762939453
2013-09-30,25.760000228881836,25.15999984741211,25.59000015258789,25.549999237060547,5138800.0,25.549999237060547
2013-10-01,26.540000915527344,25.549999237060547,25.690000534057617,26.420000076293945,5933900.0,26.420000076293945
2013-10-02,25.989999771118164,25.059999465942383,25.81999969482422,25.6200008392334,6100300.0,25.6200008392334
2013-10-03,25.760000228881836,25.049999237060547,25.649999618530273,25.079999923706055,3791300.0,25.079999923706055
2013-10-04,25.899999618530273,25.059999465942383,25.1200008392334,25.760000228881836,2814500.0,25.760000228881836
2013-10-07,25.600000381469727,25.1200008392334,25.239999771118164,25.25,3633100.0,25.25
2013-10-08,25.389999389648438,24.059999465942383,25.260000228881836,24.06999969482422,5554700.0,24.06999969482422
2013-10-09,24.280000686645508,23.68000030517578,24.18000030517578,24.149999618530273,4026900.0,24.149999618530273
2013-10-10,25.239999771118164,24.469999313354492,24.530000686645508,25.219999313354492,3843000.0,25.219999313354492
2013-10-11,25.290000915527344,24.6200008392334,25.209999084472656,24.719999313354492,4891400.0,24.719999313354492
2013-10-14,24.670000076293945,24.280000686645508,24.579999923706055,24.59000015258789,5349800.0,24.59000015258789
2013-10-15,24.649999618530273,23.940000534057617,24.350000381469727,23.969999313354492,6468800.0,23.969999313354492
2013-10-16,24.770000457763672,24.030000686645508,24.09000015258789,24.209999084472656,5751000.0,24.209999084472656
2013-10-17,24.56999969482422,23.940000534057617,23.950000762939453,24.530000686645508,4001300.0,24.530000686645508
2013-10-18,25.06999969482422,24.520000457763672,24.709999084472656,25.030000686645508,4125700.0,25.030000686645508
2013-10-21,25.239999771118164,24.469999313354492,25.100000381469727,24.5,4032800.0,24.5
2013-10-22,25.649999618530273,24.0,24.489999771118164,25.229999542236328,7725100.0,25.229999542236328
2013-10-23,25.25,24.40999984741211,25.219999313354492,24.610000610351562,3167700.0,24.610000610351562
2013-10-24,24.90999984741211,24.5,24.700000762939453,24.739999771118164,2648200.0,24.739999771118164
2013-10-25,25.149999618530273,24.56999969482422,24.8700008392334,24.75,2343900.0,24.75
2013-10-28,24.950000762939453,24.540000915527344,24.65999984741211,24.829999923706055,4083900.0,24.829999923706055
2013-10-29,25.079999923706055,23.950000762939453,24.969999313354492,24.1299991607666,6510900.0,24.1299991607666
2013-10-30,27.239999771118164,25.690000534057617,26.1299991607666,26.0,12936900.0,26.0
2013-10-31,26.979999542236328,25.700000762939453,25.850000381469727,26.25,9963800.0,26.25
2013-11-01,26.389999389648438,25.1299991607666,26.239999771118164,25.6299991607666,10724900.0,25.6299991607666
2013-11-04,25.850000381469727,25.360000610351562,25.670000076293945,25.729999542236328,4329400.0,25.729999542236328
2013-11-05,25.690000534057617,25.280000686645508,25.6299991607666,25.559999465942383,4449100.0,25.559999465942383
2013-11-06,25.8799991607666,25.56999969482422,25.709999084472656,25.739999771118164,3679900.0,25.739999771118164
2013-11-07,25.850000381469727,25.299999237060547,25.739999771118164,25.329999923706055,4929000.0,25.329999923706055
2013-11-08,25.950000762939453,25.149999618530273,25.360000610351562,25.700000762939453,3349500.0,25.700000762939453
2013-11-11,25.989999771118164,25.3700008392334,25.670000076293945,25.989999771118164,2643800.0,25.989999771118164
2013-11-12,26.6299991607666,25.799999237060547,25.950000762939453,26.440000534057617,4179500.0,26.440000534057617
2013-11-13,26.489999771118164,26.1200008392334,26.329999923706055,26.420000076293945,2754100.0,26.420000076293945
2013-11-14,26.450000762939453,25.770000457763672,26.389999389648438,25.959999084472656,2817700.0,25.959999084472656
2013-11-15,25.940000534057617,23.8700008392334,25.739999771118164,24.059999465942383,11144400.0,24.059999465942383
2013-11-18,24.579999923706055,23.969999313354492,24.149999618530273,24.1200008392334,7690600.0,24.1200008392334
2013-11-19,24.25,23.09000015258789,23.959999084472656,23.31999969482422,7940700.0,23.31999969482422
2013-11-20,23.5,22.84000015258789,23.3700008392334,23.0,5860100.0,23.0
2013-11-21,23.59000015258789,22.68000030517578,23.030000686645508,23.389999389648438,4615200.0,23.389999389648438
2013-11-22,23.559999465942383,22.719999313354492,23.440000534057617,23.139999389648438,4697600.0,23.139999389648438
2013-11-25,23.31999969482422,22.600000381469727,23.15999984741211,22.780000686645508,4066400.0,22.780000686645508
2013-11-26,23.18000030517578,22.440000534057617,22.690000534057617,22.520000457763672,5231200.0,22.520000457763672
2013-11-27,22.639999389648438,22.040000915527344,22.520000457763672,22.110000610351562,5061100.0,22.110000610351562
2013-11-29,22.479999542236328,21.989999771118164,22.09000015258789,22.170000076293945,2471100.0,22.170000076293945
2013-12-02,22.3799991607666,21.84000015258789,22.280000686645508,21.899999618530273,5386300.0,21.899999618530273
2013-12-03,22.190000534057617,21.469999313354492,21.780000686645508,21.540000915527344,5720100.0,21.540000915527344
2013-12-04,22.399999618530273,21.360000610351562,21.719999313354492,22.34000015258789,6561900.0,22.34000015258789
2013-12-05,21.549999237060547,20.469999313354492,21.530000686645508,21.010000228881836,12841600.0,21.010000228881836
2013-12-06,22.56999969482422,21.049999237060547,21.43000030517578,22.239999771118164,8260600.0,22.239999771118164
2013-12-09,22.450000762939453,21.889999389648438,22.020000457763672,22.190000534057617,4538500.0,22.190000534057617
2013-12-10,22.350000381469727,21.889999389648438,22.06999969482422,22.059999465942383,3405900.0,22.059999465942383
2013-12-11,22.229999542236328,21.040000915527344,22.079999923706055,21.079999923706055,8159300.0,21.079999923706055
2013-12-12,21.25,20.780000686645508,21.049999237060547,20.969999313354492,5213700.0,20.969999313354492
2013-12-13,23.219999313354492,21.690000534057617,21.790000915527344,22.219999313354492,8719800.0,22.219999313354492
2013-12-16,22.3799991607666,21.850000381469727,22.200000762939453,22.059999465942383,6999400.0,22.059999465942383
2013-12-17,22.84000015258789,22.079999923706055,22.100000381469727,22.75,4517800.0,22.75
2013-12-18,23.3799991607666,22.639999389648438,22.829999923706055,22.860000610351562,8074200.0,22.860000610351562
2013-12-19,23.65999984741211,22.65999984741211,22.850000381469727,23.420000076293945,6452000.0,23.420000076293945
2013-12-20,23.6200008392334,23.030000686645508,23.469999313354492,23.540000915527344,9411800.0,23.540000915527344
2013-12-23,24.0,23.579999923706055,23.649999618530273,23.860000610351562,3941900.0,23.860000610351562
2013-12-24,23.969999313354492,23.719999313354492,23.93000030517578,23.829999923706055,1076300.0,23.829999923706055
2013-12-26,23.969999313354492,23.540000915527344,23.889999389648438,23.670000076293945,1778200.0,23.670000076293945
2013-12-27,23.770000457763672,23.059999465942383,23.709999084472656,23.170000076293945,3003900.0,23.170000076293945
2013-12-30,23.270000457763672,22.739999771118164,23.139999389648438,22.889999389648438,4375300.0,22.889999389648438
2013-12-31,23.15999984741211,22.6299991607666,23.0,22.940000534057617,3337400.0,22.940000534057617
2014-01-02,22.959999084472656,22.43000030517578,22.899999618530273,22.829999923706055,3550700.0,22.829999923706055
2014-01-03,23.100000381469727,22.5,22.8799991607666,22.68000030517578,3112600.0,22.68000030517578
2014-01-06,23.030000686645508,22.09000015258789,22.809999465942383,22.530000686645508,4300900.0,22.530000686645508
2014-01-07,23.3799991607666,22.530000686645508,22.68000030517578,23.100000381469727,3963000.0,23.100000381469727
2014-01-08,23.450000762939453,23.110000610351562,23.139999389648438,23.309999465942383,3022200.0,23.309999465942383
2014-01-09,23.690000534057617,22.6200008392334,23.420000076293945,22.75,2788700.0,22.75
2014-01-10,23.030000686645508,22.709999084472656,22.790000915527344,23.010000228881836,2026700.0,23.010000228881836
2014-01-13,23.020000457763672,22.329999923706055,23.010000228881836,22.3799991607666,4041200.0,22.3799991607666
2014-01-14,22.600000381469727,21.579999923706055,22.600000381469727,22.459999084472656,9022600.0,22.459999084472656
2014-01-15,22.850000381469727,21.889999389648438,22.600000381469727,21.93000030517578,5948900.0,21.93000030517578
2014-01-16,22.040000915527344,21.25,21.860000610351562,21.540000915527344,9347800.0,21.540000915527344
2014-01-17,24.290000915527344,22.969999313354492,23.030000686645508,24.100000381469727,13893900.0,24.100000381469727
2014-01-21,24.59000015258789,24.010000228881836,24.239999771118164,24.31999969482422,7515100.0,24.31999969482422
2014-01-22,24.389999389648438,24.020000457763672,24.270000457763672,24.170000076293945,4097900.0,24.170000076293945
2014-01-23,24.270000457763672,23.6299991607666,23.950000762939453,23.8700008392334,2630800.0,23.8700008392334
2014-01-24,23.959999084472656,23.389999389648438,23.639999389648438,23.84000015258789,5559800.0,23.84000015258789
2014-01-27,24.59000015258789,23.729999542236328,23.979999542236328,24.469999313354492,8220300.0,24.469999313354492
2014-01-28,25.010000228881836,24.440000534057617,24.549999237060547,24.8700008392334,14116500.0,24.8700008392334
2014-01-29,26.059999465942383,24.65999984741211,25.030000686645508,25.219999313354492,14164800.0,25.219999313354492
2014-01-30,26.219999313354492,25.299999237060547,25.34000015258789,26.030000686645508,6994800.0,26.030000686645508
2014-01-31,26.860000610351562,25.6200008392334,25.93000030517578,26.399999618530273,8244600.0,26.399999618530273
2014-02-03,26.649999618530273,25.56999969482422,26.360000610351562,26.079999923706055,7050400.0,26.079999923706055
2014-02-04,26.790000915527344,26.15999984741211,26.489999771118164,26.18000030517578,9151300.0,26.18000030517578
2014-02-05,26.479999542236328,25.809999465942383,26.049999237060547,26.15999984741211,6565200.0,26.15999984741211
2014-02-06,26.649999618530273,25.559999465942383,25.700000762939453,26.459999084472656,6423300.0,26.459999084472656
2014-02-07,27.700000762939453,26.459999084472656,26.6200008392334,27.200000762939453,9164600.0,27.200000762939453
2014-02-10,27.399999618530273,26.6200008392334,26.760000228881836,26.8799991607666,4858000.0,26.8799991607666
2014-02-11,27.549999237060547,26.450000762939453,26.93000030517578,27.40999984741211,4909700.0,27.40999984741211
2014-02-12,27.8799991607666,27.34000015258789,27.3700008392334,27.860000610351562,3272900.0,27.860000610351562
2014-02-13,27.739999771118164,27.200000762939453,27.520000457763672,27.559999465942383,2957800.0,27.559999465942383
2014-02-14,27.799999237060547,27.450000762939453,27.6200008392334,27.579999923706055,3606300.0,27.579999923706055
2014-02-18,28.5,27.56999969482422,27.610000610351562,28.399999618530273,3535600.0,28.399999618530273
2014-02-19,28.440000534057617,27.889999389648438,28.18000030517578,27.90999984741211,3398400.0,27.90999984741211
2014-02-20,28.139999389648438,27.670000076293945,28.0,27.790000915527344,4224800.0,27.790000915527344
2014-02-21,28.209999084472656,27.799999237060547,27.799999237060547,28.0,3743800.0,28.0
2014-02-24,28.329999923706055,27.950000762939453,28.030000686645508,27.959999084472656,2294100.0,27.959999084472656
2014-02-25,28.15999984741211,27.670000076293945,28.040000915527344,28.100000381469727,3410200.0,28.100000381469727
2014-02-26,28.729999542236328,28.0,28.190000534057617,28.270000457763672,4889500.0,28.270000457763672
2014-02-27,28.6299991607666,27.81999969482422,28.149999618530273,28.540000915527344,2909500.0,28.540000915527344
2014-02-28,28.709999084472656,28.290000915527344,28.31999969482422,28.59000015258789,4761800.0,28.59000015258789
2014-03-03,28.5,27.959999084472656,28.469999313354492,28.09000015258789,2885400.0,28.09000015258789
2014-03-04,28.860000610351562,28.3700008392334,28.43000030517578,28.809999465942383,5976000.0,28.809999465942383
2014-03-05,29.110000610351562,28.65999984741211,28.899999618530273,29.09000015258789,3993400.0,29.09000015258789
2014-03-06,29.649999618530273,29.170000076293945,29.290000915527344,29.209999084472656,3344400.0,29.209999084472656
2014-03-07,29.489999771118164,28.940000534057617,29.440000534057617,29.3799991607666,3493900.0,29.3799991607666
2014-03-10,29.479999542236328,29.020000457763672,29.299999237060547,29.209999084472656,4452000.0,29.209999084472656
2014-03-11,29.899999618530273,29.170000076293945,29.18000030517578,29.799999237060547,7184800.0,29.799999237060547
2014-03-12,30.100000381469727,29.299999237060547,29.440000534057617,29.979999542236328,5355300.0,29.979999542236328
2014-03-13,29.920000076293945,29.309999465942383,29.360000610351562,29.709999084472656,11987900.0,29.709999084472656
2014-03-14,30.469999313354492,29.420000076293945,29.850000381469727,29.600000381469727,7353900.0,29.600000381469727
2014-03-17,30.43000030517578,29.65999984741211,29.65999984741211,30.100000381469727,3341800.0,30.100000381469727
2014-03-18,30.3700008392334,30.059999465942383,30.059999465942383,30.239999771118164,1996000.0,30.239999771118164
2014-03-19,30.469999313354492,29.8799991607666,30.190000534057617,30.229999542236328,2502800.0,30.229999542236328
2014-03-20,30.3700008392334,29.760000228881836,30.139999389648438,30.25,2308700.0,30.25
2014-03-21,30.559999465942383,29.610000610351562,30.559999465942383,29.75,5013000.0,29.75
2014-03-24,30.049999237060547,28.829999923706055,29.889999389648438,29.0,4895400.0,29.0
2014-03-25,29.59000015258789,28.950000762939453,29.239999771118164,29.290000915527344,3240900.0,29.290000915527344
2014-03-26,29.440000534057617,28.420000076293945,29.3700008392334,28.56999969482422,3653500.0,28.56999969482422
2014-03-27,28.6200008392334,27.950000762939453,28.43000030517578,28.479999542236328,4833500.0,28.479999542236328
2014-03-28,29.030000686645508,28.329999923706055,28.6200008392334,28.530000686645508,2716800.0,28.530000686645508
2014-03-31,29.34000015258789,28.389999389648438,28.6299991607666,29.010000228881836,3594900.0,29.010000228881836
2014-04-01,29.489999771118164,28.790000915527344,29.1299991607666,29.469999313354492,3056300.0,29.469999313354492
2014-04-02,29.75,28.920000076293945,29.75,29.1299991607666,3291900.0,29.1299991607666
2014-04-03,29.549999237060547,28.670000076293945,28.850000381469727,28.8700008392334,4281100.0,28.8700008392334
2014-04-04,29.350000381469727,28.530000686645508,29.139999389648438,28.600000381469727,2994400.0,28.600000381469727
2014-04-07,28.760000228881836,28.010000228881836,28.469999313354492,28.34000015258789,2930800.0,28.34000015258789
2014-04-08,28.889999389648438,28.31999969482422,28.350000381469727,28.729999542236328,5502100.0,28.729999542236328
2014-04-09,28.889999389648438,27.260000228881836,28.690000534057617,28.15999984741211,6942200.0,28.15999984741211
2014-04-10,28.329999923706055,27.139999389648438,28.239999771118164,27.219999313354492,5461000.0,27.219999313354492
2014-04-11,27.239999771118164,26.639999389648438,27.239999771118164,26.670000076293945,5703900.0,26.670000076293945
2014-04-14,27.450000762939453,26.709999084472656,26.989999771118164,27.280000686645508,3278300.0,27.280000686645508
2014-04-15,27.559999465942383,26.920000076293945,27.309999465942383,27.469999313354492,4202300.0,27.469999313354492
2014-04-16,27.6200008392334,27.100000381469727,27.219999313354492,27.59000015258789,3320700.0,27.59000015258789
2014-04-17,27.610000610351562,27.350000381469727,27.420000076293945,27.56999969482422,2735000.0,27.56999969482422
2014-04-21,28.18000030517578,27.65999984741211,27.75,27.979999542236328,2570700.0,27.979999542236328
2014-04-22,28.229999542236328,27.59000015258789,27.600000381469727,28.1200008392334,3260100.0,28.1200008392334
2014-04-23,28.260000228881836,27.950000762939453,28.139999389648438,28.149999618530273,2785900.0,28.149999618530273
2014-04-24,28.43000030517578,27.940000534057617,28.31999969482422,28.100000381469727,2187400.0,28.100000381469727
2014-04-25,28.329999923706055,27.809999465942383,28.049999237060547,28.209999084472656,4894500.0,28.209999084472656
2014-04-28,28.420000076293945,27.850000381469727,28.34000015258789,28.18000030517578,3811700.0,28.18000030517578
2014-04-29,28.25,27.760000228881836,28.219999313354492,28.059999465942383,2756100.0,28.059999465942383
2014-04-30,28.350000381469727,27.969999313354492,28.06999969482422,28.299999237060547,2648100.0,28.299999237060547
2014-05-01,29.020000457763672,28.110000610351562,28.479999542236328,28.739999771118164,2833400.0,28.739999771118164
2014-05-02,28.90999984741211,28.299999237060547,28.719999313354492,28.5,2388000.0,28.5
2014-05-05,28.809999465942383,28.059999465942383,28.450000762939453,28.760000228881836,2488500.0,28.760000228881836
2014-05-06,28.969999313354492,28.030000686645508,28.809999465942383,28.049999237060547,4627000.0,28.049999237060547
2014-05-07,34.029998779296875,32.08000183105469,32.33000183105469,33.95000076293945,24834800.0,33.95000076293945
2014-05-08,34.869998931884766,33.11000061035156,33.400001525878906,34.279998779296875,12508400.0,34.279998779296875
2014-05-09,35.25,33.75,34.04999923706055,35.119998931884766,9362600.0,35.119998931884766
2014-05-12,35.459999084472656,34.869998931884766,35.310001373291016,35.310001373291016,5541100.0,35.310001373291016
2014-05-13,35.650001525878906,34.9900016784668,35.38999938964844,35.040000915527344,7488400.0,35.040000915527344
2014-05-14,35.0,34.119998931884766,34.93000030517578,34.130001068115234,5763500.0,34.130001068115234
2014-05-15,34.2400016784668,33.599998474121094,34.029998779296875,33.790000915527344,5193400.0,33.790000915527344
2014-05-16,34.54999923706055,33.709999084472656,33.900001525878906,34.439998626708984,4512800.0,34.439998626708984
2014-05-19,34.790000915527344,33.72999954223633,33.880001068115234,34.56999969482422,3419300.0,34.56999969482422
2014-05-20,34.599998474121094,34.0,34.0099983215332,34.380001068115234,4150600.0,34.380001068115234
2014-05-21,34.880001068115234,34.189998626708984,34.290000915527344,34.599998474121094,2448800.0,34.599998474121094
2014-05-22,34.79999923706055,34.16999816894531,34.2400016784668,34.56999969482422,3281400.0,34.56999969482422
2014-05-23,34.970001220703125,34.40999984741211,34.599998474121094,34.880001068115234,2293200.0,34.880001068115234
2014-05-27,35.16999816894531,34.790000915527344,34.970001220703125,35.08000183105469,2776000.0,35.08000183105469
2014-05-28,35.150001525878906,34.61000061035156,34.91999816894531,34.70000076293945,1823900.0,34.70000076293945
2014-05-29,34.84000015258789,34.29999923706055,34.7599983215332,34.7599983215332,2381500.0,34.7599983215332
2014-05-30,35.13999938964844,34.709999084472656,34.810001373291016,35.130001068115234,2886500.0,35.130001068115234
2014-06-02,35.15999984741211,34.310001373291016,34.97999954223633,34.560001373291016,2117400.0,34.560001373291016
2014-06-03,34.7400016784668,34.25,34.380001068115234,34.72999954223633,2062100.0,34.72999954223633
2014-06-04,35.380001068115234,34.650001525878906,34.70000076293945,34.95000076293945,2447300.0,34.95000076293945
2014-06-05,35.0,34.5,34.95000076293945,34.779998779296875,2197600.0,34.779998779296875
2014-06-06,35.0099983215332,34.59000015258789,34.79999923706055,34.849998474121094,1769900.0,34.849998474121094
2014-06-09,35.08000183105469,34.56999969482422,35.0099983215332,34.90999984741211,2690300.0,34.90999984741211
2014-06-10,35.79999923706055,34.869998931884766,34.869998931884766,35.70000076293945,5076800.0,35.70000076293945
2014-06-11,35.86000061035156,35.22999954223633,35.470001220703125,35.5099983215332,3465400.0,35.5099983215332
2014-06-12,35.75,35.150001525878906,35.45000076293945,35.22999954223633,2807200.0,35.22999954223633
2014-06-13,35.7400016784668,35.150001525878906,35.22999954223633,35.68000030517578,3007300.0,35.68000030517578
2014-06-16,35.900001525878906,35.369998931884766,35.47999954223633,35.70000076293945,2306200.0,35.70000076293945
2014-06-17,36.959999084472656,35.47999954223633,35.54999923706055,36.790000915527344,5933600.0,36.790000915527344
2014-06-18,37.189998626708984,36.5099983215332,36.68000030517578,37.150001525878906,4080600.0,37.150001525878906
2014-06-19,37.2599983215332,36.65999984741211,37.11000061035156,37.06999969482422,3328200.0,37.06999969482422
2014-06-20,37.2400016784668,36.849998474121094,37.2400016784668,37.13999938964844,4861400.0,37.13999938964844
2014-06-23,37.11000061035156,36.81999969482422,36.97999954223633,36.900001525878906,2719700.0,36.900001525878906
2014-06-24,36.95000076293945,36.349998474121094,36.7599983215332,36.36000061035156,4090500.0,36.36000061035156
2014-06-25,36.75,36.16999816894531,36.41999816894531,36.5099983215332,2965700.0,36.5099983215332
2014-06-26,36.58000183105469,36.119998931884766,36.560001373291016,36.27000045776367,2194600.0,36.27000045776367
2014-06-27,36.470001220703125,35.7400016784668,36.2599983215332,35.88999938964844,6837000.0,35.88999938964844
2014-06-30,36.0,35.560001373291016,35.91999816894531,35.869998931884766,3521700.0,35.869998931884766
2014-07-01,36.599998474121094,35.70000076293945,36.029998779296875,36.40999984741211,3302300.0,36.40999984741211
2014-07-02,36.849998474121094,36.349998474121094,36.400001525878906,36.7599983215332,2390800.0,36.7599983215332
2014-07-03,37.029998779296875,36.54999923706055,36.79999923706055,36.91999816894531,1161900.0,36.91999816894531
2014-07-07,36.90999984741211,36.060001373291016,36.75,36.15999984741211,2647100.0,36.15999984741211
2014-07-08,36.369998931884766,35.08000183105469,36.369998931884766,35.290000915527344,3791300.0,35.290000915527344
2014-07-09,35.7599983215332,35.290000915527344,35.630001068115234,35.52000045776367,3201300.0,35.52000045776367
2014-07-10,36.04999923706055,34.93000030517578,35.040000915527344,35.849998474121094,3330600.0,35.849998474121094
2014-07-11,35.9900016784668,35.630001068115234,35.84000015258789,35.970001220703125,1825000.0,35.970001220703125
2014-07-14,36.65999984741211,36.099998474121094,36.349998474121094,36.54999923706055,2445300.0,36.54999923706055
2014-07-15,36.72999954223633,35.79999923706055,36.36000061035156,36.18000030517578,2540000.0,36.18000030517578
2014-07-16,37.29999923706055,36.349998474121094,36.45000076293945,37.119998931884766,3493300.0,37.119998931884766
2014-07-17,37.720001220703125,36.630001068115234,36.630001068115234,37.060001373291016,3537000.0,37.060001373291016
2014-07-18,38.56999969482422,36.9900016784668,37.029998779296875,38.380001068115234,5499500.0,38.380001068115234
2014-07-21,38.619998931884766,37.790000915527344,38.099998474121094,38.41999816894531,4409600.0,38.41999816894531
2014-07-22,38.63999938964844,37.959999084472656,38.58000183105469,38.41999816894531,6068100.0,38.41999816894531
2014-07-23,37.779998779296875,35.97999954223633,37.43000030517578,36.040000915527344,13034100.0,36.040000915527344
2014-07-24,36.95000076293945,36.08000183105469,36.33000183105469,36.84000015258789,6046000.0,36.84000015258789
2014-07-25,36.65999984741211,35.88999938964844,36.47999954223633,36.040000915527344,4059600.0,36.040000915527344
2014-07-28,36.040000915527344,35.08000183105469,36.02000045776367,35.09000015258789,9702400.0,35.09000015258789
2014-07-29,35.29999923706055,34.150001525878906,35.22999954223633,34.34000015258789,9114000.0,34.34000015258789
2014-07-30,34.56999969482422,34.310001373291016,34.5,34.5,4996500.0,34.5
2014-07-31,34.369998931884766,33.58000183105469,34.2400016784668,33.599998474121094,3897800.0,33.599998474121094
2014-08-01,34.04999923706055,33.459999084472656,33.54999923706055,33.709999084472656,4239200.0,33.709999084472656
2014-08-04,34.29999923706055,33.560001373291016,33.560001373291016,34.18000030517578,3674700.0,34.18000030517578
2014-08-05,34.33000183105469,33.66999816894531,34.060001373291016,34.130001068115234,3654800.0,34.130001068115234
2014-08-06,34.34000015258789,33.81999969482422,34.09000015258789,34.27000045776367,3240800.0,34.27000045776367
2014-08-07,34.52000045776367,33.16999816894531,34.369998931884766,33.310001373291016,4039600.0,33.310001373291016
2014-08-08,34.33000183105469,33.0099983215332,33.349998474121094,34.290000915527344,3802600.0,34.290000915527344
2014-08-11,35.130001068115234,34.34000015258789,34.34000015258789,35.06999969482422,4426800.0,35.06999969482422
2014-08-12,35.880001068115234,34.90999984741211,35.04999923706055,35.54999923706055,5650600.0,35.54999923706055
2014-08-13,36.439998626708984,35.380001068115234,35.59000015258789,36.40999984741211,4110200.0,36.40999984741211
2014-08-14,36.70000076293945,36.349998474121094,36.380001068115234,36.59000015258789,2667100.0,36.59000015258789
2014-08-15,36.79999923706055,35.869998931884766,36.779998779296875,36.13999938964844,3576700.0,36.13999938964844
2014-08-18,36.86000061035156,36.2400016784668,36.86000061035156,36.66999816894531,2373300.0,36.66999816894531
2014-08-19,37.220001220703125,36.58000183105469,36.619998931884766,37.0099983215332,4241100.0,37.0099983215332
2014-08-20,37.59000015258789,36.91999816894531,37.0,37.560001373291016,2951000.0,37.560001373291016
2014-08-21,37.83000183105469,37.189998626708984,37.66999816894531,37.7599983215332,3024800.0,37.7599983215332
2014-08-22,38.209999084472656,37.650001525878906,37.720001220703125,38.15999984741211,3312300.0,38.15999984741211
2014-08-25,38.38999938964844,37.560001373291016,38.349998474121094,37.619998931884766,2543800.0,37.619998931884766
2014-08-26,37.7599983215332,37.310001373291016,37.689998626708984,37.560001373291016,1672900.0,37.560001373291016
2014-08-27,37.650001525878906,36.97999954223633,37.5,37.220001220703125,2144100.0,37.220001220703125
2014-08-28,37.18000030517578,36.84000015258789,37.08000183105469,37.099998474121094,1866800.0,37.099998474121094
2014-08-29,37.86000061035156,36.72999954223633,36.75,37.84000015258789,2796100.0,37.84000015258789
2014-09-02,38.029998779296875,37.540000915527344,37.81999969482422,38.0099983215332,4259000.0,38.0099983215332
2014-09-03,38.29999923706055,37.849998474121094,38.189998626708984,37.88999938964844,2307100.0,37.88999938964844
2014-09-04,38.18000030517578,37.290000915527344,38.060001373291016,37.36000061035156,3014100.0,37.36000061035156
2014-09-05,37.689998626708984,37.130001068115234,37.29999923706055,37.689998626708984,1772500.0,37.689998626708984
2014-09-08,38.099998474121094,37.529998779296875,37.619998931884766,38.0,2971700.0,38.0
2014-09-09,37.95000076293945,37.38999938964844,37.95000076293945,37.45000076293945,2698400.0,37.45000076293945
2014-09-10,37.900001525878906,37.45000076293945,37.540000915527344,37.810001373291016,2653500.0,37.810001373291016
2014-09-11,38.06999969482422,37.5,37.54999923706055,38.040000915527344,2402700.0,38.040000915527344
2014-09-12,37.959999084472656,36.84000015258789,37.93000030517578,37.15999984741211,3462100.0,37.15999984741211
2014-09-15,37.29999923706055,36.189998626708984,37.27000045776367,36.529998779296875,2947400.0,36.529998779296875
2014-09-16,37.25,36.33000183105469,36.400001525878906,37.02000045776367,2299800.0,37.02000045776367
2014-09-17,37.470001220703125,36.279998779296875,36.810001373291016,36.40999984741211,6665700.0,36.40999984741211
2014-09-18,37.310001373291016,36.41999816894531,36.4900016784668,37.25,2425000.0,37.25
2014-09-19,37.45000076293945,36.70000076293945,37.43000030517578,36.709999084472656,3388300.0,36.709999084472656
2014-09-22,36.810001373291016,36.22999954223633,36.68000030517578,36.61000061035156,1746200.0,36.61000061035156
2014-09-23,37.02000045776367,36.380001068115234,36.56999969482422,36.66999816894531,2523900.0,36.66999816894531
2014-09-24,36.91999816894531,36.529998779296875,36.77000045776367,36.869998931884766,1421300.0,36.869998931884766
2014-09-25,36.93000030517578,35.77000045776367,36.63999938964844,35.81999969482422,3089300.0,35.81999969482422
2014-09-26,36.119998931884766,35.56999969482422,35.959999084472656,35.959999084472656,2217600.0,35.959999084472656
2014-09-29,35.95000076293945,35.29999923706055,35.560001373291016,35.779998779296875,2068100.0,35.779998779296875
2014-09-30,36.119998931884766,35.5099983215332,35.779998779296875,35.61000061035156,2146400.0,35.61000061035156
2014-10-01,35.58000183105469,34.83000183105469,35.540000915527344,35.13999938964844,2538700.0,35.13999938964844
2014-10-02,35.849998474121094,34.81999969482422,35.09000015258789,35.59000015258789,2631300.0,35.59000015258789
2014-10-03,36.0099983215332,35.529998779296875,35.869998931884766,35.95000076293945,2467100.0,35.95000076293945
2014-10-06,36.29999923706055,35.810001373291016,36.099998474121094,36.0,1790700.0,36.0
2014-10-07,36.0,34.900001525878906,35.68000030517578,34.91999816894531,3094500.0,34.91999816894531
2014-10-08,35.310001373291016,34.31999969482422,34.93000030517578,35.279998779296875,3844400.0,35.279998779296875
2014-10-09,36.040000915527344,34.810001373291016,35.400001525878906,35.0099983215332,2833400.0,35.0099983215332
2014-10-10,35.720001220703125,34.5099983215332,35.5099983215332,34.529998779296875,4095600.0,34.529998779296875
2014-10-13,34.70000076293945,33.189998626708984,34.459999084472656,33.22999954223633,4231800.0,33.22999954223633
2014-10-14,33.779998779296875,32.38999938964844,33.59000015258789,32.7400016784668,5577600.0,32.7400016784668
2014-10-15,33.540000915527344,31.770000457763672,32.2400016784668,33.380001068115234,5765500.0,33.380001068115234
2014-10-16,33.33000183105469,32.43000030517578,32.709999084472656,32.619998931884766,4259000.0,32.619998931884766
2014-10-17,34.779998779296875,32.75,33.0099983215332,34.279998779296875,4881900.0,34.279998779296875
2014-10-20,35.04999923706055,34.11000061035156,34.13999938964844,34.93000030517578,3344100.0,34.93000030517578
2014-10-21,35.70000076293945,35.029998779296875,35.09000015258789,35.689998626708984,2681300.0,35.689998626708984
2014-10-22,35.86000061035156,34.9900016784668,35.68000030517578,35.04999923706055,2203700.0,35.04999923706055
2014-10-23,36.47999954223633,35.20000076293945,35.43000030517578,36.2400016784668,3083300.0,36.2400016784668
2014-10-24,36.63999938964844,35.97999954223633,36.189998626708984,36.349998474121094,2413100.0,36.349998474121094
2014-10-27,37.150001525878906,35.9900016784668,36.130001068115234,36.869998931884766,2763300.0,36.869998931884766
2014-10-28,37.65999984741211,36.869998931884766,36.869998931884766,37.47999954223633,4608000.0,37.47999954223633
2014-10-29,40.34000015258789,38.66999816894531,38.81999969482422,38.90999984741211,10615200.0,38.90999984741211
2014-10-30,39.86000061035156,38.52000045776367,38.63999938964844,39.849998474121094,6688100.0,39.849998474121094
2014-10-31,41.349998474121094,40.099998474121094,40.099998474121094,40.970001220703125,5966300.0,40.970001220703125
2014-11-03,41.45000076293945,40.720001220703125,41.15999984741211,40.959999084472656,4294700.0,40.959999084472656
2014-11-04,41.0,40.400001525878906,40.75,40.63999938964844,4099400.0,40.63999938964844
2014-11-05,41.08000183105469,40.18000030517578,40.91999816894531,40.72999954223633,2691900.0,40.72999954223633
2014-11-06,41.13999938964844,40.720001220703125,40.77000045776367,40.79999923706055,2099100.0,40.79999923706055
2014-11-07,41.0,40.11000061035156,40.7400016784668,40.939998626708984,3717600.0,40.939998626708984
2014-11-10,41.43000030517578,40.61000061035156,40.97999954223633,41.2599983215332,4467300.0,41.2599983215332
2014-11-11,41.41999816894531,41.02000045776367,41.290000915527344,41.13999938964844,2150700.0,41.13999938964844
2014-11-12,41.279998779296875,40.58000183105469,41.060001373291016,41.20000076293945,2827700.0,41.20000076293945
2014-11-13,41.720001220703125,41.06999969482422,41.34000015258789,41.45000076293945,3780900.0,41.45000076293945
2014-11-14,41.63999938964844,40.869998931884766,41.5,41.470001220703125,3687600.0,41.470001220703125
2014-11-17,41.95000076293945,41.20000076293945,41.400001525878906,41.400001525878906,2293300.0,41.400001525878906
2014-11-18,42.88999938964844,41.720001220703125,41.81999969482422,42.869998931884766,4571800.0,42.869998931884766
2014-11-19,43.72999954223633,42.349998474121094,42.869998931884766,43.45000076293945,6215300.0,43.45000076293945
2014-11-20,43.47999954223633,43.06999969482422,43.2599983215332,43.150001525878906,5915400.0,43.150001525878906
2014-11-21,44.060001373291016,43.25,43.66999816894531,43.5,3328500.0,43.5
2014-11-24,43.790000915527344,43.38999938964844,43.560001373291016,43.599998474121094,3128100.0,43.599998474121094
2014-11-25,44.5,43.56999969482422,43.619998931884766,44.0099983215332,4211900.0,44.0099983215332
2014-11-26,43.970001220703125,43.52000045776367,43.93000030517578,43.68000030517578,3562700.0,43.68000030517578
2014-11-28,44.189998626708984,43.560001373291016,44.09000015258789,43.93000030517578,2135100.0,43.93000030517578
2014-12-01,43.86000061035156,43.040000915527344,43.7599983215332,43.150001525878906,3683500.0,43.150001525878906
2014-12-02,43.84000015258789,43.130001068115234,43.209999084472656,43.630001068115234,2944100.0,43.630001068115234
2014-12-03,46.22999954223633,43.439998626708984,43.439998626708984,45.9900016784668,7562700.0,45.9900016784668
2014-12-04,46.97999954223633,45.47999954223633,45.79999923706055,46.4900016784668,6607800.0,46.4900016784668
2014-12-05,47.130001068115234,46.15999984741211,46.52000045776367,46.65999984741211,3777700.0,46.65999984741211
2014-12-08,46.56999969482422,45.689998626708984,46.439998626708984,46.0099983215332,4087600.0,46.0099983215332
2014-12-09,45.86000061035156,44.95000076293945,45.560001373291016,45.58000183105469,5206400.0,45.58000183105469
2014-12-10,45.939998626708984,44.560001373291016,45.529998779296875,44.7599983215332,4254300.0,44.7599983215332
2014-12-11,45.72999954223633,44.81999969482422,44.83000183105469,45.119998931884766,2814300.0,45.119998931884766
2014-12-12,45.790000915527344,44.540000915527344,44.72999954223633,44.900001525878906,3546400.0,44.900001525878906
2014-12-15,46.38999938964844,44.93000030517578,45.0,45.45000076293945,5530700.0,45.45000076293945
2014-12-16,46.18000030517578,44.869998931884766,45.22999954223633,45.45000076293945,5673300.0,45.45000076293945
2014-12-17,46.5,45.220001220703125,45.5,46.060001373291016,5668100.0,46.060001373291016
2014-12-18,47.2599983215332,46.16999816894531,46.16999816894531,47.2400016784668,6805100.0,47.2400016784668
2014-12-19,47.689998626708984,47.060001373291016,47.5,47.459999084472656,9988300.0,47.459999084472656
2014-12-22,48.36000061035156,47.4900016784668,47.68000030517578,47.849998474121094,3072000.0,47.849998474121094
2014-12-23,48.34000015258789,47.40999984741211,47.97999954223633,47.84000015258789,2993000.0,47.84000015258789
2014-12-24,48.310001373291016,47.86000061035156,47.959999084472656,48.060001373291016,844900.0,48.060001373291016
2014-12-26,48.529998779296875,47.779998779296875,48.08000183105469,48.33000183105469,1161700.0,48.33000183105469
2014-12-29,48.52000045776367,47.52000045776367,48.33000183105469,47.59000015258789,1750300.0,47.59000015258789
2014-12-30,47.79999923706055,47.25,47.619998931884766,47.380001068115234,1796100.0,47.380001068115234
2014-12-31,47.95000076293945,46.970001220703125,47.5,47.02000045776367,1842300.0,47.02000045776367
2015-01-02,47.66999816894531,46.58000183105469,47.189998626708984,46.869998931884766,1959800.0,46.869998931884766
2015-01-05,47.34000015258789,46.52000045776367,46.959999084472656,46.56999969482422,2727600.0,46.56999969482422
2015-01-06,47.33000183105469,45.41999816894531,46.869998931884766,45.959999084472656,4418900.0,45.959999084472656
2015-01-07,47.029998779296875,46.099998474121094,46.27000045776367,46.810001373291016,4849400.0,46.810001373291016
2015-01-08,48.25,47.0099983215332,47.0099983215332,48.130001068115234,3877000.0,48.130001068115234
2015-01-09,48.25,47.06999969482422,48.04999923706055,47.5099983215332,3181400.0,47.5099983215332
2015-01-12,47.619998931884766,46.5099983215332,47.54999923706055,47.060001373291016,2158300.0,47.060001373291016
2015-01-13,48.18000030517578,46.02000045776367,47.59000015258789,46.41999816894531,3287300.0,46.41999816894531
2015-01-14,46.95000076293945,45.209999084472656,45.52000045776367,46.900001525878906,3100400.0,46.900001525878906
2015-01-15,46.9900016784668,45.9900016784668,46.93000030517578,46.63999938964844,3073500.0,46.63999938964844
2015-01-16,48.15999984741211,46.2599983215332,46.66999816894531,48.09000015258789,3220000.0,48.09000015258789
2015-01-20,48.59000015258789,47.5099983215332,48.2400016784668,47.810001373291016,4049400.0,47.810001373291016
2015-01-21,48.4900016784668,47.290000915527344,47.709999084472656,48.06999969482422,4209300.0,48.06999969482422
2015-01-22,49.400001525878906,47.91999816894531,48.34000015258789,49.36000061035156,3478700.0,49.36000061035156
2015-01-23,50.40999984741211,49.33000183105469,49.43000030517578,49.790000915527344,5258600.0,49.790000915527344
2015-01-26,49.790000915527344,48.790000915527344,49.29999923706055,49.47999954223633,4310900.0,49.47999954223633
2015-01-27,49.16999816894531,48.220001220703125,48.79999923706055,48.40999984741211,5998000.0,48.40999984741211
2015-01-28,55.16999816894531,51.220001220703125,51.86000061035156,54.61000061035156,16170000.0,54.61000061035156
2015-01-29,55.58000183105469,53.880001068115234,54.43000030517578,55.33000183105469,8256700.0,55.33000183105469
2015-01-30,55.79999923706055,54.470001220703125,55.0,54.86000061035156,5048600.0,54.86000061035156
2015-02-02,55.11000061035156,53.54999923706055,55.029998779296875,54.970001220703125,5238900.0,54.970001220703125
2015-02-03,55.25,53.970001220703125,55.040000915527344,54.52000045776367,4349100.0,54.52000045776367
2015-02-04,55.279998779296875,54.040000915527344,54.540000915527344,54.560001373291016,3670300.0,54.560001373291016
2015-02-05,56.70000076293945,54.61000061035156,54.72999954223633,56.38999938964844,4959300.0,56.38999938964844
2015-02-06,56.95000076293945,54.79999923706055,56.279998779296875,55.13999938964844,4833600.0,55.13999938964844
2015-02-09,55.0,54.08000183105469,54.70000076293945,54.279998779296875,3216000.0,54.279998779296875
2015-02-10,55.08000183105469,53.86000061035156,54.470001220703125,54.7599983215332,3769500.0,54.7599983215332
2015-02-11,55.279998779296875,54.52000045776367,54.869998931884766,54.95000076293945,2193000.0,54.95000076293945
2015-02-12,56.63999938964844,55.220001220703125,55.290000915527344,56.20000076293945,3783200.0,56.20000076293945
2015-02-13,56.90999984741211,55.63999938964844,56.349998474121094,56.38999938964844,2907200.0,56.38999938964844
2015-02-17,56.900001525878906,55.939998626708984,56.459999084472656,56.7599983215332,3174000.0,56.7599983215332
2015-02-18,57.619998931884766,56.52000045776367,56.58000183105469,57.61000061035156,3469500.0,57.61000061035156
2015-02-19,57.70000076293945,57.08000183105469,57.61000061035156,57.13999938964844,3000800.0,57.13999938964844
2015-02-20,57.720001220703125,56.66999816894531,57.13999938964844,57.66999816894531,2284400.0,57.66999816894531
2015-02-23,57.900001525878906,57.20000076293945,57.83000183105469,57.54999923706055,1833400.0,57.54999923706055
2015-02-24,57.810001373291016,57.13999938964844,57.400001525878906,57.630001068115234,3351900.0,57.630001068115234
2015-02-25,57.84000015258789,57.0099983215332,57.650001525878906,57.38999938964844,2556900.0,57.38999938964844
2015-02-26,58.869998931884766,57.36000061035156,57.4900016784668,57.72999954223633,2751300.0,57.72999954223633
2015-02-27,57.7599983215332,56.54999923706055,56.810001373291016,57.18000030517578,2955000.0,57.18000030517578
2015-03-02,57.79999923706055,56.9900016784668,57.18000030517578,57.45000076293945,1606700.0,57.45000076293945
2015-03-03,57.36000061035156,56.33000183105469,57.25,56.66999816894531,1980900.0,56.66999816894531
2015-03-04,57.209999084472656,56.220001220703125,56.47999954223633,57.20000076293945,2631100.0,57.20000076293945
2015-03-05,57.83000183105469,57.0099983215332,57.189998626708984,57.380001068115234,1998700.0,57.380001068115234
2015-03-06,57.220001220703125,56.16999816894531,57.220001220703125,56.36000061035156,1769400.0,56.36000061035156
2015-03-09,56.91999816894531,56.25,56.38999938964844,56.66999816894531,2344000.0,56.66999816894531
2015-03-10,56.0,54.5099983215332,55.380001068115234,55.04999923706055,4566900.0,55.04999923706055
2015-03-11,56.130001068115234,54.75,54.79999923706055,55.09000015258789,2814500.0,55.09000015258789
2015-03-12,55.4900016784668,54.790000915527344,55.4900016784668,55.060001373291016,2891200.0,55.060001373291016
2015-03-13,56.369998931884766,54.849998474121094,55.04999923706055,55.29999923706055,3546400.0,55.29999923706055
2015-03-16,56.459999084472656,55.5099983215332,55.619998931884766,55.81999969482422,2821000.0,55.81999969482422
2015-03-17,55.40999984741211,54.029998779296875,55.2599983215332,54.16999816894531,4692900.0,54.16999816894531
2015-03-18,55.790000915527344,54.02000045776367,54.22999954223633,55.630001068115234,7023000.0,55.630001068115234
2015-03-19,56.349998474121094,55.380001068115234,55.599998474121094,55.959999084472656,2384900.0,55.959999084472656
2015-03-20,57.47999954223633,56.31999969482422,56.400001525878906,57.279998779296875,4443500.0,57.279998779296875
2015-03-23,57.970001220703125,57.27000045776367,57.439998626708984,57.27000045776367,2146900.0,57.27000045776367
2015-03-24,58.380001068115234,57.11000061035156,57.43000030517578,57.959999084472656,3347900.0,57.959999084472656
2015-03-25,58.25,56.06999969482422,57.880001068115234,56.09000015258789,2855900.0,56.09000015258789
2015-03-26,56.29999923706055,54.689998626708984,55.290000915527344,56.08000183105469,3926700.0,56.08000183105469
2015-03-27,58.279998779296875,56.20000076293945,56.43000030517578,58.2400016784668,4672100.0,58.2400016784668
2015-03-30,60.209999084472656,58.58000183105469,58.720001220703125,59.470001220703125,4117500.0,59.470001220703125
2015-03-31,59.439998626708984,58.4900016784668,59.0,58.81999969482422,2471000.0,58.81999969482422
2015-04-01,58.959999084472656,57.16999816894531,58.939998626708984,57.279998779296875,4341100.0,57.279998779296875
2015-04-02,57.97999954223633,56.95000076293945,57.2400016784668,57.650001525878906,2709500.0,57.650001525878906
2015-04-06,58.06999969482422,57.0099983215332,57.11000061035156,57.119998931884766,2374900.0,57.119998931884766
2015-04-07,58.13999938964844,56.970001220703125,57.040000915527344,57.79999923706055,2071200.0,57.79999923706055
2015-04-08,58.34000015258789,57.61000061035156,57.810001373291016,58.150001525878906,2091300.0,58.150001525878906
2015-04-09,58.849998474121094,57.31999969482422,57.97999954223633,57.5,2008100.0,57.5
2015-04-10,58.38999938964844,57.25,57.7400016784668,58.36000061035156,2546800.0,58.36000061035156
2015-04-13,58.439998626708984,57.22999954223633,58.290000915527344,57.33000183105469,1577800.0,57.33000183105469
2015-04-14,57.97999954223633,56.63999938964844,57.290000915527344,57.06999969482422,2287400.0,57.06999969482422
2015-04-15,57.689998626708984,56.619998931884766,57.13999938964844,56.86000061035156,2361300.0,56.86000061035156
2015-04-16,57.04999923706055,56.61000061035156,56.81999969482422,56.86000061035156,1372200.0,56.86000061035156
2015-04-17,56.58000183105469,55.52000045776367,56.400001525878906,56.029998779296875,2853600.0,56.029998779296875
2015-04-20,57.31999969482422,56.099998474121094,56.439998626708984,57.290000915527344,2048600.0,57.290000915527344
2015-04-21,59.130001068115234,57.36000061035156,57.540000915527344,59.029998779296875,4089800.0,59.029998779296875
2015-04-22,59.88999938964844,59.029998779296875,59.34000015258789,59.810001373291016,2569200.0,59.810001373291016
2015-04-23,60.279998779296875,59.439998626708984,59.7599983215332,59.880001068115234,2476500.0,59.880001068115234
2015-04-24,59.90999984741211,59.380001068115234,59.900001525878906,59.88999938964844,1824100.0,59.88999938964844
2015-04-27,60.630001068115234,59.689998626708984,59.9900016784668,59.84000015258789,3178200.0,59.84000015258789
2015-04-28,60.13999938964844,58.619998931884766,59.70000076293945,59.11000061035156,2695900.0,59.11000061035156
2015-04-29,59.5099983215332,58.20000076293945,58.880001068115234,58.619998931884766,1959600.0,58.619998931884766
2015-04-30,58.869998931884766,57.630001068115234,58.369998931884766,58.09000015258789,2578400.0,58.09000015258789
2015-05-01,59.52000045776367,58.11000061035156,58.25,59.33000183105469,2257800.0,59.33000183105469
2015-05-04,59.58000183105469,58.4900016784668,59.52000045776367,59.310001373291016,3425300.0,59.310001373291016
2015-05-05,59.68000030517578,58.54999923706055,59.40999984741211,59.15999984741211,4662300.0,59.15999984741211
2015-05-06,63.25,60.540000915527344,61.349998474121094,60.93000030517578,12687900.0,60.93000030517578
2015-05-07,61.45000076293945,60.15999984741211,61.209999084472656,60.27000045776367,4081500.0,60.27000045776367
2015-05-08,62.2400016784668,60.83000183105469,61.0,61.880001068115234,3324300.0,61.880001068115234
2015-05-11,63.459999084472656,61.599998474121094,61.900001525878906,62.59000015258789,4825100.0,62.59000015258789
2015-05-12,62.900001525878906,61.599998474121094,62.2400016784668,62.459999084472656,2674400.0,62.459999084472656
2015-05-13,62.220001220703125,60.84000015258789,62.0,61.72999954223633,3031600.0,61.72999954223633
2015-05-14,63.119998931884766,61.95000076293945,62.29999923706055,63.09000015258789,2962300.0,63.09000015258789
2015-05-15,63.31999969482422,62.4900016784668,62.810001373291016,62.880001068115234,1979300.0,62.880001068115234
2015-05-18,63.5,62.540000915527344,62.54999923706055,63.29999923706055,1985900.0,63.29999923706055
2015-05-19,62.97999954223633,62.400001525878906,62.560001373291016,62.61000061035156,4319300.0,62.61000061035156
2015-05-20,62.630001068115234,61.84000015258789,62.52000045776367,62.2400016784668,1796200.0,62.2400016784668
2015-05-21,62.90999984741211,61.61000061035156,62.2599983215332,62.689998626708984,2427000.0,62.689998626708984
2015-05-22,63.130001068115234,62.380001068115234,62.599998474121094,62.560001373291016,2137300.0,62.560001373291016
2015-05-26,62.970001220703125,62.27000045776367,62.56999969482422,62.529998779296875,2305200.0,62.529998779296875
2015-05-27,63.970001220703125,62.61000061035156,62.61000061035156,63.86000061035156,3481500.0,63.86000061035156
2015-05-28,64.30000305175781,63.22999954223633,63.33000183105469,63.27000045776367,1934100.0,63.27000045776367
2015-05-29,64.1500015258789,62.66999816894531,63.06999969482422,62.7599983215332,2381900.0,62.7599983215332
2015-06-01,63.29999923706055,62.20000076293945,63.060001373291016,62.88999938964844,1962400.0,62.88999938964844
2015-06-02,63.459999084472656,62.459999084472656,62.5,62.97999954223633,2123400.0,62.97999954223633
2015-06-03,63.689998626708984,63.02000045776367,63.33000183105469,63.369998931884766,1221200.0,63.369998931884766
2015-06-04,63.45000076293945,62.5,63.09000015258789,62.630001068115234,1385200.0,62.630001068115234
2015-06-05,63.13999938964844,62.09000015258789,62.599998474121094,62.900001525878906,2040000.0,62.900001525878906
2015-06-08,63.18000030517578,61.4900016784668,63.06999969482422,61.65999984741211,1956700.0,61.65999984741211
2015-06-09,62.0,61.11000061035156,61.58000183105469,61.779998779296875,1540400.0,61.779998779296875
2015-06-10,62.68000030517578,61.5099983215332,62.13999938964844,62.529998779296875,1613300.0,62.529998779296875
2015-06-11,62.81999969482422,62.150001525878906,62.47999954223633,62.59000015258789,1512900.0,62.59000015258789
2015-06-12,63.0099983215332,62.040000915527344,62.540000915527344,62.75,1659200.0,62.75
2015-06-15,62.060001373291016,61.380001068115234,62.060001373291016,61.56999969482422,2074900.0,61.56999969482422
2015-06-16,62.93000030517578,61.560001373291016,61.560001373291016,62.86000061035156,2637100.0,62.86000061035156
2015-06-17,64.6500015258789,63.040000915527344,63.06999969482422,64.4800033569336,3290400.0,64.4800033569336
2015-06-18,65.66999816894531,64.1500015258789,64.44000244140625,65.2699966430664,3939000.0,65.2699966430664
2015-06-19,66.33000183105469,64.66000366210938,65.2699966430664,65.94999694824219,4141900.0,65.94999694824219
2015-06-22,67.12000274658203,66.01000213623047,66.19999694824219,66.62000274658203,2591700.0,66.62000274658203
2015-06-23,67.48999786376953,66.1500015258789,66.80000305175781,66.58000183105469,2514100.0,66.58000183105469
2015-06-24,68.25,67.05999755859375,67.7300033569336,67.68000030517578,3317800.0,67.68000030517578
2015-06-25,68.2699966430664,67.43000030517578,67.94000244140625,67.44999694824219,2107800.0,67.44999694824219
2015-06-26,68.0,66.88999938964844,67.5199966430664,67.62999725341797,4895400.0,67.62999725341797
2015-06-29,67.37999725341797,66.08000183105469,66.7699966430664,66.22000122070312,1955900.0,66.22000122070312
2015-06-30,66.9800033569336,66.18000030517578,66.5999984741211,66.5,3140100.0,66.5
2015-07-01,68.22000122070312,67.08999633789062,67.37000274658203,68.0,2618800.0,68.0
2015-07-02,68.4800033569336,67.22000122070312,68.4800033569336,67.80000305175781,1657900.0,67.80000305175781
2015-07-06,68.30000305175781,67.12000274658203,67.13999938964844,68.01000213623047,3583100.0,68.01000213623047
2015-07-07,69.94999694824219,67.95999908447266,69.05999755859375,69.88999938964844,4895500.0,69.88999938964844
2015-07-08,69.94000244140625,68.81999969482422,69.58000183105469,69.0,4506100.0,69.0
2015-07-09,70.94000244140625,69.68000030517578,69.88999938964844,70.5,4400000.0,70.5
2015-07-10,72.5,70.80999755859375,71.25,72.06999969482422,3838700.0,72.06999969482422
2015-07-13,73.8499984741211,72.41000366210938,72.41000366210938,73.54000091552734,3613000.0,73.54000091552734
2015-07-14,73.5999984741211,72.02999877929688,73.55999755859375,72.25,6261300.0,72.25
2015-07-15,72.98999786376953,72.33000183105469,72.5199966430664,72.5,4733600.0,72.5
2015-07-16,73.2300033569336,72.4000015258789,72.80000305175781,72.97000122070312,4419000.0,72.97000122070312
2015-07-17,73.55000305175781,72.38999938964844,72.94999694824219,73.47000122070312,3745200.0,73.47000122070312
2015-07-20,74.91999816894531,73.61000061035156,74.4800033569336,74.79000091552734,2703400.0,74.79000091552734
2015-07-21,75.0999984741211,73.33999633789062,75.04000091552734,73.68000030517578,2453700.0,73.68000030517578
2015-07-22,73.83999633789062,71.88999938964844,73.63999938964844,72.91999816894531,5244800.0,72.91999816894531
2015-07-23,73.58000183105469,71.76000213623047,73.31999969482422,71.80999755859375,3533700.0,71.80999755859375
2015-07-24,72.51000213623047,71.23999786376953,71.80999755859375,72.29000091552734,4286000.0,72.29000091552734
2015-07-27,72.83999633789062,70.95999908447266,72.43000030517578,71.22000122070312,3422600.0,71.22000122070312
2015-07-28,72.48999786376953,71.1500015258789,72.0199966430664,71.80000305175781,3383700.0,71.80000305175781
2015-07-29,72.5,71.08999633789062,71.91000366210938,72.18000030517578,2676500.0,72.18000030517578
2015-07-30,72.6500015258789,71.02999877929688,72.01000213623047,72.30000305175781,3790100.0,72.30000305175781
2015-07-31,72.7300033569336,70.5,71.02999877929688,71.55000305175781,5699000.0,71.55000305175781
2015-08-03,71.91999816894531,70.13999938964844,71.27999877929688,70.97000122070312,3850200.0,70.97000122070312
2015-08-04,71.94000244140625,70.69999694824219,70.69999694824219,71.80000305175781,2748500.0,71.80000305175781
2015-08-05,75.76000213623047,72.25,72.37000274658203,75.16000366210938,5833000.0,75.16000366210938
2015-08-06,75.6500015258789,73.5,75.0,74.01000213623047,4591900.0,74.01000213623047
2015-08-07,73.94000244140625,72.41999816894531,73.76000213623047,73.36000061035156,3081100.0,73.36000061035156
2015-08-10,74.83000183105469,73.69999694824219,74.19999694824219,73.97000122070312,2849900.0,73.97000122070312
2015-08-11,73.87999725341797,72.86000061035156,73.48999786376953,73.81999969482422,2459700.0,73.81999969482422
2015-08-12,73.93000030517578,71.69999694824219,73.19000244140625,73.72000122070312,2866100.0,73.72000122070312
2015-08-13,74.12000274658203,73.02999877929688,73.55000305175781,73.37999725341797,1990700.0,73.37999725341797
2015-08-14,73.76000213623047,72.72000122070312,73.41999816894531,72.81999969482422,2181500.0,72.81999969482422
2015-08-17,73.9000015258789,72.23999786376953,72.83999633789062,73.69999694824219,2648900.0,73.69999694824219
2015-08-18,74.5,73.18000030517578,74.11000061035156,73.8499984741211,2816000.0,73.8499984741211
2015-08-19,73.72000122070312,71.41000366210938,73.55000305175781,71.61000061035156,3176400.0,71.61000061035156
2015-08-20,71.48999786376953,67.61000061035156,70.9000015258789,67.70999908447266,5037200.0,67.70999908447266
2015-08-21,67.23999786376953,64.01000213623047,65.26000213623047,65.52999877929688,5396800.0,65.52999877929688
2015-08-24,65.44000244140625,59.470001220703125,60.25,63.70000076293945,6606300.0,63.70000076293945
2015-08-25,66.27999877929688,63.470001220703125,65.9000015258789,63.540000915527344,5778700.0,63.540000915527344
2015-08-26,66.4800033569336,63.65999984741211,65.5,66.33999633789062,4342400.0,66.33999633789062
2015-08-27,67.63999938964844,65.5,67.1500015258789,67.16000366210938,2922100.0,67.16000366210938
2015-08-28,68.47000122070312,66.51000213623047,66.62000274658203,67.91000366210938,2978400.0,67.91000366210938
2015-08-31,67.9000015258789,65.9800033569336,67.0999984741211,66.1500015258789,3049500.0,66.1500015258789
2015-09-01,65.73999786376953,63.029998779296875,64.38999938964844,63.43000030517578,5043700.0,63.43000030517578
2015-09-02,65.12000274658203,63.970001220703125,64.43000030517578,64.66999816894531,3804900.0,64.66999816894531
2015-09-03,66.5,65.02999877929688,65.29000091552734,65.79000091552734,3482300.0,65.79000091552734
2015-09-04,66.58000183105469,64.44000244140625,64.83999633789062,66.37000274658203,3601000.0,66.37000274658203
2015-09-08,68.61000061035156,67.0,67.55000305175781,68.5,3205700.0,68.5
2015-09-09,70.16999816894531,67.56999969482422,69.54000091552734,67.77999877929688,2357500.0,67.77999877929688
2015-09-10,69.44000244140625,67.54000091552734,67.54000091552734,68.73999786376953,2087400.0,68.73999786376953
2015-09-11,68.97000122070312,67.83000183105469,68.2300033569336,68.91000366210938,1681600.0,68.91000366210938
2015-09-14,69.05000305175781,68.12999725341797,68.86000061035156,68.3499984741211,1682800.0,68.3499984741211
2015-09-15,69.66000366210938,68.30999755859375,68.38999938964844,69.37999725341797,1729000.0,69.37999725341797
2015-09-16,70.41999816894531,69.08999633789062,69.70999908447266,70.27999877929688,2184200.0,70.27999877929688
2015-09-17,71.98999786376953,69.87000274658203,70.22000122070312,71.05999755859375,2263900.0,71.05999755859375
2015-09-18,71.22000122070312,69.75,70.3499984741211,70.06999969482422,3503100.0,70.06999969482422
2015-09-21,71.61000061035156,70.05999755859375,70.41000366210938,70.58000183105469,2078200.0,70.58000183105469
2015-09-22,70.2699966430664,68.22000122070312,69.55000305175781,68.69000244140625,2412500.0,68.69000244140625
2015-09-23,69.77999877929688,68.58999633789062,68.8499984741211,69.45999908447266,2862100.0,69.45999908447266
2015-09-24,69.27999877929688,67.66999816894531,68.86000061035156,68.80999755859375,2113400.0,68.80999755859375
2015-09-25,70.83000183105469,68.97000122070312,69.97000122070312,69.48999786376953,2800400.0,69.48999786376953
2015-09-28,69.22000122070312,65.94999694824219,68.94999694824219,66.45999908447266,2622300.0,66.45999908447266
2015-09-29,67.36000061035156,65.55000305175781,67.0,66.0,2251900.0,66.0
2015-09-30,67.87000274658203,66.48999786376953,66.80999755859375,67.75,2394000.0,67.75
2015-10-01,68.04000091552734,66.44000244140625,68.04000091552734,67.19999694824219,2915900.0,67.19999694824219
2015-10-02,66.5,64.83999633789062,66.36000061035156,66.48999786376953,3047600.0,66.48999786376953
2015-10-05,68.0999984741211,66.97000122070312,67.33000183105469,67.58999633789062,2736900.0,67.58999633789062
2015-10-06,68.08999633789062,66.33999633789062,67.41000366210938,66.55000305175781,1772300.0,66.55000305175781
2015-10-07,66.83999633789062,65.19000244140625,66.55999755859375,66.11000061035156,3694100.0,66.11000061035156
2015-10-08,66.0999984741211,64.69999694824219,65.9000015258789,65.80000305175781,2459600.0,65.80000305175781
2015-10-09,65.63999938964844,64.54000091552734,65.58999633789062,65.04000091552734,4272200.0,65.04000091552734
2015-10-12,68.25,64.6500015258789,65.12999725341797,68.11000061035156,4131800.0,68.11000061035156
2015-10-13,69.1500015258789,67.33999633789062,68.0,68.41999816894531,3374800.0,68.41999816894531
2015-10-14,71.30000305175781,68.08999633789062,68.37999725341797,70.56999969482422,4007000.0,70.56999969482422
2015-10-15,71.48999786376953,70.18000030517578,71.0199966430664,70.97000122070312,2690800.0,70.97000122070312
2015-10-16,71.77999877929688,70.26000213623047,70.77999877929688,71.70999908447266,2872100.0,71.70999908447266
2015-10-19,73.54000091552734,71.51000213623047,71.9000015258789,72.29000091552734,3500000.0,72.29000091552734
2015-10-20,73.08999633789062,71.30000305175781,72.5999984741211,72.30000305175781,2169400.0,72.30000305175781
2015-10-21,73.44000244140625,72.0,72.68000030517578,72.79000091552734,2332400.0,72.79000091552734
2015-10-22,74.8499984741211,73.0199966430664,73.0999984741211,74.54000091552734,2980900.0,74.54000091552734
2015-10-23,75.48999786376953,74.44000244140625,75.0,74.91999816894531,3279000.0,74.91999816894531
2015-10-26,75.43000030517578,73.76000213623047,75.0,74.08000183105469,2476000.0,74.08000183105469
2015-10-27,75.58000183105469,73.69999694824219,73.91000366210938,75.2699966430664,2693600.0,75.2699966430664
2015-10-28,76.80000305175781,75.06999969482422,76.0,76.7699966430664,3323800.0,76.7699966430664
2015-10-29,76.91999816894531,75.36000061035156,76.5,76.05999755859375,3248000.0,76.05999755859375
2015-10-30,75.5999984741211,70.62999725341797,75.0,72.06999969482422,11133200.0,72.06999969482422
2015-11-02,74.88999938964844,71.87999725341797,72.5999984741211,72.0,4709900.0,72.0
2015-11-03,72.73999786376953,70.33999633789062,71.81999969482422,71.9000015258789,4237400.0,71.9000015258789
2015-11-04,74.31999969482422,71.7300033569336,71.93000030517578,74.29000091552734,3574100.0,74.29000091552734
2015-11-05,74.93000030517578,73.12000274658203,74.75,74.05999755859375,2057100.0,74.05999755859375
2015-11-06,74.19000244140625,72.23999786376953,73.83000183105469,72.37999725341797,3192400.0,72.37999725341797
2015-11-09,72.37999725341797,70.16000366210938,72.37000274658203,70.94000244140625,3036100.0,70.94000244140625
2015-11-10,70.94000244140625,69.8499984741211,70.5999984741211,70.83000183105469,2150500.0,70.83000183105469
2015-11-11,71.69999694824219,69.87000274658203,70.79000091552734,71.30000305175781,2307200.0,71.30000305175781
2015-11-12,72.69999694824219,70.54000091552734,71.36000061035156,71.66000366210938,3083100.0,71.66000366210938
2015-11-13,72.04000091552734,69.83999633789062,71.30999755859375,69.88999938964844,3557400.0,69.88999938964844
2015-11-16,70.16000366210938,66.68000030517578,69.9800033569336,67.98999786376953,6314500.0,67.98999786376953
2015-11-17,69.05999755859375,64.91000366210938,65.08000183105469,68.0999984741211,5890600.0,68.0999984741211
2015-11-18,68.5999984741211,66.83999633789062,68.16000366210938,68.41999816894531,3259900.0,68.41999816894531
2015-11-19,71.2699966430664,68.23999786376953,68.94999694824219,71.08000183105469,4413900.0,71.08000183105469
2015-11-20,72.77999877929688,70.13999938964844,71.44000244140625,72.41999816894531,4295800.0,72.41999816894531
2015-11-23,73.86000061035156,67.5999984741211,72.63999938964844,68.9800033569336,11898700.0,68.9800033569336
2015-11-24,68.69000244140625,66.91000366210938,68.43000030517578,67.05999755859375,5144400.0,67.05999755859375
2015-11-25,69.80000305175781,66.69999694824219,67.30000305175781,69.51000213623047,3600700.0,69.51000213623047
2015-11-27,70.55000305175781,68.45999908447266,69.62999725341797,68.87999725341797,1485500.0,68.87999725341797
2015-11-30,69.63999938964844,67.58000183105469,69.19000244140625,67.79000091552734,5245300.0,67.79000091552734
2015-12-01,69.29000091552734,67.4000015258789,68.04000091552734,68.62999725341797,3703000.0,68.62999725341797
2015-12-02,69.55000305175781,68.58999633789062,69.01000213623047,69.33999633789062,4953200.0,69.33999633789062
2015-12-03,70.44999694824219,66.93000030517578,69.54000091552734,67.22000122070312,3862100.0,67.22000122070312
2015-12-04,70.66999816894531,68.37999725341797,68.37999725341797,70.37999725341797,3897100.0,70.37999725341797
2015-12-07,71.94000244140625,70.3499984741211,70.73999786376953,70.79000091552734,3654800.0,70.79000091552734
2015-12-08,71.16999816894531,69.94999694824219,70.4000015258789,70.98999786376953,4446600.0,70.98999786376953
2015-12-09,70.98999786376953,66.62000274658203,70.75,67.08999633789062,8308200.0,67.08999633789062
2015-12-10,67.88999938964844,66.08000183105469,67.51000213623047,66.37000274658203,3396400.0,66.37000274658203
2015-12-11,69.6500015258789,66.70999908447266,67.48999786376953,67.16999816894531,6058300.0,67.16999816894531
2015-12-14,69.9800033569336,67.3499984741211,67.3499984741211,69.66000366210938,4634100.0,69.66000366210938
2015-12-15,73.58999633789062,69.8499984741211,70.5199966430664,72.33000183105469,6754300.0,72.33000183105469
2015-12-16,73.4800033569336,69.33000183105469,73.06999969482422,72.04000091552734,4829000.0,72.04000091552734
2015-12-17,72.72000122070312,71.0999984741211,72.20999908447266,71.12000274658203,3037800.0,71.12000274658203
2015-12-18,71.12000274658203,68.94000244140625,70.62999725341797,68.9800033569336,4941800.0,68.9800033569336
2015-12-21,69.88999938964844,67.4000015258789,69.44000244140625,68.70999908447266,2873100.0,68.70999908447266
2015-12-22,69.44999694824219,68.31999969482422,69.30000305175781,69.06999969482422,1650800.0,69.06999969482422
2015-12-23,69.7699966430664,67.80000305175781,69.5,68.63999938964844,2424700.0,68.63999938964844
2015-12-24,69.30000305175781,67.73999786376953,68.69000244140625,68.94999694824219,1019900.0,68.94999694824219
2015-12-28,69.20999908447266,68.05000305175781,68.58999633789062,69.19000244140625,1149000.0,69.19000244140625
2015-12-29,70.23999786376953,69.19999694824219,69.5,69.8499984741211,1467000.0,69.8499984741211
2015-12-30,70.36000061035156,69.54000091552734,69.88999938964844,69.6500015258789,1430800.0,69.6500015258789
2015-12-31,69.66999816894531,68.70999908447266,69.44000244140625,68.72000122070312,1144000.0,68.72000122070312
2016-01-04,67.56999969482422,65.0999984741211,67.18000030517578,66.0999984741211,4053000.0,66.0999984741211
2016-01-05,66.81999969482422,64.83999633789062,66.0999984741211,64.94000244140625,3304600.0,64.94000244140625
2016-01-06,64.29000091552734,62.560001373291016,63.61000061035156,63.68000030517578,3764500.0,63.68000030517578
2016-01-07,64.70999908447266,61.54999923706055,62.31999969482422,62.459999084472656,4369300.0,62.459999084472656
2016-01-08,65.01000213623047,62.95000076293945,63.209999084472656,63.130001068115234,3909700.0,63.130001068115234
2016-01-11,64.80999755859375,63.25,63.38999938964844,64.20999908447266,3742200.0,64.20999908447266
2016-01-12,66.08999633789062,64.63999938964844,64.66000366210938,65.62000274658203,3469400.0,65.62000274658203
2016-01-13,66.58999633789062,63.18000030517578,66.26000213623047,63.380001068115234,3957400.0,63.380001068115234
2016-01-14,64.95999908447266,61.5,63.29999923706055,64.4800033569336,4446600.0,64.4800033569336
2016-01-15,66.70999908447266,63.5099983215332,64.33999633789062,66.05999755859375,8580700.0,66.05999755859375
2016-01-19,68.23999786376953,66.41999816894531,66.83999633789062,67.37000274658203,5040300.0,67.37000274658203
2016-01-20,67.69000244140625,65.04000091552734,66.19999694824219,66.8499984741211,4663500.0,66.8499984741211
2016-01-21,67.55999755859375,65.79000091552734,67.19000244140625,67.02999877929688,3894400.0,67.02999877929688
2016-01-22,69.4000015258789,67.30000305175781,68.0,69.36000061035156,3969300.0,69.36000061035156
2016-01-25,70.48999786376953,68.76000213623047,69.29000091552734,69.91999816894531,5422500.0,69.91999816894531
2016-01-26,71.48999786376953,69.61000061035156,69.9000015258789,70.83000183105469,5543000.0,70.83000183105469
2016-01-27,71.3499984741211,69.26000213623047,70.88999938964844,69.48999786376953,4291000.0,69.48999786376953
2016-01-28,71.02999877929688,68.72000122070312,70.69999694824219,69.79000091552734,5967200.0,69.79000091552734
2016-01-29,67.4800033569336,62.79999923706055,67.44000244140625,64.55000305175781,17918900.0,64.55000305175781
2016-02-01,65.44000244140625,63.310001373291016,64.16999816894531,64.19999694824219,6740000.0,64.19999694824219
2016-02-02,63.9900016784668,60.130001068115234,63.869998931884766,60.65999984741211,7815800.0,60.65999984741211
2016-02-03,61.91999816894531,58.72999954223633,61.77000045776367,59.61000061035156,9419400.0,59.61000061035156
2016-02-04,59.86000061035156,57.52000045776367,59.439998626708984,58.72999954223633,8686800.0,58.72999954223633
2016-02-05,58.56999969482422,54.849998474121094,58.369998931884766,55.5,7717600.0,55.5
2016-02-08,56.56999969482422,53.0099983215332,54.38999938964844,56.31999969482422,8224100.0,56.31999969482422
2016-02-09,59.189998626708984,55.81999969482422,56.2599983215332,58.25,9007900.0,58.25
2016-02-10,60.06999969482422,58.65999984741211,59.34000015258789,58.97999954223633,4990600.0,58.97999954223633
2016-02-11,59.11000061035156,57.7599983215332,57.959999084472656,58.189998626708984,6672900.0,58.189998626708984
2016-02-12,59.369998931884766,57.31999969482422,58.04999923706055,59.25,5256100.0,59.25
2016-02-16,60.0,58.880001068115234,59.83000183105469,59.36000061035156,3909400.0,59.36000061035156
2016-02-17,60.540000915527344,58.810001373291016,60.25,59.84000015258789,4962600.0,59.84000015258789
2016-02-18,59.91999816894531,58.22999954223633,59.56999969482422,58.349998474121094,5122700.0,58.349998474121094
2016-02-19,59.900001525878906,58.099998474121094,58.34000015258789,59.56999969482422,5700800.0,59.56999969482422
2016-02-22,63.310001373291016,59.970001220703125,60.06999969482422,63.27000045776367,6881900.0,63.27000045776367
2016-02-23,63.33000183105469,61.459999084472656,63.0,61.52000045776367,4817100.0,61.52000045776367
2016-02-24,63.47999954223633,60.709999084472656,60.91999816894531,63.20000076293945,4455700.0,63.20000076293945
2016-02-25,64.72000122070312,63.34000015258789,63.54999923706055,64.68000030517578,4277300.0,64.68000030517578
2016-02-26,65.11000061035156,63.77000045776367,64.80999755859375,64.44999694824219,3260200.0,64.44999694824219
2016-02-29,65.25,63.970001220703125,63.970001220703125,64.23999786376953,3436600.0,64.23999786376953
2016-03-01,65.69000244140625,64.26000213623047,64.44999694824219,65.4800033569336,3437100.0,65.4800033569336
2016-03-02,66.25,64.62999725341797,65.18000030517578,66.08999633789062,3354600.0,66.08999633789062
2016-03-03,66.01000213623047,64.18000030517578,65.80000305175781,64.80000305175781,3946600.0,64.80000305175781
2016-03-04,64.86000061035156,63.08000183105469,64.41000366210938,64.43000030517578,3704300.0,64.43000030517578
2016-03-07,64.43000030517578,62.90999984741211,63.88999938964844,63.59000015258789,2840900.0,63.59000015258789
2016-03-08,64.18000030517578,62.599998474121094,63.04999923706055,62.959999084472656,3570600.0,62.959999084472656
2016-03-09,64.04000091552734,62.7400016784668,63.189998626708984,63.91999816894531,3124000.0,63.91999816894531
2016-03-10,64.41999816894531,62.58000183105469,64.1500015258789,63.5,3274100.0,63.5
2016-03-11,64.6500015258789,63.529998779296875,63.83000183105469,64.47000122070312,2586300.0,64.47000122070312
2016-03-14,65.30999755859375,63.810001373291016,63.810001373291016,64.79000091552734,1858500.0,64.79000091552734
2016-03-15,65.9000015258789,64.19000244140625,64.19000244140625,65.72000122070312,2475900.0,65.72000122070312
2016-03-16,66.16999816894531,64.56999969482422,65.62999725341797,66.0,2210600.0,66.0
2016-03-17,65.75,63.2400016784668,65.08999633789062,64.66999816894531,4905000.0,64.66999816894531
2016-03-18,65.31999969482422,63.81999969482422,64.9000015258789,64.31999969482422,4186100.0,64.31999969482422
2016-03-21,64.4000015258789,63.5099983215332,64.05000305175781,63.939998626708984,2437100.0,63.939998626708984
2016-03-22,64.27999877929688,63.27000045776367,63.70000076293945,63.869998931884766,2842700.0,63.869998931884766
2016-03-23,65.5,63.58000183105469,63.900001525878906,65.05000305175781,3352400.0,65.05000305175781
2016-03-24,65.7300033569336,64.06999969482422,64.5999984741211,64.23999786376953,3087800.0,64.23999786376953
2016-03-28,65.0199966430664,63.599998474121094,64.12999725341797,64.63999938964844,2305600.0,64.63999938964844
2016-03-29,66.37999725341797,64.44000244140625,64.51000213623047,66.02999877929688,3287500.0,66.02999877929688
2016-03-30,67.16000366210938,66.27999877929688,66.7300033569336,66.41000366210938,2458300.0,66.41000366210938
2016-03-31,67.0999984741211,65.69999694824219,66.33000183105469,66.11000061035156,2265000.0,66.11000061035156
2016-04-01,66.12000274658203,65.12999725341797,65.36000061035156,65.91999816894531,2160500.0,65.91999816894531
2016-04-04,66.48999786376953,65.37999725341797,66.0,65.73999786376953,2029600.0,65.73999786376953
2016-04-05,65.95999908447266,65.05000305175781,65.0999984741211,65.44999694824219,2281800.0,65.44999694824219
2016-04-06,66.06999969482422,65.25,65.66999816894531,65.83000183105469,1652900.0,65.83000183105469
2016-04-07,65.91000366210938,63.66999816894531,65.69999694824219,63.93000030517578,2921700.0,63.93000030517578
2016-04-08,64.69999694824219,63.279998779296875,64.12000274658203,64.23999786376953,2352000.0,64.23999786376953
2016-04-11,64.4000015258789,63.119998931884766,64.38999938964844,63.15999984741211,1862900.0,63.15999984741211
2016-04-12,63.150001525878906,61.900001525878906,63.13999938964844,62.959999084472656,2960800.0,62.959999084472656
2016-04-13,65.02999877929688,62.90999984741211,63.040000915527344,64.7699966430664,3106700.0,64.7699966430664
2016-04-14,65.23999786376953,64.43000030517578,64.8499984741211,64.94000244140625,2100600.0,64.94000244140625
2016-04-15,66.97000122070312,64.45999908447266,65.13999938964844,66.83999633789062,4647400.0,66.83999633789062
2016-04-18,66.55999755859375,65.45999908447266,66.27999877929688,66.5199966430664,2847200.0,66.5199966430664
2016-04-19,66.73999786376953,65.33000183105469,66.58999633789062,66.19000244140625,1903500.0,66.19000244140625
2016-04-20,66.73999786376953,65.69999694824219,66.5999984741211,65.80000305175781,1804400.0,65.80000305175781
2016-04-21,66.33000183105469,65.2300033569336,65.83000183105469,66.18000030517578,1741700.0,66.18000030517578
2016-04-22,66.8499984741211,65.31999969482422,65.9000015258789,65.87000274658203,2606400.0,65.87000274658203
2016-04-25,66.0,65.41999816894531,65.43000030517578,65.93000030517578,1153300.0,65.93000030517578
2016-04-26,66.29000091552734,65.16999816894531,65.97000122070312,65.33000183105469,1516800.0,65.33000183105469
2016-04-27,65.41999816894531,62.349998474121094,65.12999725341797,63.349998474121094,5537400.0,63.349998474121094
2016-04-28,64.0199966430664,61.90999984741211,63.119998931884766,62.31999969482422,4233500.0,62.31999969482422
2016-04-29,62.41999816894531,61.22999954223633,61.810001373291016,61.849998474121094,3729200.0,61.849998474121094
2016-05-02,63.119998931884766,61.70000076293945,62.0,62.88999938964844,3360400.0,62.88999938964844
2016-05-03,63.22999954223633,62.02000045776367,62.61000061035156,62.08000183105469,3230100.0,62.08000183105469
2016-05-04,62.47999954223633,61.099998474121094,61.7400016784668,61.880001068115234,3212800.0,61.880001068115234
2016-05-05,62.7599983215332,61.18000030517578,62.279998779296875,62.2400016784668,4874100.0,62.2400016784668
2016-05-06,63.9900016784668,61.9900016784668,62.189998626708984,63.939998626708984,3362800.0,63.939998626708984
2016-05-09,65.04000091552734,64.01000213623047,64.18000030517578,64.5199966430664,3044600.0,64.5199966430664
2016-05-10,65.0999984741211,63.72999954223633,65.0,64.54000091552734,7604400.0,64.54000091552734
2016-05-11,74.91999816894531,70.23999786376953,70.43000030517578,73.37999725341797,21901700.0,73.37999725341797
2016-05-12,76.23999786376953,73.38999938964844,73.62999725341797,75.01000213623047,8201300.0,75.01000213623047
2016-05-13,76.08999633789062,74.66000366210938,74.7300033569336,75.19999694824219,4189100.0,75.19999694824219
2016-05-16,77.1500015258789,74.80999755859375,75.06999969482422,76.62000274658203,4329200.0,76.62000274658203
2016-05-17,76.5999984741211,74.52999877929688,75.72000122070312,75.13999938964844,5105100.0,75.13999938964844
2016-05-18,74.87000274658203,73.26000213623047,74.69999694824219,74.48999786376953,4432500.0,74.48999786376953
2016-05-19,74.22000122070312,72.94000244140625,74.22000122070312,73.5,3236700.0,73.5
2016-05-20,74.01000213623047,72.93000030517578,73.4800033569336,73.11000061035156,3772500.0,73.11000061035156
2016-05-23,73.88999938964844,72.41000366210938,73.38999938964844,73.23999786376953,3248300.0,73.23999786376953
2016-05-24,75.66000366210938,73.25,73.68000030517578,75.3499984741211,3781500.0,75.3499984741211
2016-05-25,75.83000183105469,74.83999633789062,75.38999938964844,74.94000244140625,2002500.0,74.94000244140625
2016-05-26,75.43000030517578,73.91999816894531,74.62999725341797,75.11000061035156,1853200.0,75.11000061035156
2016-05-27,76.45999908447266,75.33000183105469,75.33000183105469,75.69999694824219,2311200.0,75.69999694824219
2016-05-31,76.81999969482422,75.69999694824219,75.9800033569336,76.75,4700100.0,76.75
2016-06-01,77.37999725341797,76.19999694824219,76.80999755859375,76.62000274658203,3260500.0,76.62000274658203
2016-06-02,76.94000244140625,76.0999984741211,76.72000122070312,76.58000183105469,2062400.0,76.58000183105469
2016-06-03,76.69999694824219,75.43000030517578,76.69999694824219,76.36000061035156,1863900.0,76.36000061035156
2016-06-06,76.95999908447266,75.19999694824219,76.37000274658203,76.48999786376953,2816800.0,76.48999786376953
2016-06-07,78.08999633789062,76.76000213623047,76.86000061035156,77.25,4215200.0,77.25
2016-06-08,77.19000244140625,76.01000213623047,77.05999755859375,76.27999877929688,2527100.0,76.27999877929688
2016-06-09,76.79000091552734,75.5199966430664,75.58999633789062,76.25,3055400.0,76.25
2016-06-10,76.23999786376953,74.80999755859375,75.41000366210938,75.27999877929688,3025100.0,75.27999877929688
2016-06-13,75.43000030517578,73.80000305175781,74.88999938964844,74.23999786376953,3680300.0,74.23999786376953
2016-06-14,74.77999877929688,73.3499984741211,74.13999938964844,74.5199966430664,2017000.0,74.5199966430664
2016-06-15,75.2300033569336,74.04000091552734,74.55999755859375,74.38999938964844,2409900.0,74.38999938964844
2016-06-16,75.08000183105469,73.56999969482422,73.98999786376953,75.0,2868800.0,75.0
2016-06-17,75.16000366210938,73.58000183105469,75.16000366210938,74.5199966430664,4220600.0,74.5199966430664
2016-06-20,76.33999633789062,74.12000274658203,74.69000244140625,75.30999755859375,2947600.0,75.30999755859375
2016-06-21,76.06999969482422,75.06999969482422,75.25,75.51000213623047,2072300.0,75.51000213623047
2016-06-22,75.52999877929688,74.69000244140625,75.20999908447266,74.80000305175781,2039300.0,74.80000305175781
2016-06-23,76.18000030517578,74.8499984741211,75.62000274658203,76.05000305175781,2333500.0,76.05000305175781
2016-06-24,74.7699966430664,72.91000366210938,73.63999938964844,73.20999908447266,4622500.0,73.20999908447266
2016-06-27,73.05999755859375,71.01000213623047,73.01000213623047,71.5,3631900.0,71.5
2016-06-28,72.6500015258789,71.36000061035156,71.98999786376953,72.5999984741211,2743800.0,72.5999984741211
2016-06-29,74.0,72.80999755859375,72.9000015258789,73.73999786376953,2120300.0,73.73999786376953
2016-06-30,76.11000061035156,73.2300033569336,73.87000274658203,75.76000213623047,3371100.0,75.76000213623047
2016-07-01,76.56999969482422,75.44999694824219,75.75,75.87000274658203,1892500.0,75.87000274658203
2016-07-05,76.41999816894531,75.27999877929688,75.77999877929688,75.88999938964844,1688200.0,75.88999938964844
2016-07-06,77.1500015258789,75.01000213623047,75.41999816894531,76.73999786376953,2274900.0,76.73999786376953
2016-07-07,76.83000183105469,76.0199966430664,76.55999755859375,76.62000274658203,1516600.0,76.62000274658203
2016-07-08,78.5,77.01000213623047,77.31999969482422,78.26000213623047,3263000.0,78.26000213623047
2016-07-11,79.55999755859375,78.27999877929688,78.27999877929688,79.16999816894531,2983300.0,79.16999816894531
2016-07-12,79.98999786376953,78.5999984741211,79.27999877929688,79.51000213623047,2722600.0,79.51000213623047
2016-07-13,79.93000030517578,77.61000061035156,79.93000030517578,77.62000274658203,2426500.0,77.62000274658203
2016-07-14,78.30000305175781,76.97000122070312,77.88999938964844,78.05000305175781,3203400.0,78.05000305175781
2016-07-15,78.7300033569336,77.5999984741211,78.44000244140625,77.83000183105469,2702500.0,77.83000183105469
2016-07-18,78.86000061035156,77.72000122070312,78.12999725341797,78.26000213623047,2185500.0,78.26000213623047
2016-07-19,78.11000061035156,76.22000122070312,77.98999786376953,76.5,5143300.0,76.5
2016-07-20,78.22000122070312,76.44000244140625,77.22000122070312,76.69999694824219,5482000.0,76.69999694824219
2016-07-21,76.93000030517578,74.31999969482422,76.44000244140625,75.37999725341797,8602700.0,75.37999725341797
2016-07-22,76.68000030517578,74.94999694824219,75.87999725341797,76.33000183105469,5822000.0,76.33000183105469
2016-07-25,76.91000366210938,75.7300033569336,76.04000091552734,76.9000015258789,3416500.0,76.9000015258789
2016-07-26,77.3499984741211,76.20999908447266,76.91999816894531,76.83999633789062,2111900.0,76.83999633789062
2016-07-27,77.37000274658203,76.56999969482422,77.22000122070312,76.66999816894531,2319900.0,76.66999816894531
2016-07-28,76.72000122070312,76.0,76.61000061035156,76.27999877929688,1268200.0,76.27999877929688
2016-07-29,76.52999877929688,75.77999877929688,76.4800033569336,76.31999969482422,2911100.0,76.31999969482422
2016-08-01,76.81999969482422,76.11000061035156,76.2300033569336,76.62999725341797,3756300.0,76.62999725341797
2016-08-02,76.94000244140625,75.75,76.58000183105469,76.77999877929688,5942400.0,76.77999877929688
2016-08-03,78.9800033569336,75.16999816894531,76.66000366210938,78.62999725341797,10446400.0,78.62999725341797
2016-08-04,78.72000122070312,77.88999938964844,78.36000061035156,78.2300033569336,4543900.0,78.2300033569336
2016-08-05,79.98999786376953,78.43000030517578,78.94000244140625,79.83999633789062,4294000.0,79.83999633789062
2016-08-08,79.98999786376953,79.16999816894531,79.8499984741211,79.2699966430664,2917700.0,79.2699966430664
2016-08-09,79.36000061035156,78.62999725341797,79.01000213623047,78.69000244140625,1980500.0,78.69000244140625
2016-08-10,79.0999984741211,78.26000213623047,78.54000091552734,78.56999969482422,1431700.0,78.56999969482422
2016-08-11,79.16000366210938,77.83999633789062,78.8499984741211,77.8499984741211,3212600.0,77.8499984741211
2016-08-12,78.4000015258789,77.02999877929688,78.0,77.43000030517578,2028200.0,77.43000030517578
2016-08-15,79.55999755859375,77.33000183105469,77.58999633789062,79.4800033569336,3225600.0,79.4800033569336
2016-08-16,78.88999938964844,77.81999969482422,78.77999877929688,78.05000305175781,2969600.0,78.05000305175781
2016-08-17,79.86000061035156,77.80999755859375,78.0,79.7699966430664,3552800.0,79.7699966430664
2016-08-18,81.80000305175781,79.62999725341797,79.80000305175781,80.9800033569336,4741900.0,80.9800033569336
2016-08-19,81.88999938964844,80.80000305175781,80.94999694824219,81.76000213623047,3238700.0,81.76000213623047
2016-08-22,81.81999969482422,81.04000091552734,81.06999969482422,81.48999786376953,3218900.0,81.48999786376953
2016-08-23,82.62000274658203,81.48999786376953,81.9800033569336,82.30999755859375,4603800.0,82.30999755859375
2016-08-24,82.62999725341797,81.94999694824219,82.30999755859375,82.41999816894531,3310900.0,82.41999816894531
2016-08-25,82.19999694824219,80.95999908447266,82.0199966430664,81.55000305175781,3304400.0,81.55000305175781
2016-08-26,81.51000213623047,80.0199966430664,81.19999694824219,81.20999908447266,3037800.0,81.20999908447266
2016-08-29,81.95999908447266,80.63999938964844,81.0999984741211,81.51000213623047,1975900.0,81.51000213623047
2016-08-30,82.4000015258789,81.4800033569336,82.4000015258789,81.7300033569336,1711500.0,81.7300033569336
2016-08-31,81.68000030517578,81.02999877929688,81.37000274658203,81.2300033569336,2077500.0,81.2300033569336
2016-09-01,81.98999786376953,81.02999877929688,81.5199966430664,81.76000213623047,1813900.0,81.76000213623047
2016-09-02,84.18000030517578,82.16000366210938,82.30000305175781,83.45999908447266,3524700.0,83.45999908447266
2016-09-06,84.44999694824219,83.30000305175781,83.30000305175781,83.87000274658203,2648500.0,83.87000274658203
2016-09-07,84.2699966430664,82.54000091552734,83.76000213623047,82.75,3050100.0,82.75
2016-09-08,82.63999938964844,81.58000183105469,82.63999938964844,82.16000366210938,3188500.0,82.16000366210938
2016-09-09,81.79000091552734,79.83999633789062,81.41999816894531,79.86000061035156,2212500.0,79.86000061035156
2016-09-12,80.91999816894531,79.51000213623047,79.7300033569336,80.83999633789062,3371100.0,80.83999633789062
2016-09-13,81.12000274658203,79.94000244140625,80.61000061035156,80.87000274658203,2710500.0,80.87000274658203
2016-09-14,81.7699966430664,80.5,81.13999938964844,80.83000183105469,1410400.0,80.83000183105469
2016-09-15,83.66999816894531,80.55999755859375,80.55999755859375,83.37000274658203,3167500.0,83.37000274658203
2016-09-16,83.36000061035156,82.16000366210938,83.26000213623047,82.88999938964844,3731900.0,82.88999938964844
2016-09-19,83.41000366210938,82.45999908447266,83.13999938964844,82.7699966430664,1872800.0,82.7699966430664
2016-09-20,83.38999938964844,82.62000274658203,82.88999938964844,82.98999786376953,2173000.0,82.98999786376953
2016-09-21,83.62999725341797,82.26000213623047,83.4800033569336,83.47000122070312,2663300.0,83.47000122070312
2016-09-22,84.19999694824219,82.76000213623047,84.0999984741211,83.16999816894531,2194300.0,83.16999816894531
2016-09-23,84.5,83.5199966430664,84.5,84.26000213623047,2644400.0,84.26000213623047
2016-09-26,84.25,83.22000122070312,83.66999816894531,83.5,1836700.0,83.5
2016-09-27,85.52999877929688,83.19000244140625,83.4000015258789,85.19999694824219,2453200.0,85.19999694824219
2016-09-28,85.5999984741211,84.58000183105469,85.3499984741211,85.0,1794400.0,85.0
2016-09-29,85.12999725341797,84.12000274658203,84.93000030517578,84.26000213623047,1324900.0,84.26000213623047
2016-09-30,85.83000183105469,83.7699966430664,84.3499984741211,85.4000015258789,2860300.0,85.4000015258789
2016-10-03,86.05000305175781,85.12999725341797,85.22000122070312,85.41000366210938,2047900.0,85.41000366210938
2016-10-04,86.06999969482422,85.12000274658203,85.93000030517578,85.55999755859375,1724800.0,85.55999755859375
2016-10-05,85.75,84.97000122070312,85.55999755859375,85.47000122070312,1961700.0,85.47000122070312
2016-10-06,85.63999938964844,83.86000061035156,85.55000305175781,84.58000183105469,3189300.0,84.58000183105469
2016-10-07,85.19000244140625,83.44000244140625,85.05999755859375,83.80999755859375,3076700.0,83.80999755859375
2016-10-10,84.91999816894531,83.8499984741211,84.06999969482422,84.73999786376953,2278100.0,84.73999786376953
2016-10-11,84.80000305175781,83.1500015258789,84.69999694824219,83.37000274658203,2308800.0,83.37000274658203
2016-10-12,85.02999877929688,82.16000366210938,85.02999877929688,82.52999877929688,2395200.0,82.52999877929688
2016-10-13,82.5199966430664,80.77999877929688,82.08999633789062,81.76000213623047,3034000.0,81.76000213623047
2016-10-14,83.9800033569336,82.3499984741211,82.3499984741211,82.58999633789062,2658300.0,82.58999633789062
2016-10-17,83.22000122070312,82.16000366210938,82.7699966430664,82.31999969482422,1981900.0,82.31999969482422
2016-10-18,84.4000015258789,83.11000061035156,83.18000030517578,84.01000213623047,2185200.0,84.01000213623047
2016-10-19,84.36000061035156,82.62000274658203,84.22000122070312,82.76000213623047,2269200.0,82.76000213623047
2016-10-20,82.81999969482422,81.5999984741211,82.69999694824219,82.5199966430664,2468400.0,82.5199966430664
2016-10-21,82.98999786376953,82.0,82.1500015258789,82.87000274658203,2708200.0,82.87000274658203
2016-10-24,84.37000274658203,81.77999877929688,81.91000366210938,84.1500015258789,3046700.0,84.1500015258789
2016-10-25,84.79000091552734,82.88999938964844,84.19000244140625,82.94000244140625,2822900.0,82.94000244140625
2016-10-26,84.11000061035156,82.5,82.94999694824219,82.58000183105469,2026000.0,82.58000183105469
2016-10-27,84.43000030517578,82.58000183105469,83.27999877929688,82.72000122070312,3159900.0,82.72000122070312
2016-10-28,81.41999816894531,78.55000305175781,80.77999877929688,79.44999694824219,6933800.0,79.44999694824219
2016-10-31,80.13999938964844,77.43000030517578,79.63999938964844,78.5199966430664,5380700.0,78.5199966430664
2016-11-01,78.76000213623047,77.18000030517578,78.63999938964844,77.83999633789062,7226300.0,77.83999633789062
2016-11-02,81.93000030517578,77.86000061035156,78.83000183105469,79.12000274658203,9449900.0,79.12000274658203
2016-11-03,82.29000091552734,79.12000274658203,79.12000274658203,80.5199966430664,7210600.0,80.5199966430664
2016-11-04,81.72000122070312,79.02999877929688,79.94999694824219,80.22000122070312,4694600.0,80.22000122070312
2016-11-07,82.02999877929688,80.33000183105469,81.08999633789062,81.08000183105469,3750900.0,81.08000183105469
2016-11-08,82.44999694824219,80.68000030517578,81.05999755859375,81.48999786376953,2198200.0,81.48999786376953
2016-11-09,80.98999786376953,78.44999694824219,78.7300033569336,79.44000244140625,4446900.0,79.44000244140625
2016-11-10,80.05999755859375,76.19000244140625,79.97000122070312,76.79000091552734,5526900.0,76.79000091552734
2016-11-11,77.94000244140625,75.52999877929688,75.80000305175781,77.44999694824219,4039300.0,77.44999694824219
2016-11-14,78.08000183105469,76.13999938964844,77.47000122070312,76.37999725341797,5043100.0,76.37999725341797
2016-11-15,78.41999816894531,77.0,77.0,77.62000274658203,2639300.0,77.62000274658203
2016-11-16,78.94000244140625,77.02999877929688,77.5999984741211,78.83000183105469,2454200.0,78.83000183105469
2016-11-17,80.16999816894531,78.54000091552734,78.76000213623047,79.62000274658203,2642700.0,79.62000274658203
2016-11-18,80.61000061035156,78.76000213623047,79.80000305175781,78.98999786376953,3180500.0,78.98999786376953
2016-11-21,79.18000030517578,77.55999755859375,79.06999969482422,78.26000213623047,3061800.0,78.26000213623047
2016-11-22,78.55999755859375,76.93000030517578,78.5199966430664,77.75,2737200.0,77.75
2016-11-23,79.69999694824219,77.7699966430664,77.9000015258789,79.3499984741211,2853600.0,79.3499984741211
2016-11-25,79.91999816894531,78.54000091552734,79.18000030517578,79.16999816894531,780400.0,79.16999816894531
2016-11-28,79.55999755859375,78.52999877929688,79.41999816894531,78.7300033569336,2350300.0,78.7300033569336
2016-11-29,81.69000244140625,78.93000030517578,78.94999694824219,81.37000274658203,3376600.0,81.37000274658203
2016-11-30,81.37000274658203,79.1500015258789,81.29000091552734,79.23999786376953,3417700.0,79.23999786376953
2016-12-01,79.27999877929688,75.16999816894531,79.20999908447266,75.58000183105469,4920000.0,75.58000183105469
2016-12-02,76.47000122070312,73.73999786376953,75.6500015258789,75.86000061035156,4093800.0,75.86000061035156
2016-12-05,77.83000183105469,75.5,76.16999816894531,77.44999694824219,2501500.0,77.44999694824219
2016-12-06,78.02999877929688,76.5,77.62999725341797,76.87000274658203,2303700.0,76.87000274658203
2016-12-07,78.11000061035156,76.41999816894531,76.8499984741211,77.94999694824219,3289700.0,77.94999694824219
2016-12-08,78.5999984741211,77.4000015258789,78.02999877929688,77.77999877929688,3445700.0,77.77999877929688
2016-12-09,79.06999969482422,77.80999755859375,77.80999755859375,78.75,2073900.0,78.75
2016-12-12,80.62999725341797,78.51000213623047,78.87999725341797,80.62000274658203,3926900.0,80.62000274658203
2016-12-13,82.5999984741211,80.45999908447266,80.45999908447266,80.76000213623047,3462800.0,80.76000213623047
2016-12-14,81.68000030517578,79.9800033569336,80.61000061035156,80.69999694824219,2573600.0,80.69999694824219
2016-12-15,82.62000274658203,80.73999786376953,81.31999969482422,81.51000213623047,3957900.0,81.51000213623047
2016-12-16,81.5,79.16999816894531,81.44000244140625,79.51000213623047,4088200.0,79.51000213623047
2016-12-19,80.52999877929688,79.1500015258789,79.30999755859375,79.5,2197500.0,79.5
2016-12-20,80.26000213623047,79.26000213623047,79.5999984741211,79.5,2218100.0,79.5
2016-12-21,80.18000030517578,79.12999725341797,79.48999786376953,79.66000366210938,2181700.0,79.66000366210938
2016-12-22,80.1500015258789,79.18000030517578,79.73999786376953,79.79000091552734,1206800.0,79.79000091552734
2016-12-23,81.12000274658203,79.56999969482422,79.8499984741211,80.66999816894531,2017100.0,80.66999816894531
2016-12-27,81.76000213623047,80.75,80.98999786376953,81.08000183105469,1246800.0,81.08000183105469
2016-12-28,81.26000213623047,79.97000122070312,81.06999969482422,80.37999725341797,1314200.0,80.37999725341797
2016-12-29,81.01000213623047,79.69999694824219,80.52999877929688,80.16000366210938,1470100.0,80.16000366210938
2016-12-30,80.55999755859375,78.5199966430664,80.55999755859375,78.76000213623047,1815900.0,78.76000213623047
2017-01-03,79.62000274658203,78.2699966430664,79.5199966430664,79.16999816894531,2187300.0,79.16999816894531
2017-01-04,81.11000061035156,79.12000274658203,79.38999938964844,80.62999725341797,1852300.0,80.62999725341797
2017-01-05,80.45999908447266,78.7300033569336,79.9800033569336,78.95999908447266,3295000.0,78.95999908447266
2017-01-06,79.5199966430664,78.37000274658203,79.11000061035156,79.01000213623047,2017700.0,79.01000213623047
2017-01-09,79.43000030517578,78.05000305175781,79.19000244140625,78.63999938964844,2332300.0,78.63999938964844
2017-01-10,79.2300033569336,77.94000244140625,78.48999786376953,78.8499984741211,2328900.0,78.8499984741211
2017-01-11,79.41999816894531,78.16999816894531,78.80000305175781,79.0199966430664,2618900.0,79.0199966430664
2017-01-12,79.76000213623047,78.25,78.8499984741211,79.5999984741211,2035700.0,79.5999984741211
2017-01-13,81.26000213623047,79.12999725341797,79.13999938964844,80.3499984741211,2818000.0,80.3499984741211
2017-01-17,80.58999633789062,79.47000122070312,80.0,80.2300033569336,2073300.0,80.2300033569336
2017-01-18,80.81999969482422,79.81999969482422,80.51000213623047,80.52999877929688,1926600.0,80.52999877929688
2017-01-19,81.33999633789062,80.05000305175781,80.4000015258789,80.37999725341797,1746100.0,80.37999725341797
2017-01-20,80.5199966430664,78.88999938964844,80.48999786376953,80.12000274658203,2642900.0,80.12000274658203
2017-01-23,80.16999816894531,79.26000213623047,80.05000305175781,79.87999725341797,2672200.0,79.87999725341797
2017-01-24,80.80000305175781,79.41000366210938,79.87999725341797,80.51000213623047,2004300.0,80.51000213623047
2017-01-25,81.58999633789062,80.5199966430664,80.8499984741211,81.4800033569336,2727000.0,81.4800033569336
2017-01-26,81.87000274658203,81.0999984741211,81.55999755859375,81.69999694824219,1854400.0,81.69999694824219
2017-01-27,83.25,81.86000061035156,82.0,83.16000366210938,2607200.0,83.16000366210938
2017-01-30,84.02999877929688,82.75,82.95999908447266,83.83999633789062,4067300.0,83.83999633789062
2017-01-31,84.08999633789062,82.88999938964844,83.81999969482422,83.43000030517578,6583400.0,83.43000030517578
2017-02-01,84.25,81.44999694824219,83.43000030517578,83.0,7607300.0,83.0
2017-02-02,82.9800033569336,81.37999725341797,82.68000030517578,82.51000213623047,4079700.0,82.51000213623047
2017-02-03,82.66999816894531,80.97000122070312,82.51000213623047,81.27999877929688,4300800.0,81.27999877929688
2017-02-06,81.77999877929688,80.4000015258789,80.83000183105469,81.5199966430664,2351100.0,81.5199966430664
2017-02-07,82.4000015258789,81.55000305175781,81.80999755859375,82.20999908447266,2944000.0,82.20999908447266
2017-02-08,82.91000366210938,81.2699966430664,81.94000244140625,81.4800033569336,2738900.0,81.4800033569336
2017-02-09,83.4000015258789,81.48999786376953,82.20999908447266,83.26000213623047,3193000.0,83.26000213623047
2017-02-10,86.66000366210938,84.12999725341797,84.73999786376953,86.16999816894531,6561700.0,86.16999816894531
2017-02-13,87.48999786376953,85.69999694824219,86.30999755859375,86.31999969482422,4435000.0,86.31999969482422
2017-02-14,86.44999694824219,85.22000122070312,85.80000305175781,86.05999755859375,3046800.0,86.05999755859375
2017-02-15,88.04000091552734,85.69999694824219,85.91999816894531,87.94999694824219,3293500.0,87.94999694824219
2017-02-16,88.27999877929688,87.19999694824219,87.69000244140625,87.8499984741211,2739100.0,87.8499984741211
2017-02-17,87.86000061035156,86.94999694824219,87.76000213623047,87.30000305175781,1773700.0,87.30000305175781
2017-02-21,88.0199966430664,87.0999984741211,87.3499984741211,87.54000091552734,1871800.0,87.54000091552734
2017-02-22,87.62000274658203,86.95999908447266,87.37999725341797,87.37999725341797,1751400.0,87.37999725341797
2017-02-23,87.55999755859375,85.76000213623047,87.55999755859375,86.6500015258789,3113300.0,86.6500015258789
2017-02-24,86.55000305175781,85.2300033569336,85.95999908447266,86.54000091552734,3026700.0,86.54000091552734
2017-02-27,87.25,86.0999984741211,86.55000305175781,87.0,1519300.0,87.0
2017-02-28,87.48999786376953,86.33000183105469,87.05000305175781,86.5,2421100.0,86.5
2017-03-01,88.13999938964844,86.08999633789062,86.93000030517578,87.81999969482422,2090700.0,87.81999969482422
2017-03-02,88.25,86.45999908447266,87.9000015258789,87.01000213623047,1709200.0,87.01000213623047
2017-03-03,87.29000091552734,86.19000244140625,86.94999694824219,87.23999786376953,1190600.0,87.23999786376953
2017-03-06,87.5199966430664,86.73999786376953,87.19000244140625,87.13999938964844,1882300.0,87.13999938964844
2017-03-07,88.8499984741211,87.0999984741211,87.30000305175781,88.30000305175781,3016900.0,88.30000305175781
2017-03-08,89.36000061035156,88.19999694824219,88.5199966430664,89.0,2577900.0,89.0
2017-03-09,89.79000091552734,88.7300033569336,89.31999969482422,89.02999877929688,3127100.0,89.02999877929688
2017-03-10,89.87999725341797,88.91999816894531,89.58999633789062,89.80999755859375,2005300.0,89.80999755859375
2017-03-13,90.80999755859375,89.3499984741211,89.83000183105469,90.7300033569336,2753300.0,90.7300033569336
2017-03-14,91.18000030517578,90.33000183105469,90.5199966430664,90.9000015258789,1967000.0,90.9000015258789
2017-03-15,91.55000305175781,90.12999725341797,90.98999786376953,91.51000213623047,3197300.0,91.51000213623047
2017-03-16,91.81999969482422,89.5199966430664,91.5999984741211,90.19999694824219,5153100.0,90.19999694824219
2017-03-17,90.9800033569336,88.55000305175781,90.91999816894531,89.58999633789062,6446600.0,89.58999633789062
2017-03-20,89.3499984741211,87.9000015258789,88.81999969482422,89.16000366210938,4278100.0,89.16000366210938
2017-03-21,90.08999633789062,88.2300033569336,89.22000122070312,88.41000366210938,3278600.0,88.41000366210938
2017-03-22,88.86000061035156,88.25,88.43000030517578,88.73999786376953,2326200.0,88.73999786376953
2017-03-23,89.3499984741211,88.23999786376953,88.58999633789062,88.61000061035156,1910000.0,88.61000061035156
2017-03-24,90.05999755859375,88.61000061035156,88.8499984741211,89.3499984741211,1878100.0,89.3499984741211
2017-03-27,89.23999786376953,88.05999755859375,88.58999633789062,89.0199966430664,2109200.0,89.0199966430664
2017-03-28,90.0199966430664,88.55000305175781,89.0,89.73999786376953,2083900.0,89.73999786376953
2017-03-29,89.97000122070312,88.94999694824219,89.5199966430664,89.77999877929688,1771200.0,89.77999877929688
2017-03-30,90.30000305175781,89.2300033569336,89.5,90.26000213623047,2073700.0,90.26000213623047
2017-03-31,90.16999816894531,88.8499984741211,90.0999984741211,89.5199966430664,1737700.0,89.5199966430664
2017-04-03,89.9000015258789,88.79000091552734,89.9000015258789,89.11000061035156,1522300.0,89.11000061035156
2017-04-04,89.31999969482422,88.51000213623047,88.58000183105469,89.27999877929688,1870400.0,89.27999877929688
2017-04-05,89.61000061035156,88.08999633789062,89.47000122070312,88.4000015258789,2673500.0,88.4000015258789
2017-04-06,88.7699966430664,87.94000244140625,88.47000122070312,88.55999755859375,1319600.0,88.55999755859375
2017-04-07,88.83000183105469,88.06999969482422,88.4000015258789,88.7300033569336,1740800.0,88.7300033569336
2017-04-10,89.08999633789062,88.33000183105469,88.55000305175781,88.73999786376953,1424000.0,88.73999786376953
2017-04-11,89.69000244140625,88.37000274658203,88.77999877929688,89.68000030517578,1763900.0,89.68000030517578
2017-04-12,90.02999877929688,89.1500015258789,89.94999694824219,89.94999694824219,1909100.0,89.94999694824219
2017-04-13,90.19999694824219,88.8499984741211,90.08999633789062,89.0199966430664,2966200.0,89.0199966430664
2017-04-17,90.13999938964844,88.81999969482422,89.2699966430664,89.20999908447266,2160100.0,89.20999908447266
2017-04-18,89.44000244140625,88.72000122070312,89.12000274658203,89.19999694824219,1393100.0,89.19999694824219
2017-04-19,90.2300033569336,89.13999938964844,89.54000091552734,89.6500015258789,2021400.0,89.6500015258789
2017-04-20,91.4800033569336,89.79000091552734,90.0999984741211,91.20999908447266,2024300.0,91.20999908447266
2017-04-21,91.95999908447266,91.0999984741211,91.2699966430664,91.94000244140625,1831800.0,91.94000244140625
2017-04-24,93.06999969482422,92.51000213623047,92.86000061035156,92.80999755859375,2020900.0,92.80999755859375
2017-04-25,93.4000015258789,92.69000244140625,93.38999938964844,92.98999786376953,2041400.0,92.98999786376953
2017-04-26,93.7300033569336,92.30999755859375,93.20999908447266,93.5,1543000.0,93.5
2017-04-27,94.98999786376953,93.70999908447266,94.0,94.23999786376953,1515700.0,94.23999786376953
2017-04-28,94.91000366210938,93.81999969482422,94.44999694824219,94.81999969482422,1937800.0,94.81999969482422
2017-05-01,95.41999816894531,94.70999908447266,95.20999908447266,94.79000091552734,2314800.0,94.79000091552734
2017-05-02,95.31999969482422,94.12000274658203,94.69000244140625,94.25,2332500.0,94.25
2017-05-03,95.44999694824219,93.62000274658203,95.44999694824219,94.11000061035156,2872300.0,94.11000061035156
2017-05-04,95.08000183105469,93.91999816894531,94.11000061035156,94.76000213623047,4548700.0,94.76000213623047
2017-05-05,95.87000274658203,94.58999633789062,95.38999938964844,95.73999786376953,5175900.0,95.73999786376953
2017-05-08,96.48999786376953,95.44999694824219,95.91999816894531,95.7300033569336,5318600.0,95.7300033569336
2017-05-09,96.33999633789062,95.25,95.86000061035156,96.01000213623047,6184900.0,96.01000213623047
2017-05-10,110.61000061035156,104.76000213623047,105.97000122070312,108.16000366210938,11166200.0,108.16000366210938
2017-05-11,109.31999969482422,106.83000183105469,107.55000305175781,108.58000183105469,5750600.0,108.58000183105469
2017-05-12,109.25,107.45999908447266,108.19000244140625,109.08999633789062,3169400.0,109.08999633789062
2017-05-15,111.26000213623047,108.8499984741211,108.98999786376953,110.9000015258789,3279800.0,110.9000015258789
2017-05-16,112.16000366210938,110.44000244140625,111.2300033569336,111.76000213623047,2963400.0,111.76000213623047
2017-05-17,109.37999725341797,105.0,108.70999908447266,105.23999786376953,7457200.0,105.23999786376953
2017-05-18,107.6500015258789,104.33999633789062,104.70999908447266,106.93000030517578,3174500.0,106.93000030517578
2017-05-19,107.94999694824219,106.33000183105469,107.41000366210938,107.63999938964844,2282400.0,107.63999938964844
2017-05-22,108.4000015258789,107.41999816894531,107.87000274658203,108.38999938964844,1493200.0,108.38999938964844
2017-05-23,111.8499984741211,108.18000030517578,110.08999633789062,109.01000213623047,3032700.0,109.01000213623047
2017-05-24,112.54000091552734,108.38999938964844,108.77999877929688,112.30999755859375,4492500.0,112.30999755859375
2017-05-25,114.16000366210938,112.51000213623047,112.51000213623047,113.83000183105469,3419800.0,113.83000183105469
2017-05-26,113.58999633789062,111.79000091552734,113.5,112.12999725341797,2212500.0,112.12999725341797
2017-05-30,112.91999816894531,111.63999938964844,112.62000274658203,112.8499984741211,2360100.0,112.8499984741211
2017-05-31,113.4800033569336,111.93000030517578,112.86000061035156,113.33000183105469,3430000.0,113.33000183105469
2017-06-01,114.94000244140625,113.18000030517578,113.95999908447266,113.87000274658203,2232700.0,113.87000274658203
2017-06-02,114.54000091552734,113.19999694824219,113.8499984741211,114.5199966430664,1872600.0,114.5199966430664
2017-06-05,115.12999725341797,114.19000244140625,114.68000030517578,114.69000244140625,1879800.0,114.69000244140625
2017-06-06,115.38999938964844,113.58999633789062,114.54000091552734,113.69000244140625,2508400.0,113.69000244140625
2017-06-07,115.54000091552734,114.2300033569336,114.83999633789062,115.37000274658203,2480100.0,115.37000274658203
2017-06-08,116.04000091552734,113.23999786376953,116.04000091552734,114.29000091552734,3293900.0,114.29000091552734
2017-06-09,115.36000061035156,107.02999877929688,114.83999633789062,110.45999908447266,5738200.0,110.45999908447266
2017-06-12,111.18000030517578,105.54000091552734,109.30000305175781,108.9000015258789,5836900.0,108.9000015258789
2017-06-13,110.95999908447266,108.08000183105469,110.33000183105469,109.9800033569336,2740000.0,109.9800033569336
2017-06-14,111.11000061035156,108.68000030517578,110.16000366210938,110.0199966430664,2171800.0,110.0199966430664
2017-06-15,111.02999877929688,107.31999969482422,108.23999786376953,110.52999877929688,3705600.0,110.52999877929688
2017-06-16,112.51000213623047,110.06999969482422,110.72000122070312,110.51000213623047,9608200.0,110.51000213623047
2017-06-19,113.86000061035156,111.18000030517578,111.18000030517578,113.6500015258789,2891300.0,113.6500015258789
2017-06-20,115.12000274658203,113.29000091552734,113.43000030517578,113.47000122070312,2710500.0,113.47000122070312
2017-06-21,114.69000244140625,111.83000183105469,114.33000183105469,113.16999816894531,3054000.0,113.16999816894531
2017-06-22,113.5199966430664,111.36000061035156,113.51000213623047,112.62000274658203,2380400.0,112.62000274658203
2017-06-23,112.94999694824219,110.7699966430664,112.51000213623047,110.87000274658203,7457900.0,110.87000274658203
2017-06-26,112.63999938964844,110.37999725341797,111.0,111.86000061035156,2446300.0,111.86000061035156
2017-06-27,111.93000030517578,108.12999725341797,111.3499984741211,108.31999969482422,3058000.0,108.31999969482422
2017-06-28,109.19999694824219,106.73999786376953,108.69999694824219,108.80999755859375,3668200.0,108.80999755859375
2017-06-29,108.72000122070312,105.47000122070312,108.16000366210938,106.68000030517578,3820400.0,106.68000030517578
2017-06-30,107.55999755859375,105.6500015258789,107.0999984741211,105.72000122070312,3216500.0,105.72000122070312
2017-07-03,107.0,105.20999908447266,106.51000213623047,105.41999816894531,1656400.0,105.41999816894531
2017-07-05,107.30999755859375,105.3499984741211,105.94999694824219,106.76000213623047,2824900.0,106.76000213623047
2017-07-06,107.12000274658203,105.5,106.05999755859375,105.75,2471600.0,105.75
2017-07-07,108.47000122070312,105.54000091552734,106.27999877929688,107.44999694824219,2152500.0,107.44999694824219
2017-07-10,108.69000244140625,107.01000213623047,107.83999633789062,107.83999633789062,2188400.0,107.83999633789062
2017-07-11,109.70999908447266,107.0999984741211,107.62999725341797,108.41999816894531,2289900.0,108.41999816894531
2017-07-12,110.9000015258789,109.05000305175781,109.5,110.68000030517578,1943500.0,110.68000030517578
2017-07-13,111.61000061035156,108.91999816894531,110.83000183105469,108.9800033569336,1710800.0,108.9800033569336
2017-07-14,110.33999633789062,108.75,109.61000061035156,108.98999786376953,1321300.0,108.98999786376953
2017-07-17,110.43000030517578,108.72000122070312,109.0199966430664,109.44000244140625,1686400.0,109.44000244140625
2017-07-18,110.93000030517578,109.4800033569336,110.0,110.27999877929688,1908700.0,110.27999877929688
2017-07-19,111.6500015258789,109.80999755859375,110.43000030517578,111.58000183105469,2498400.0,111.58000183105469
2017-07-20,112.18000030517578,110.37999725341797,111.61000061035156,111.97000122070312,2143800.0,111.97000122070312
2017-07-21,112.91000366210938,111.2699966430664,111.5,112.22000122070312,2434900.0,112.22000122070312
2017-07-24,113.97000122070312,112.22000122070312,112.22000122070312,113.75,2784600.0,113.75
2017-07-25,114.5199966430664,113.30999755859375,113.97000122070312,113.66000366210938,2735500.0,113.66000366210938
2017-07-26,118.11000061035156,115.19000244140625,115.45999908447266,118.0,4520400.0,118.0
2017-07-27,120.25,116.05999755859375,119.01000213623047,117.5999984741211,8953500.0,117.5999984741211
2017-07-28,118.75,113.5,114.0,118.25,5012300.0,118.25
2017-07-31,119.25,116.5,119.05000305175781,116.73999786376953,2951400.0,116.73999786376953
2017-08-01,117.6500015258789,116.44000244140625,117.56999969482422,116.91999816894531,2488200.0,116.91999816894531
2017-08-02,117.41999816894531,113.83000183105469,117.11000061035156,116.83000183105469,3111600.0,116.83000183105469
2017-08-03,119.2300033569336,116.9800033569336,117.37999725341797,118.8499984741211,2929100.0,118.8499984741211
2017-08-04,119.18000030517578,116.9000015258789,119.1500015258789,117.22000122070312,2341200.0,117.22000122070312
2017-08-07,117.95999908447266,116.48999786376953,117.5999984741211,116.95999908447266,1882900.0,116.95999908447266
2017-08-08,117.12999725341797,116.0199966430664,116.5,116.5,1329900.0,116.5
2017-08-09,116.83999633789062,114.75,115.55000305175781,116.11000061035156,1709400.0,116.11000061035156
2017-08-10,115.72000122070312,113.69000244140625,115.41000366210938,113.98999786376953,2950200.0,113.98999786376953
2017-08-11,115.9800033569336,113.51000213623047,113.73999786376953,115.44999694824219,1584900.0,115.44999694824219
2017-08-14,118.0,116.4000015258789,116.70999908447266,117.11000061035156,2890000.0,117.11000061035156
2017-08-15,117.62000274658203,116.58000183105469,117.2300033569336,117.43000030517578,1048100.0,117.43000030517578
2017-08-16,119.58999633789062,117.02999877929688,117.48999786376953,119.25,2098200.0,119.25
2017-08-17,119.47000122070312,116.45999908447266,119.19000244140625,116.47000122070312,1793900.0,116.47000122070312
2017-08-18,117.83999633789062,115.45999908447266,116.0,116.87999725341797,1911700.0,116.87999725341797
2017-08-21,117.4000015258789,116.12000274658203,116.8499984741211,116.83999633789062,1848500.0,116.83999633789062
2017-08-22,120.44999694824219,117.22000122070312,117.27999877929688,119.02999877929688,2512900.0,119.02999877929688
2017-08-23,119.37000274658203,117.55000305175781,118.6500015258789,118.18000030517578,1297800.0,118.18000030517578
2017-08-24,118.91999816894531,116.0,118.48999786376953,117.81999969482422,1342800.0,117.81999969482422
2017-08-25,118.70999908447266,115.70999908447266,118.19000244140625,116.93000030517578,2206100.0,116.93000030517578
2017-08-28,119.04000091552734,116.94999694824219,117.5199966430664,118.7300033569336,1775200.0,118.7300033569336
2017-08-29,119.43000030517578,117.22000122070312,117.47000122070312,119.2300033569336,1301300.0,119.2300033569336
2017-08-30,122.08000183105469,119.06999969482422,119.41999816894531,121.97000122070312,2193400.0,121.97000122070312
2017-08-31,122.79000091552734,120.94000244140625,122.0,121.5,2617600.0,121.5
2017-09-01,121.7699966430664,118.51000213623047,121.2699966430664,119.30999755859375,2751500.0,119.30999755859375
2017-09-05,119.30000305175781,116.31999969482422,118.80000305175781,118.20999908447266,2336300.0,118.20999908447266
2017-09-06,119.1500015258789,116.47000122070312,118.7699966430664,117.0,1770600.0,117.0
2017-09-07,119.0999984741211,116.58999633789062,117.19999694824219,118.93000030517578,1810900.0,118.93000030517578
2017-09-08,120.16000366210938,117.70999908447266,119.98999786376953,118.27999877929688,2424200.0,118.27999877929688
2017-09-11,121.3499984741211,119.27999877929688,119.87999725341797,121.19000244140625,2282100.0,121.19000244140625
2017-09-12,122.12999725341797,118.68000030517578,121.61000061035156,120.41000366210938,2659200.0,120.41000366210938
2017-09-13,120.44999694824219,119.0,119.86000061035156,119.5999984741211,2515300.0,119.5999984741211
2017-09-14,119.66000366210938,117.70999908447266,118.73999786376953,119.19000244140625,2543100.0,119.19000244140625
2017-09-15,119.91999816894531,117.75,119.29000091552734,119.41999816894531,3192000.0,119.41999816894531
2017-09-18,120.87000274658203,119.5,119.5,119.95999908447266,2573700.0,119.95999908447266
2017-09-19,121.19999694824219,119.37000274658203,120.25,120.20999908447266,2237900.0,120.20999908447266
2017-09-20,121.4000015258789,118.73999786376953,120.7699966430664,120.33999633789062,2393300.0,120.33999633789062
2017-09-21,120.48999786376953,117.81999969482422,120.48999786376953,118.0199966430664,1914400.0,118.0199966430664
2017-09-22,120.18000030517578,117.1500015258789,117.45999908447266,118.5,2077300.0,118.5
2017-09-25,118.29000091552734,112.8499984741211,118.05000305175781,114.19999694824219,4113100.0,114.19999694824219
2017-09-26,114.66999816894531,112.83000183105469,114.5,113.91999816894531,2994400.0,113.91999816894531
2017-09-27,116.6500015258789,115.4000015258789,115.4000015258789,115.97000122070312,1793200.0,115.97000122070312
2017-09-28,116.79000091552734,115.23999786376953,115.81999969482422,116.61000061035156,1395600.0,116.61000061035156
2017-09-29,118.16999816894531,116.30000305175781,116.70999908447266,118.05999755859375,1743500.0,118.05999755859375
2017-10-02,119.72000122070312,116.94000244140625,118.88999938964844,117.94999694824219,1850700.0,117.94999694824219
2017-10-03,118.0999984741211,116.76000213623047,117.91999816894531,117.95999908447266,1249700.0,117.95999908447266
2017-10-04,118.75,116.41000366210938,117.5199966430664,118.55999755859375,1642400.0,118.55999755859375
2017-10-05,119.75,117.93000030517578,118.62999725341797,119.5199966430664,1438900.0,119.5199966430664
2017-10-06,120.29000091552734,118.44000244140625,119.02999877929688,120.08999633789062,1912800.0,120.08999633789062
2017-10-09,119.30000305175781,117.66999816894531,119.23999786376953,118.62000274658203,1516000.0,118.62000274658203
2017-10-10,119.48999786376953,116.70999908447266,119.02999877929688,117.81999969482422,1558200.0,117.81999969482422
2017-10-11,118.0,115.5199966430664,117.33000183105469,116.05000305175781,3152800.0,116.05000305175781
2017-10-12,117.77999877929688,115.7699966430664,115.97000122070312,117.13999938964844,2046200.0,117.13999938964844
2017-10-13,118.91999816894531,117.55000305175781,117.76000213623047,118.62000274658203,1931200.0,118.62000274658203
2017-10-16,119.0,117.05000305175781,118.80999755859375,117.4800033569336,2601800.0,117.4800033569336
2017-10-17,118.1500015258789,115.62999725341797,117.19999694824219,115.9800033569336,3130300.0,115.9800033569336
2017-10-18,113.75,110.30999755859375,113.41000366210938,113.16000366210938,9784700.0,113.16000366210938
2017-10-19,113.08000183105469,111.12000274658203,112.0,113.06999969482422,3183200.0,113.06999969482422
2017-10-20,114.27999877929688,113.1500015258789,113.5999984741211,113.62000274658203,1988800.0,113.62000274658203
2017-10-23,114.43000030517578,112.7300033569336,113.80999755859375,113.66000366210938,2204700.0,113.66000366210938
2017-10-24,114.72000122070312,112.76000213623047,113.68000030517578,113.38999938964844,2006100.0,113.38999938964844
2017-10-25,114.87999725341797,112.58999633789062,113.19999694824219,114.55999755859375,3205300.0,114.55999755859375
2017-10-26,117.05999755859375,115.0199966430664,115.06999969482422,115.83000183105469,2453200.0,115.83000183105469
2017-10-27,117.55000305175781,115.41000366210938,116.83000183105469,116.88999938964844,2892000.0,116.88999938964844
2017-10-30,117.7699966430664,116.63999938964844,117.12999725341797,117.58000183105469,2614100.0,117.58000183105469
2017-10-31,119.83999633789062,116.37000274658203,118.12999725341797,119.5999984741211,5477400.0,119.5999984741211
2017-11-01,116.5999984741211,111.27999877929688,116.0,114.47000122070312,9669200.0,114.47000122070312
2017-11-02,114.5199966430664,112.5999984741211,114.3499984741211,112.69000244140625,3438300.0,112.69000244140625
2017-11-03,113.76000213623047,112.56999969482422,113.47000122070312,113.19999694824219,2925300.0,113.19999694824219
2017-11-06,113.5,110.76000213623047,112.98999786376953,112.45999908447266,3642500.0,112.45999908447266
2017-11-07,112.72000122070312,110.08000183105469,112.29000091552734,111.69999694824219,2830300.0,111.69999694824219
2017-11-08,115.5999984741211,112.0999984741211,112.44999694824219,114.1500015258789,3393900.0,114.1500015258789
2017-11-09,113.30000305175781,110.94000244140625,112.98999786376953,111.88999938964844,3445700.0,111.88999938964844
2017-11-10,112.83000183105469,110.81999969482422,111.26000213623047,112.75,2534000.0,112.75
2017-11-13,113.23999786376953,111.19000244140625,112.0,112.01000213623047,3168100.0,112.01000213623047
2017-11-14,113.9000015258789,110.38999938964844,110.5999984741211,112.2699966430664,3618000.0,112.2699966430664
2017-11-15,112.87000274658203,110.5199966430664,112.72000122070312,111.4800033569336,2585900.0,111.4800033569336
2017-11-16,113.12999725341797,111.20999908447266,111.8499984741211,111.5999984741211,2445800.0,111.5999984741211
2017-11-17,109.55000305175781,107.5,108.98999786376953,108.81999969482422,8556400.0,108.81999969482422
2017-11-20,108.44999694824219,106.75,108.27999877929688,107.63999938964844,5974700.0,107.63999938964844
2017-11-21,108.7699966430664,107.54000091552734,107.77999877929688,107.70999908447266,3298400.0,107.70999908447266
2017-11-22,108.44000244140625,106.61000061035156,108.04000091552734,107.31999969482422,2558200.0,107.31999969482422
2017-11-24,108.58000183105469,107.58999633789062,107.66000366210938,107.94000244140625,1306300.0,107.94000244140625
2017-11-27,108.29000091552734,106.79000091552734,107.86000061035156,106.98999786376953,2540100.0,106.98999786376953
2017-11-28,110.5199966430664,106.73999786376953,106.98999786376953,109.47000122070312,5499400.0,109.47000122070312
2017-11-29,109.38999938964844,104.94999694824219,109.20999908447266,105.48999786376953,5590700.0,105.48999786376953
2017-11-30,106.5,105.05999755859375,106.11000061035156,106.3499984741211,5395200.0,106.3499984741211
2017-12-01,106.87000274658203,103.94999694824219,105.86000061035156,106.0199966430664,3859400.0,106.0199966430664
2017-12-04,105.87999725341797,100.68000030517578,105.52999877929688,100.83000183105469,6573200.0,100.83000183105469
2017-12-05,105.19000244140625,99.62999725341797,100.55000305175781,103.37999725341797,4582300.0,103.37999725341797
2017-12-06,103.91999816894531,100.41000366210938,102.95999908447266,103.18000030517578,4668400.0,103.18000030517578
2017-12-07,105.5999984741211,102.75,103.2300033569336,104.37000274658203,3590500.0,104.37000274658203
2017-12-08,106.4000015258789,104.48999786376953,104.48999786376953,105.2699966430664,3535400.0,105.2699966430664
2017-12-11,108.16000366210938,105.0,105.61000061035156,107.91999816894531,3998200.0,107.91999816894531
2017-12-12,108.91999816894531,107.0199966430664,108.0,107.66000366210938,3880700.0,107.66000366210938
2017-12-13,108.30999755859375,105.22000122070312,107.70999908447266,105.54000091552734,3790100.0,105.54000091552734
2017-12-14,107.62000274658203,104.69999694824219,105.19999694824219,106.41999816894531,2751200.0,106.41999816894531
2017-12-15,109.68000030517578,106.62999725341797,107.7699966430664,109.27999877929688,6107300.0,109.27999877929688
2017-12-18,110.0,106.55999755859375,109.88999938964844,107.33999633789062,4375300.0,107.33999633789062
2017-12-19,107.76000213623047,106.69000244140625,107.41999816894531,107.0,2077200.0,107.0
2017-12-20,108.87000274658203,107.1500015258789,107.5,108.44999694824219,2650400.0,108.44999694824219
2017-12-21,108.73999786376953,107.77999877929688,107.87999725341797,107.97000122070312,2804400.0,107.97000122070312
2017-12-22,108.30999755859375,105.68000030517578,108.30999755859375,106.0199966430664,2424600.0,106.0199966430664
2017-12-26,106.0199966430664,104.6500015258789,105.66000366210938,105.05999755859375,1689900.0,105.05999755859375
2017-12-27,106.44000244140625,104.58000183105469,105.4000015258789,105.2300033569336,2527500.0,105.2300033569336
2017-12-28,105.55000305175781,104.55000305175781,105.29000091552734,105.30999755859375,1438900.0,105.30999755859375
2017-12-29,105.68000030517578,104.38999938964844,105.29000091552734,105.05999755859375,2113600.0,105.05999755859375
2018-01-02,110.0,105.3499984741211,106.1500015258789,109.44999694824219,4599100.0,109.44999694824219
2018-01-03,111.33000183105469,109.37000274658203,109.75,109.75,3210600.0,109.75
2018-01-04,110.55000305175781,106.66999816894531,109.87000274658203,107.19000244140625,3777900.0,107.19000244140625
2018-01-05,112.76000213623047,107.58999633789062,108.0199966430664,112.38999938964844,5963000.0,112.38999938964844
2018-01-08,114.16999816894531,111.19999694824219,113.5,113.22000122070312,4579100.0,113.22000122070312
2018-01-09,113.6500015258789,110.45999908447266,113.33000183105469,112.18000030517578,4111700.0,112.18000030517578
2018-01-10,113.30000305175781,111.29000091552734,111.5,112.25,2493600.0,112.25
2018-01-11,113.0,111.69999694824219,112.55999755859375,112.0,2788800.0,112.0
2018-01-12,113.9000015258789,110.48999786376953,110.48999786376953,113.12999725341797,3467400.0,113.12999725341797
2018-01-16,114.69999694824219,111.61000061035156,114.0,111.91999816894531,3570800.0,111.91999816894531
2018-01-17,113.43000030517578,111.5199966430664,113.0,113.13999938964844,2709000.0,113.13999938964844
2018-01-18,115.62999725341797,113.19999694824219,114.05000305175781,115.27999877929688,4353800.0,115.27999877929688
2018-01-19,116.41000366210938,114.72000122070312,115.3499984741211,116.18000030517578,3534200.0,116.18000030517578
2018-01-22,118.30000305175781,115.81999969482422,116.31999969482422,117.98999786376953,4235800.0,117.98999786376953
2018-01-23,118.66999816894531,116.94000244140625,117.87999725341797,117.66999816894531,3449700.0,117.66999816894531
2018-01-24,118.41000366210938,114.26000213623047,118.41000366210938,114.66000366210938,6553600.0,114.66000366210938
2018-01-25,115.97000122070312,113.66999816894531,115.69999694824219,114.5,3457700.0,114.5
2018-01-26,116.23999786376953,113.54000091552734,115.33000183105469,115.19999694824219,3417600.0,115.19999694824219
2018-01-29,119.41000366210938,115.20999908447266,115.20999908447266,117.6500015258789,6486500.0,117.6500015258789
2018-01-30,119.31999969482422,116.4000015258789,116.4000015258789,118.69999694824219,8493600.0,118.69999694824219
2018-01-31,131.00999450683594,126.47000122070312,129.5500030517578,126.95999908447266,14727300.0,126.95999908447266
2018-02-01,130.05999755859375,126.01000213623047,126.75,128.17999267578125,6297200.0,128.17999267578125
2018-02-02,128.1699981689453,124.45999908447266,127.68000030517578,124.52999877929688,6471200.0,124.52999877929688
2018-02-05,126.20999908447266,120.68000030517578,123.7300033569336,121.63999938964844,4533400.0,121.63999938964844
2018-02-06,123.3499984741211,117.76000213623047,118.86000061035156,123.12999725341797,4652300.0,123.12999725341797
2018-02-07,125.0,122.18000030517578,122.86000061035156,123.05000305175781,4066900.0,123.05000305175781
2018-02-08,123.0,116.5199966430664,123.0,116.54000091552734,5478900.0,116.54000091552734
2018-02-09,122.13999938964844,114.66999816894531,117.95999908447266,120.63999938964844,5945100.0,120.63999938964844
2018-02-12,124.16000366210938,121.52999877929688,121.77999877929688,122.22000122070312,3695100.0,122.22000122070312
2018-02-13,123.12999725341797,120.58000183105469,120.8499984741211,122.27999877929688,2388700.0,122.27999877929688
2018-02-14,124.87000274658203,121.2300033569336,121.2300033569336,123.7699966430664,4293400.0,123.7699966430664
2018-02-15,127.02999877929688,123.44000244140625,124.83000183105469,126.4800033569336,3207100.0,126.4800033569336
2018-02-16,126.79000091552734,125.13999938964844,126.43000030517578,126.0199966430664,3214500.0,126.0199966430664
2018-02-20,127.55000305175781,125.3499984741211,125.37000274658203,126.33999633789062,2540600.0,126.33999633789062
2018-02-21,128.10000610351562,124.80999755859375,126.61000061035156,124.9000015258789,3191000.0,124.9000015258789
2018-02-22,126.3499984741211,123.91999816894531,125.79000091552734,124.61000061035156,1919700.0,124.61000061035156
2018-02-23,127.27999877929688,123.73999786376953,125.0999984741211,127.0999984741211,2476900.0,127.0999984741211
2018-02-26,128.8000030517578,126.91000366210938,127.38999938964844,128.57000732421875,2877800.0,128.57000732421875
2018-02-27,128.60000610351562,125.55000305175781,128.05999755859375,125.80000305175781,3158800.0,125.80000305175781
2018-02-28,127.75,123.66999816894531,126.51000213623047,123.69999694824219,3496000.0,123.69999694824219
2018-03-01,124.94000244140625,121.33000183105469,124.54000091552734,122.16999816894531,3919200.0,122.16999816894531
2018-03-02,125.30999755859375,120.58000183105469,120.94000244140625,125.08999633789062,2935800.0,125.08999633789062
2018-03-05,126.62999725341797,123.69000244140625,124.16000366210938,126.0999984741211,1642500.0,126.0999984741211
2018-03-06,126.58999633789062,123.45999908447266,126.4800033569336,124.55000305175781,2269300.0,124.55000305175781
2018-03-07,127.51000213623047,123.25,123.62999725341797,127.16999816894531,2679300.0,127.16999816894531
2018-03-08,129.8699951171875,126.80000305175781,127.37999725341797,128.82000732421875,3693600.0,128.82000732421875
2018-03-09,130.86000061035156,128.19000244140625,129.97000122070312,128.49000549316406,2647500.0,128.49000549316406
2018-03-12,129.25,127.55999755859375,128.55999755859375,128.1199951171875,2341100.0,128.1199951171875
2018-03-13,129.3000030517578,125.87999725341797,129.0500030517578,126.56999969482422,2948600.0,126.56999969482422
2018-03-14,128.0800018310547,123.63999938964844,126.88999938964844,127.97000122070312,3579500.0,127.97000122070312
2018-03-15,129.85000610351562,126.54000091552734,128.19000244140625,129.1199951171875,2690700.0,129.1199951171875
2018-03-16,131.1300048828125,128.1300048828125,130.35000610351562,128.52000427246094,4187200.0,128.52000427246094
2018-03-19,128.0800018310547,124.16999816894531,127.52999877929688,125.44000244140625,3207700.0,125.44000244140625
2018-03-20,127.77999877929688,125.02999877929688,125.7699966430664,126.8499984741211,1960100.0,126.8499984741211
2018-03-21,127.73999786376953,125.62000274658203,126.5199966430664,126.0,2050100.0,126.0
2018-03-22,125.62999725341797,122.66999816894531,124.83000183105469,122.9800033569336,2727000.0,122.9800033569336
2018-03-23,125.27999877929688,121.37999725341797,123.19999694824219,121.44000244140625,2645800.0,121.44000244140625
2018-03-26,127.5,122.98999786376953,124.23999786376953,126.44000244140625,2654800.0,126.44000244140625
2018-03-27,126.98999786376953,118.91999816894531,126.37000274658203,119.9800033569336,3142400.0,119.9800033569336
2018-03-28,121.37999725341797,118.26000213623047,120.26000213623047,119.33000183105469,3304300.0,119.33000183105469
2018-03-29,123.0,118.80000305175781,120.37000274658203,121.23999786376953,2809700.0,121.23999786376953
2018-04-02,121.33000183105469,116.98999786376953,120.4800033569336,118.72000122070312,2610600.0,118.72000122070312
2018-04-03,120.8499984741211,117.62000274658203,119.87000274658203,119.51000213623047,2378100.0,119.51000213623047
2018-04-04,120.56999969482422,116.27999877929688,116.70999908447266,120.11000061035156,3623800.0,120.11000061035156
2018-04-05,122.77999877929688,120.55000305175781,121.5199966430664,121.2300033569336,2915200.0,121.2300033569336
2018-04-06,121.19999694824219,117.66000366210938,120.05999755859375,118.36000061035156,2472900.0,118.36000061035156
2018-04-09,121.06999969482422,118.52999877929688,119.19000244140625,118.86000061035156,2572100.0,118.86000061035156
2018-04-10,121.25,118.30000305175781,120.37000274658203,120.70999908447266,2975600.0,120.70999908447266
2018-04-11,120.5,118.31999969482422,119.72000122070312,118.77999877929688,2455200.0,118.77999877929688
2018-04-12,121.58999633789062,119.0,119.95999908447266,121.08999633789062,2498700.0,121.08999633789062
2018-04-13,122.01000213623047,119.6500015258789,122.01000213623047,120.52999877929688,2165100.0,120.52999877929688
2018-04-16,122.80000305175781,121.27999877929688,121.41999816894531,122.19000244140625,1849400.0,122.19000244140625
2018-04-17,124.87000274658203,122.87000274658203,123.0199966430664,124.30999755859375,2304700.0,124.30999755859375
2018-04-18,125.41000366210938,124.05000305175781,124.66999816894531,124.93000030517578,1432900.0,124.93000030517578
2018-04-19,125.83000183105469,122.33999633789062,124.08999633789062,123.11000061035156,3081700.0,123.11000061035156
2018-04-20,122.54000091552734,119.91999816894531,122.54000091552734,120.88999938964844,2753100.0,120.88999938964844
2018-04-23,122.38999938964844,119.25,122.38999938964844,119.5999984741211,1822400.0,119.5999984741211
2018-04-24,121.41999816894531,116.75,119.94999694824219,118.58999633789062,3010300.0,118.58999633789062
2018-04-25,118.88999938964844,115.80999755859375,118.30999755859375,116.68000030517578,3027800.0,116.68000030517578
2018-04-26,120.16000366210938,116.5199966430664,116.5199966430664,119.5999984741211,3162100.0,119.5999984741211
2018-04-27,119.55000305175781,115.80999755859375,119.0,117.47000122070312,2536000.0,117.47000122070312
2018-04-30,118.7699966430664,116.2699966430664,117.63999938964844,117.9800033569336,2227800.0,117.9800033569336
2018-05-01,120.1500015258789,117.18000030517578,118.05999755859375,119.83000183105469,2345900.0,119.83000183105469
2018-05-02,120.51000213623047,118.33999633789062,119.79000091552734,118.94000244140625,2399900.0,118.94000244140625
2018-05-03,124.30999755859375,114.87999725341797,118.18000030517578,120.16999816894531,11445500.0,120.16999816894531
2018-05-04,124.19999694824219,118.41000366210938,119.12000274658203,123.63999938964844,3909200.0,123.63999938964844
2018-05-07,125.77999877929688,123.36000061035156,124.69999694824219,123.91999816894531,3177800.0,123.91999816894531
2018-05-08,124.33000183105469,122.16000366210938,123.29000091552734,123.88999938964844,4446800.0,123.88999938964844
2018-05-09,132.44000244140625,126.06999969482422,127.98999786376953,131.00999450683594,7595100.0,131.00999450683594
2018-05-10,133.9199981689453,129.74000549316406,130.94000244140625,133.75999450683594,4610300.0,133.75999450683594
2018-05-11,134.5800018310547,132.1199951171875,133.3000030517578,132.80999755859375,4364200.0,132.80999755859375
2018-05-14,133.97000122070312,130.9499969482422,133.07000732421875,132.52999877929688,2280200.0,132.52999877929688
2018-05-15,132.3000030517578,129.61000061035156,131.7899932861328,130.11000061035156,2107300.0,130.11000061035156
2018-05-16,131.19000244140625,128.02000427246094,130.36000061035156,130.86000061035156,1842300.0,130.86000061035156
2018-05-17,132.0,129.6199951171875,129.91000366210938,130.80999755859375,2773900.0,130.80999755859375
2018-05-18,132.1999969482422,129.88999938964844,130.74000549316406,132.0,2989200.0,132.0
2018-05-21,134.61000061035156,131.0399932861328,132.7100067138672,132.91000366210938,2088400.0,132.91000366210938
2018-05-22,133.86000061035156,131.77999877929688,133.14999389648438,132.17999267578125,1709900.0,132.17999267578125
2018-05-23,133.5399932861328,130.82000732421875,131.27999877929688,133.5,2002000.0,133.5
2018-05-24,133.49000549316406,129.57000732421875,133.49000549316406,131.47999572753906,3319300.0,131.47999572753906
2018-05-25,132.60000610351562,131.14999389648438,131.77000427246094,131.85000610351562,1459300.0,131.85000610351562
2018-05-29,131.50999450683594,129.83999633789062,130.7100067138672,131.25,1750100.0,131.25
2018-05-30,132.14999389648438,131.02999877929688,132.14999389648438,131.3699951171875,1395000.0,131.3699951171875
2018-05-31,132.9600067138672,130.35000610351562,131.83999633789062,130.91000366210938,2516500.0,130.91000366210938
2018-06-01,135.8000030517578,131.6699981689453,132.0800018310547,135.69000244140625,2909600.0,135.69000244140625
2018-06-04,136.99000549316406,133.67999267578125,135.6999969482422,134.66000366210938,2470000.0,134.66000366210938
2018-06-05,137.47999572753906,134.8000030517578,135.32000732421875,136.9600067138672,2645200.0,136.9600067138672
2018-06-06,138.38999938964844,136.1199951171875,137.80999755859375,136.94000244140625,2915000.0,136.94000244140625
2018-06-07,138.75,135.47999572753906,137.4199981689453,136.91000366210938,2481600.0,136.91000366210938
2018-06-08,138.05999755859375,136.22999572753906,136.7100067138672,137.8699951171875,3494500.0,137.8699951171875
2018-06-11,140.5399932861328,138.42999267578125,139.0800018310547,139.16000366210938,5073200.0,139.16000366210938
2018-06-12,140.39999389648438,138.69000244140625,139.0,139.77999877929688,2902100.0,139.77999877929688
2018-06-13,144.9199981689453,140.33999633789062,140.86000061035156,143.27999877929688,6432900.0,143.27999877929688
2018-06-14,147.0399932861328,143.41000366210938,143.60000610351562,144.38999938964844,4558800.0,144.38999938964844
2018-06-15,147.1300048828125,143.64999389648438,144.2899932861328,146.64999389648438,3943800.0,146.64999389648438
2018-06-18,145.69000244140625,142.44000244140625,145.5,144.86000061035156,2890200.0,144.86000061035156
2018-06-19,144.8300018310547,141.6199951171875,143.1300048828125,143.08999633789062,4117800.0,143.08999633789062
2018-06-20,144.74000549316406,143.24000549316406,143.61000061035156,143.5399932861328,1935800.0,143.5399932861328
2018-06-21,144.75,141.6300048828125,144.1300048828125,143.14999389648438,1536000.0,143.14999389648438
2018-06-22,145.6300048828125,140.9499969482422,145.5,141.25999450683594,3053000.0,141.25999450683594
2018-06-25,140.89999389648438,138.83999633789062,140.72999572753906,140.52000427246094,2574200.0,140.52000427246094
2018-06-26,143.13999938964844,140.1300048828125,141.4499969482422,140.3699951171875,2691200.0,140.3699951171875
2018-06-27,142.2100067138672,137.67999267578125,140.72999572753906,137.75,2541800.0,137.75
2018-06-28,141.3800048828125,137.83999633789062,138.17999267578125,140.6300048828125,2708200.0,140.6300048828125
2018-06-29,143.14999389648438,140.52999877929688,141.75999450683594,141.02000427246094,2371200.0,141.02000427246094
2018-07-02,143.5800018310547,140.2100067138672,140.49000549316406,143.47999572753906,1872100.0,143.47999572753906
2018-07-03,144.16000366210938,141.0,143.77999877929688,141.22999572753906,1168800.0,141.22999572753906
2018-07-05,143.4600067138672,142.07000732421875,142.5800018310547,143.22999572753906,1266600.0,143.22999572753906
2018-07-06,145.2899932861328,142.9600067138672,143.05999755859375,145.10000610351562,1628500.0,145.10000610351562
2018-07-09,146.88999938964844,142.27000427246094,145.5500030517578,144.63999938964844,2041900.0,144.63999938964844
2018-07-10,145.35000610351562,143.36000061035156,144.41000366210938,144.19000244140625,1716000.0,144.19000244140625
2018-07-11,146.27999877929688,142.75,143.0399932861328,145.72000122070312,2057200.0,145.72000122070312
2018-07-12,148.74000549316406,146.35000610351562,146.92999267578125,148.61000061035156,1903400.0,148.61000061035156
2018-07-13,151.25999450683594,147.3800048828125,148.6999969482422,148.72999572753906,2108600.0,148.72999572753906
2018-07-16,149.10000610351562,146.42999267578125,148.9499969482422,146.67999267578125,1917700.0,146.67999267578125
2018-07-17,149.22999572753906,145.00999450683594,145.60000610351562,148.74000549316406,2478100.0,148.74000549316406
2018-07-18,150.0,147.7100067138672,149.05999755859375,148.92999267578125,2486800.0,148.92999267578125
2018-07-19,149.47000122070312,147.0,148.1199951171875,147.9600067138672,1645500.0,147.9600067138672
2018-07-20,149.7899932861328,147.13999938964844,148.19000244140625,147.47999572753906,2153700.0,147.47999572753906
2018-07-23,147.86000061035156,145.33999633789062,146.50999450683594,146.55999755859375,2226900.0,146.55999755859375
2018-07-24,147.72000122070312,142.9600067138672,147.5,144.32000732421875,3880200.0,144.32000732421875
2018-07-25,146.7899932861328,144.25,144.91000366210938,146.5,2944900.0,146.5
2018-07-26,148.0,141.05999755859375,148.0,141.89999389648438,6273500.0,141.89999389648438
2018-07-27,137.97999572753906,131.25,134.94000244140625,133.80999755859375,11612100.0,133.80999755859375
2018-07-30,133.57000732421875,125.5999984741211,133.4499969482422,126.20999908447266,9488300.0,126.20999908447266
2018-07-31,128.99000549316406,125.30999755859375,127.44999694824219,128.75,6231300.0,128.75
2018-08-01,131.2100067138672,127.0199966430664,130.25,127.4800033569336,4863900.0,127.4800033569336
2018-08-02,128.8699951171875,125.44999694824219,126.7699966430664,128.64999389648438,3535300.0,128.64999389648438
2018-08-03,134.0,128.85000610351562,131.00999450683594,130.8699951171875,5456500.0,130.8699951171875
2018-08-06,130.47000122070312,127.6500015258789,130.02000427246094,129.02999877929688,3366600.0,129.02999877929688
2018-08-07,130.77999877929688,127.30999755859375,130.16000366210938,128.10000610351562,3858900.0,128.10000610351562
2018-08-08,128.91000366210938,127.0999984741211,128.1300048828125,128.41000366210938,2740000.0,128.41000366210938
2018-08-09,128.89999389648438,127.41999816894531,128.5,127.81999969482422,4261100.0,127.81999969482422
2018-08-10,132.0399932861328,126.77999877929688,128.1999969482422,131.32000732421875,5190400.0,131.32000732421875
2018-08-13,133.64999389648438,130.44000244140625,131.41000366210938,131.32000732421875,4636100.0,131.32000732421875
2018-08-14,132.30999755859375,129.1199951171875,131.0,131.91000366210938,3052900.0,131.91000366210938
2018-08-15,130.75999450683594,126.0199966430664,129.82000732421875,128.0500030517578,5484700.0,128.0500030517578
2018-08-16,130.92999267578125,128.02000427246094,129.97000122070312,129.7100067138672,4673400.0,129.7100067138672
2018-08-17,129.44000244140625,126.9800033569336,128.80999755859375,128.00999450683594,3805600.0,128.00999450683594
2018-08-20,128.3000030517578,125.58000183105469,127.08000183105469,127.70999908447266,3625400.0,127.70999908447266
2018-08-21,129.1699981689453,125.97000122070312,128.5399932861328,126.76000213623047,5814300.0,126.76000213623047
2018-08-22,129.07000732421875,124.66000366210938,126.05999755859375,127.62000274658203,6609700.0,127.62000274658203
2018-08-23,127.98999786376953,125.79000091552734,127.62999725341797,126.11000061035156,4468200.0,126.11000061035156
2018-08-24,129.5,126.3499984741211,126.88999938964844,128.97000122070312,3483300.0,128.97000122070312
2018-08-27,130.57000732421875,128.07000732421875,130.2899932861328,128.97000122070312,2404600.0,128.97000122070312
2018-08-28,129.7899932861328,127.18000030517578,129.61000061035156,127.79000091552734,2418700.0,127.79000091552734
2018-08-29,128.8800048828125,127.02999877929688,127.55999755859375,128.52000427246094,3138100.0,128.52000427246094
2018-08-30,121.6500015258789,115.66000366210938,120.5999984741211,115.94000244140625,19585500.0,115.94000244140625
2018-08-31,115.5,113.08999633789062,115.12999725341797,113.41000366210938,9652900.0,113.41000366210938
2018-09-04,114.4000015258789,111.94000244140625,113.72000122070312,113.5199966430664,5245500.0,113.5199966430664
2018-09-05,113.43000030517578,110.9800033569336,112.9800033569336,111.55000305175781,4311100.0,111.55000305175781
2018-09-06,113.77999877929688,111.20999908447266,111.8499984741211,113.19999694824219,6382600.0,113.19999694824219
2018-09-07,116.0,112.62999725341797,112.73999786376953,114.91000366210938,5742500.0,114.91000366210938
2018-09-10,115.6500015258789,112.87000274658203,115.25,113.20999908447266,4424900.0,113.20999908447266
2018-09-11,113.18000030517578,110.52999877929688,112.29000091552734,112.29000091552734,4217300.0,112.29000091552734
2018-09-12,113.72000122070312,111.66999816894531,112.01000213623047,113.0,3068300.0,113.0
2018-09-13,114.61000061035156,113.02999877929688,113.75,113.83999633789062,2506600.0,113.83999633789062
2018-09-14,116.51000213623047,113.75,114.41000366210938,114.2699966430664,3207500.0,114.2699966430664
2018-09-17,114.73999786376953,112.62000274658203,114.37999725341797,112.69000244140625,3516000.0,112.69000244140625
2018-09-18,113.95999908447266,111.87999725341797,112.83000183105469,112.6500015258789,3448400.0,112.6500015258789
2018-09-19,113.25,110.8499984741211,112.98999786376953,112.91999816894531,3013200.0,112.91999816894531
2018-09-20,114.5199966430664,112.5,113.41999816894531,113.47000122070312,3747000.0,113.47000122070312
2018-09-21,116.02999877929688,113.95999908447266,114.12000274658203,115.0199966430664,7421800.0,115.0199966430664
2018-09-24,115.63999938964844,113.80000305175781,114.72000122070312,115.23999786376953,2831500.0,115.23999786376953
2018-09-25,116.44000244140625,114.87000274658203,115.20999908447266,116.25,2591100.0,116.25
2018-09-26,119.87000274658203,116.55000305175781,116.87000274658203,118.08999633789062,5062600.0,118.08999633789062
2018-09-27,119.5999984741211,117.7300033569336,118.4000015258789,119.37999725341797,3290000.0,119.37999725341797
2018-09-28,120.66000366210938,119.01000213623047,119.08999633789062,120.48999786376953,3904900.0,120.48999786376953
2018-10-01,121.30000305175781,116.29000091552734,121.1500015258789,117.55000305175781,5741600.0,117.55000305175781
2018-10-02,118.23999786376953,116.18000030517578,117.5,117.05000305175781,4160100.0,117.05000305175781
2018-10-03,118.16999816894531,116.20999908447266,117.48999786376953,116.38999938964844,3632600.0,116.38999938964844
2018-10-04,116.38999938964844,112.76000213623047,116.38999938964844,114.01000213623047,5235500.0,114.01000213623047
2018-10-05,115.75,111.98999786376953,114.4000015258789,113.7300033569336,3571400.0,113.7300033569336
2018-10-08,113.29000091552734,109.80000305175781,112.81999969482422,110.62000274658203,4784400.0,110.62000274658203
2018-10-09,112.20999908447266,109.29000091552734,110.80000305175781,109.48999786376953,5238500.0,109.48999786376953
2018-10-10,109.12000274658203,104.97000122070312,108.66999816894531,105.1500015258789,7443800.0,105.1500015258789
2018-10-11,105.38999938964844,102.30000305175781,104.44999694824219,103.5999984741211,6251700.0,103.5999984741211
2018-10-12,108.12999725341797,104.41000366210938,106.95999908447266,106.0999984741211,5384500.0,106.0999984741211
2018-10-15,107.02999877929688,104.0199966430664,105.44999694824219,105.87999725341797,2602000.0,105.87999725341797
2018-10-16,108.51000213623047,106.52999877929688,106.76000213623047,107.41999816894531,5441900.0,107.41999816894531
2018-10-17,109.36000061035156,106.94000244140625,107.76000213623047,108.79000091552734,3196200.0,108.79000091552734
2018-10-18,107.8499984741211,104.7699966430664,107.33999633789062,105.80000305175781,4731800.0,105.80000305175781
2018-10-19,107.48999786376953,101.9800033569336,106.30000305175781,102.11000061035156,5432300.0,102.11000061035156
2018-10-22,104.23999786376953,101.23999786376953,102.80999755859375,101.36000061035156,4983100.0,101.36000061035156
2018-10-23,100.05999755859375,97.80000305175781,99.41000366210938,99.08999633789062,6842900.0,99.08999633789062
2018-10-24,100.19999694824219,96.0999984741211,98.80999755859375,96.25,4851800.0,96.25
2018-10-25,99.4800033569336,97.62000274658203,97.86000061035156,98.63999938964844,5610900.0,98.63999938964844
2018-10-26,98.76000213623047,95.58999633789062,95.93000030517578,96.22000122070312,4263500.0,96.22000122070312
2018-10-29,97.30000305175781,89.12000274658203,95.77999877929688,91.19000244140625,9957000.0,91.19000244140625
2018-10-30,94.83000183105469,91.0,91.66999816894531,94.83000183105469,6678700.0,94.83000183105469
2018-10-31,95.37000274658203,89.94000244140625,92.0,90.9800033569336,17510800.0,90.9800033569336
2018-11-01,95.05000305175781,91.0,91.0,94.19999694824219,5444200.0,94.19999694824219
2018-11-02,95.80000305175781,91.83999633789062,95.29000091552734,92.45999908447266,5325300.0,92.45999908447266
2018-11-05,93.05999755859375,91.16000366210938,92.56999969482422,92.69000244140625,4163800.0,92.69000244140625
2018-11-06,93.5,91.56999969482422,92.69000244140625,92.2300033569336,4121700.0,92.2300033569336
2018-11-07,94.62999725341797,92.26000213623047,93.0,93.80000305175781,7249200.0,93.80000305175781
2018-11-08,94.23999786376953,92.33000183105469,94.01000213623047,93.87000274658203,5045800.0,93.87000274658203
2018-11-09,92.86000061035156,88.22000122070312,92.86000061035156,88.88999938964844,7236500.0,88.88999938964844
2018-11-12,88.87999725341797,86.01000213623047,88.5999984741211,87.66000366210938,5123600.0,87.66000366210938
2018-11-13,89.3499984741211,86.98999786376953,88.33000183105469,87.38999938964844,3732300.0,87.38999938964844
2018-11-14,88.36000061035156,84.9800033569336,88.23999786376953,85.76000213623047,3591300.0,85.76000213623047
2018-11-15,88.27999877929688,84.86000061035156,86.0199966430664,88.25,3827400.0,88.25
2018-11-16,87.87999725341797,84.9800033569336,87.44999694824219,85.97000122070312,4585300.0,85.97000122070312
2018-11-19,86.20999908447266,82.72000122070312,86.0999984741211,83.04000091552734,4461800.0,83.04000091552734
2018-11-20,83.43000030517578,80.41999816894531,80.81999969482422,83.0199966430664,5388800.0,83.0199966430664
2018-11-21,85.4800033569336,83.43000030517578,83.94000244140625,84.0199966430664,3272900.0,84.0199966430664
2018-11-23,84.25,82.41999816894531,83.81999969482422,82.66999816894531,1906800.0,82.66999816894531
2018-11-26,85.01000213623047,82.48999786376953,83.5199966430664,84.93000030517578,5383800.0,84.93000030517578
2018-11-27,85.66999816894531,83.23999786376953,84.68000030517578,85.04000091552734,3372200.0,85.04000091552734
2018-11-28,86.31999969482422,83.91999816894531,85.51000213623047,85.9000015258789,4197200.0,85.9000015258789
2018-11-29,87.23999786376953,84.62999725341797,85.08999633789062,86.38999938964844,3527300.0,86.38999938964844
2018-11-30,86.83000183105469,83.7300033569336,86.30999755859375,84.06999969482422,5395500.0,84.06999969482422
2018-12-03,86.63999938964844,83.33999633789062,85.80999755859375,84.0,5052200.0,84.0
2018-12-04,84.88999938964844,81.0,83.44000244140625,81.18000030517578,5129500.0,81.18000030517578
2018-12-06,83.87999725341797,79.5,79.94000244140625,83.87999725341797,5747500.0,83.87999725341797
2018-12-07,85.13999938964844,82.22000122070312,83.77999877929688,82.5199966430664,4589100.0,82.5199966430664
2018-12-10,84.5999984741211,82.30000305175781,82.33999633789062,83.7300033569336,3888400.0,83.7300033569336
2018-12-11,85.31999969482422,82.7300033569336,85.12000274658203,83.44000244140625,3876700.0,83.44000244140625
2018-12-12,85.37000274658203,82.91000366210938,84.31999969482422,82.98999786376953,3400500.0,82.98999786376953
2018-12-13,83.94000244140625,80.77999877929688,83.91000366210938,80.86000061035156,5011100.0,80.86000061035156
2018-12-14,81.94999694824219,79.13999938964844,79.81999969482422,80.16000366210938,5227600.0,80.16000366210938
2018-12-17,82.0199966430664,78.4800033569336,80.13999938964844,79.2300033569336,4083500.0,79.2300033569336
2018-12-18,81.80000305175781,79.37999725341797,79.68000030517578,80.0,6191100.0,80.0
2018-12-19,81.22000122070312,77.33999633789062,80.02999877929688,78.36000061035156,6416600.0,78.36000061035156
2018-12-20,79.38999938964844,76.45999908447266,77.68000030517578,77.44000244140625,5567700.0,77.44000244140625
2018-12-21,79.45999908447266,75.62999725341797,78.30000305175781,76.56999969482422,7829900.0,76.56999969482422
2018-12-24,77.4000015258789,74.37999725341797,75.76000213623047,74.72000122070312,2556900.0,74.72000122070312
2018-12-26,77.94999694824219,73.91000366210938,75.19999694824219,77.88999938964844,3257300.0,77.88999938964844
2018-12-27,79.45999908447266,76.76000213623047,77.11000061035156,79.43000030517578,4261000.0,79.43000030517578
2018-12-28,80.29000091552734,78.30000305175781,79.95999908447266,79.30000305175781,2733600.0,79.30000305175781
2018-12-31,80.37999725341797,78.30000305175781,80.0,78.91000366210938,2942400.0,78.91000366210938
2019-01-02,80.63999938964844,77.19999694824219,77.22000122070312,80.37000274658203,3176600.0,80.37000274658203
2019-01-03,80.3499984741211,77.62000274658203,79.44999694824219,78.70999908447266,3747100.0,78.70999908447266
2019-01-04,85.25,80.04000091552734,80.81999969482422,84.41999816894531,7254400.0,84.41999816894531
2019-01-07,88.0999984741211,83.44000244140625,84.88999938964844,87.58999633789062,6611300.0,87.58999633789062
2019-01-08,89.73999786376953,87.69000244140625,88.45999908447266,89.0199966430664,6468300.0,89.0199966430664
2019-01-09,90.98999786376953,87.88999938964844,89.80999755859375,88.91000366210938,4178800.0,88.91000366210938
2019-01-10,91.44000244140625,88.5199966430664,88.79000091552734,91.01000213623047,4745600.0,91.01000213623047
2019-01-11,91.58999633789062,89.91000366210938,90.66999816894531,90.69999694824219,3757600.0,90.69999694824219
2019-01-14,89.9800033569336,88.41999816894531,89.62000274658203,88.58000183105469,3351500.0,88.58000183105469
2019-01-15,89.58000183105469,88.37000274658203,88.95999908447266,89.48999786376953,2794600.0,89.48999786376953
2019-01-16,90.08999633789062,85.95999908447266,88.0,89.91999816894531,6613100.0,89.91999816894531
2019-01-17,89.8499984741211,87.6500015258789,87.94999694824219,89.30999755859375,4283300.0,89.30999755859375
2019-01-18,93.16000366210938,90.2300033569336,90.30999755859375,92.5199966430664,5403600.0,92.5199966430664
2019-01-22,91.98999786376953,90.01000213623047,91.68000030517578,91.30999755859375,4474700.0,91.30999755859375
2019-01-23,92.0,88.44000244140625,91.93000030517578,89.12999725341797,4085900.0,89.12999725341797
2019-01-24,91.55000305175781,88.52999877929688,89.36000061035156,91.4800033569336,3167900.0,91.4800033569336
2019-01-25,92.9800033569336,90.87000274658203,92.44999694824219,91.73999786376953,4167700.0,91.73999786376953
2019-01-28,90.6500015258789,88.6500015258789,89.44999694824219,90.47000122070312,4339500.0,90.47000122070312
2019-01-29,89.88999938964844,86.81999969482422,89.88999938964844,87.23999786376953,3961400.0,87.23999786376953
2019-01-30,89.2699966430664,86.8499984741211,87.62000274658203,89.2300033569336,3797800.0,89.2300033569336
2019-01-31,92.80000305175781,89.55000305175781,89.9800033569336,92.23999786376953,4148200.0,92.23999786376953
2019-02-01,92.80000305175781,90.83000183105469,92.19999694824219,91.22000122070312,2890300.0,91.22000122070312
2019-02-04,91.06999969482422,88.19000244140625,91.05999755859375,88.43000030517578,5982500.0,88.43000030517578
2019-02-05,92.8499984741211,88.88999938964844,89.05999755859375,92.5199966430664,11931400.0,92.5199966430664
2019-02-06,81.58999633789062,78.0,79.13999938964844,80.20999908447266,30198600.0,80.20999908447266
2019-02-07,85.58999633789062,79.9000015258789,79.9000015258789,84.0999984741211,11391300.0,84.0999984741211
2019-02-08,97.6500015258789,85.0,86.51000213623047,97.5999984741211,26898500.0,97.5999984741211
2019-02-11,106.94999694824219,96.7300033569336,102.16000366210938,97.23999786376953,38704500.0,97.23999786376953
2019-02-12,106.69999694824219,99.0199966430664,106.30999755859375,102.33000183105469,31161300.0,102.33000183105469
2019-02-13,105.23999786376953,100.68000030517578,104.55999755859375,102.25,15890000.0,102.25
2019-02-14,105.87000274658203,101.0,101.41000366210938,105.25,10547000.0,105.25
2019-02-15,108.80000305175781,104.7300033569336,107.4000015258789,106.83999633789062,11254900.0,106.83999633789062
2019-02-19,105.75,101.29000091552734,105.75,102.95999908447266,10882700.0,102.95999908447266
2019-02-20,102.91000366210938,97.55000305175781,102.43000030517578,98.62999725341797,10649100.0,98.62999725341797
2019-02-21,98.98999786376953,96.0,98.7699966430664,96.86000061035156,8104300.0,96.86000061035156
2019-02-22,97.30999755859375,92.8499984741211,97.05999755859375,95.91999816894531,11617000.0,95.91999816894531
2019-02-25,96.62999725341797,93.63999938964844,96.31999969482422,95.86000061035156,7046600.0,95.86000061035156
2019-02-26,99.61000061035156,94.81999969482422,95.6500015258789,98.5,8701100.0,98.5
2019-02-27,100.80999755859375,97.4000015258789,98.81999969482422,97.83999633789062,5207600.0,97.83999633789062
2019-02-28,98.63999938964844,95.66999816894531,97.95999908447266,95.77999877929688,5695000.0,95.77999877929688
2019-03-01,97.94000244140625,95.30999755859375,96.83000183105469,97.41000366210938,4443600.0,97.41000366210938
2019-03-04,99.43000030517578,95.56999969482422,98.30999755859375,97.29000091552734,7187200.0,97.29000091552734
2019-03-05,97.05999755859375,95.1500015258789,96.26000213623047,95.72000122070312,6041900.0,95.72000122070312
2019-03-06,96.37999725341797,94.12999725341797,95.31999969482422,94.7699966430664,3987500.0,94.7699966430664
2019-03-07,99.55999755859375,94.47000122070312,95.0,99.36000061035156,8866800.0,99.36000061035156
2019-03-08,99.75,97.4800033569336,97.95999908447266,98.36000061035156,7357900.0,98.36000061035156
2019-03-11,99.95999908447266,97.94000244140625,98.5999984741211,99.04000091552734,4623500.0,99.04000091552734
2019-03-12,99.5,98.1500015258789,99.4000015258789,98.58999633789062,3737600.0,98.58999633789062
2019-03-13,101.08000183105469,97.7699966430664,98.69000244140625,100.12999725341797,6980000.0,100.12999725341797
2019-03-14,100.33999633789062,97.54000091552734,100.22000122070312,98.83000183105469,5908900.0,98.83000183105469
2019-03-15,100.1500015258789,98.23999786376953,99.66000366210938,98.9800033569336,5141800.0,98.9800033569336
2019-03-18,99.88999938964844,96.7300033569336,99.16000366210938,99.66000366210938,5113000.0,99.66000366210938
2019-03-19,100.55000305175781,97.0,100.33000183105469,97.51000213623047,6156800.0,97.51000213623047
2019-03-20,98.38999938964844,96.3499984741211,97.44000244140625,97.02999877929688,4824200.0,97.02999877929688
2019-03-21,105.0,96.48999786376953,96.48999786376953,104.87999725341797,9533400.0,104.87999725341797
2019-03-22,104.4800033569336,101.16000366210938,104.43000030517578,102.33999633789062,7158900.0,102.33999633789062
2019-03-25,103.54000091552734,100.87000274658203,102.4000015258789,101.7300033569336,3812400.0,101.7300033569336
2019-03-26,104.55000305175781,101.5,102.66000366210938,102.31999969482422,4059300.0,102.31999969482422
2019-03-27,102.86000061035156,100.27999877929688,102.69999694824219,100.66999816894531,2900800.0,100.66999816894531
2019-03-28,102.47000122070312,100.27999877929688,100.70999908447266,102.19999694824219,2347100.0,102.19999694824219
2019-03-29,102.97000122070312,101.23999786376953,102.6500015258789,101.62999725341797,3180800.0,101.62999725341797
2019-04-01,103.94999694824219,101.62000274658203,103.02999877929688,102.66999816894531,2879200.0,102.66999816894531
2019-04-02,103.0999984741211,100.16000366210938,103.01000213623047,100.83999633789062,3157500.0,100.83999633789062
2019-04-03,102.16000366210938,100.06999969482422,100.91000366210938,100.1500015258789,3522800.0,100.1500015258789
2019-04-04,100.30000305175781,97.58999633789062,99.98999786376953,97.94000244140625,4308700.0,97.94000244140625
2019-04-05,99.88999938964844,97.95999908447266,98.5,99.43000030517578,3738000.0,99.43000030517578
2019-04-08,99.41999816894531,95.66000366210938,99.01000213623047,97.94999694824219,3951000.0,97.94999694824219
2019-04-09,99.1500015258789,97.4000015258789,97.54000091552734,98.25,2543200.0,98.25
2019-04-10,100.3499984741211,98.37999725341797,98.58000183105469,99.62999725341797,2199500.0,99.62999725341797
2019-04-11,101.4000015258789,99.62999725341797,100.0,100.58000183105469,2530500.0,100.58000183105469
2019-04-12,102.38999938964844,100.31999969482422,101.12999725341797,101.83000183105469,2375900.0,101.83000183105469
2019-04-15,100.98999786376953,97.12000274658203,100.55000305175781,97.8499984741211,3965600.0,97.8499984741211
2019-04-16,97.5,92.80000305175781,97.41000366210938,93.83000183105469,7638900.0,93.83000183105469
2019-04-17,94.45999908447266,91.0,94.45999908447266,91.94999694824219,9779000.0,91.94999694824219
2019-04-18,93.58000183105469,91.0999984741211,92.06999969482422,93.13999938964844,4262200.0,93.13999938964844
2019-04-22,93.04000091552734,91.87999725341797,92.75,92.5199966430664,3011200.0,92.5199966430664
2019-04-23,94.95999908447266,92.83999633789062,93.0999984741211,94.62999725341797,3850800.0,94.62999725341797
2019-04-24,95.27999877929688,93.87000274658203,94.9000015258789,94.1500015258789,3041500.0,94.1500015258789
2019-04-25,94.19999694824219,92.68000030517578,94.1500015258789,92.9800033569336,2993000.0,92.9800033569336
2019-04-26,94.58000183105469,92.81999969482422,93.45999908447266,94.47000122070312,3496300.0,94.47000122070312
2019-04-29,95.58999633789062,94.1500015258789,94.88999938964844,94.7300033569336,3122600.0,94.7300033569336
2019-04-30,95.08000183105469,93.80000305175781,94.48999786376953,94.6500015258789,2824600.0,94.6500015258789
2019-05-01,97.19999694824219,94.73999786376953,95.01000213623047,94.86000061035156,4264300.0,94.86000061035156
2019-05-02,96.33000183105469,93.88999938964844,95.25,94.4000015258789,3609500.0,94.4000015258789
2019-05-03,93.87999725341797,90.69999694824219,93.69999694824219,92.5,6385800.0,92.5
2019-05-06,93.98999786376953,90.5199966430664,91.0999984741211,93.76000213623047,4413700.0,93.76000213623047
2019-05-07,93.4000015258789,91.83000183105469,93.11000061035156,92.7300033569336,7090900.0,92.7300033569336
2019-05-08,99.56999969482422,92.18000030517578,99.11000061035156,93.87999725341797,17468500.0,93.87999725341797
2019-05-09,94.23999786376953,92.19999694824219,92.5199966430664,93.31999969482422,5159100.0,93.31999969482422
2019-05-10,94.16000366210938,91.01000213623047,93.02999877929688,93.87999725341797,3979100.0,93.87999725341797
2019-05-13,93.12000274658203,89.91000366210938,92.01000213623047,90.41999816894531,3685400.0,90.41999816894531
2019-05-14,95.5199966430664,90.75,90.91999816894531,94.56999969482422,5769300.0,94.56999969482422
2019-05-15,98.31999969482422,93.66000366210938,93.80000305175781,96.7699966430664,4694700.0,96.7699966430664
2019-05-16,99.05000305175781,96.11000061035156,96.73999786376953,99.0,3728600.0,99.0
2019-05-17,98.94999694824219,96.6500015258789,98.26000213623047,97.26000213623047,3031500.0,97.26000213623047
2019-05-20,96.0,92.30999755859375,95.44000244140625,92.69000244140625,3842900.0,92.69000244140625
2019-05-21,96.25,93.25,93.4000015258789,95.6500015258789,3958200.0,95.6500015258789
2019-05-22,95.5999984741211,93.62999725341797,94.83999633789062,93.83999633789062,1831200.0,93.83999633789062
2019-05-23,94.73999786376953,91.36000061035156,93.33999633789062,92.11000061035156,3072500.0,92.11000061035156
2019-05-24,93.30999755859375,91.48999786376953,92.66999816894531,92.2699966430664,2262600.0,92.2699966430664
2019-05-28,94.20999908447266,92.63999938964844,92.9800033569336,93.5,2729300.0,93.5
2019-05-29,93.80999755859375,91.80999755859375,92.76000213623047,92.55000305175781,1889400.0,92.55000305175781
2019-05-30,93.04000091552734,91.5,92.73999786376953,92.12999725341797,2513500.0,92.12999725341797
2019-05-31,93.27999877929688,90.88999938964844,90.9000015258789,93.08000183105469,2818700.0,93.08000183105469
2019-06-03,94.23999786376953,90.77999877929688,93.29000091552734,91.30999755859375,3405400.0,91.30999755859375
2019-06-04,94.20999908447266,90.19000244140625,91.58999633789062,94.12999725341797,2833500.0,94.12999725341797
2019-06-05,95.98999786376953,93.69000244140625,93.69000244140625,95.25,2584000.0,95.25
2019-06-06,97.37999725341797,95.05999755859375,95.95999908447266,96.38999938964844,2654200.0,96.38999938964844
2019-06-07,98.69000244140625,96.56999969482422,97.0,96.98999786376953,2021500.0,96.98999786376953
2019-06-10,98.12999725341797,94.05000305175781,98.0,95.51000213623047,2503200.0,95.51000213623047
2019-06-11,96.5,94.25,96.37999725341797,94.58000183105469,2097800.0,94.58000183105469
2019-06-12,94.95999908447266,91.72000122070312,94.80000305175781,92.66999816894531,2579200.0,92.66999816894531
2019-06-13,94.33999633789062,92.41000366210938,92.91999816894531,93.56999969482422,2526800.0,93.56999969482422
2019-06-14,93.79000091552734,90.45999908447266,93.55999755859375,92.7300033569336,3297400.0,92.7300033569336
2019-06-17,93.51000213623047,92.0,92.62000274658203,92.44000244140625,2431900.0,92.44000244140625
2019-06-18,95.30000305175781,91.94000244140625,93.4800033569336,92.02999877929688,3955900.0,92.02999877929688
2019-06-19,93.18000030517578,91.31999969482422,92.38999938964844,92.58000183105469,2795300.0,92.58000183105469
2019-06-20,94.88999938964844,93.06999969482422,93.75,93.19000244140625,2578300.0,93.19000244140625
2019-06-21,95.9800033569336,91.4000015258789,92.9800033569336,95.33000183105469,6237400.0,95.33000183105469
2019-06-24,99.55999755859375,95.2300033569336,95.66000366210938,99.0,5066800.0,99.0
2019-06-25,99.11000061035156,96.08000183105469,98.7699966430664,96.9000015258789,3364000.0,96.9000015258789
2019-06-26,98.04000091552734,95.62000274658203,97.51000213623047,97.31999969482422,2827100.0,97.31999969482422
2019-06-27,99.68000030517578,96.8499984741211,97.66999816894531,99.13999938964844,2907700.0,99.13999938964844
2019-06-28,101.44999694824219,99.2300033569336,100.73999786376953,101.26000213623047,5185200.0,101.26000213623047
2019-07-01,102.87999725341797,99.81999969482422,102.6500015258789,100.88999938964844,3447500.0,100.88999938964844
2019-07-02,103.58999633789062,100.79000091552734,101.76000213623047,102.72000122070312,3934200.0,102.72000122070312
2019-07-03,103.19000244140625,97.58999633789062,103.0,98.11000061035156,4659700.0,98.11000061035156
2019-07-05,97.83000183105469,91.3499984741211,97.7699966430664,93.5999984741211,11794100.0,93.5999984741211
2019-07-08,93.62999725341797,91.41999816894531,93.44000244140625,93.44000244140625,4512600.0,93.44000244140625
2019-07-09,92.69999694824219,90.54000091552734,92.5,92.05000305175781,4747000.0,92.05000305175781
2019-07-10,94.13999938964844,91.63999938964844,92.16000366210938,93.95999908447266,4561600.0,93.95999908447266
2019-07-11,94.8499984741211,92.56999969482422,93.79000091552734,93.48999786376953,3320700.0,93.48999786376953
2019-07-12,93.97000122070312,92.3499984741211,93.68000030517578,92.81999969482422,2657600.0,92.81999969482422
2019-07-15,93.01000213623047,91.83000183105469,92.75,92.22000122070312,2816900.0,92.22000122070312
2019-07-16,92.41000366210938,88.43000030517578,92.30999755859375,89.55000305175781,6090200.0,89.55000305175781
2019-07-17,90.8499984741211,89.30999755859375,89.75,89.69999694824219,3097400.0,89.69999694824219
2019-07-18,89.47000122070312,88.0199966430664,88.9000015258789,89.19000244140625,4105700.0,89.19000244140625
2019-07-19,89.41000366210938,87.47000122070312,89.3499984741211,87.5,3676400.0,87.5
2019-07-22,89.12999725341797,87.51000213623047,88.0199966430664,88.13999938964844,3200000.0,88.13999938964844
2019-07-23,89.13999938964844,87.70999908447266,88.87999725341797,88.22000122070312,2428900.0,88.22000122070312
2019-07-24,89.94000244140625,88.0,88.04000091552734,89.77999877929688,2137100.0,89.77999877929688
2019-07-25,89.7699966430664,87.87999725341797,88.44999694824219,89.16000366210938,2891200.0,89.16000366210938
2019-07-26,90.48999786376953,89.27999877929688,89.5,89.51000213623047,2281400.0,89.51000213623047
2019-07-29,89.79000091552734,86.94999694824219,89.41000366210938,88.87000274658203,5162900.0,88.87000274658203
2019-07-30,89.01000213623047,86.23999786376953,87.93000030517578,88.56999969482422,5666000.0,88.56999969482422
2019-07-31,96.54000091552734,91.04000091552734,94.0,92.5,11152800.0,92.5
2019-08-01,97.06999969482422,93.08000183105469,93.25,94.5999984741211,5870300.0,94.5999984741211
2019-08-02,95.37000274658203,91.83000183105469,94.75,92.88999938964844,2764900.0,92.88999938964844
2019-08-05,91.76000213623047,88.22000122070312,90.30999755859375,88.58999633789062,5117100.0,88.58999633789062
2019-08-06,91.55999755859375,89.62000274658203,90.80999755859375,90.0999984741211,3604500.0,90.0999984741211
2019-08-07,92.3499984741211,88.69999694824219,89.12000274658203,92.2699966430664,4498100.0,92.2699966430664
2019-08-08,95.29000091552734,92.4800033569336,92.94999694824219,95.2300033569336,3849300.0,95.2300033569336
2019-08-09,94.87000274658203,91.4000015258789,94.37000274658203,91.97000122070312,3496700.0,91.97000122070312
2019-08-12,92.55999755859375,91.04000091552734,91.5,91.7699966430664,1845800.0,91.7699966430664
2019-08-13,93.55999755859375,91.25,91.95999908447266,92.33999633789062,2414600.0,92.33999633789062
2019-08-14,90.75,87.5,90.41000366210938,88.0999984741211,5458800.0,88.0999984741211
2019-08-15,88.94999694824219,87.2300033569336,88.94999694824219,87.87999725341797,2821100.0,87.87999725341797
2019-08-16,90.37999725341797,88.06999969482422,88.55999755859375,89.55999755859375,2814900.0,89.55999755859375
2019-08-19,91.69999694824219,90.12000274658203,91.23999786376953,90.91000366210938,2511800.0,90.91000366210938
2019-08-20,93.56999969482422,90.27999877929688,90.58000183105469,92.69999694824219,4328000.0,92.69999694824219
2019-08-21,94.9800033569336,92.62000274658203,93.55000305175781,94.04000091552734,3007200.0,94.04000091552734
2019-08-22,94.94999694824219,92.72000122070312,94.44000244140625,94.62000274658203,2718400.0,94.62000274658203
2019-08-23,95.7300033569336,92.62000274658203,94.58999633789062,92.91000366210938,4213300.0,92.91000366210938
2019-08-26,94.52999877929688,93.25,93.7699966430664,94.37999725341797,2919400.0,94.37999725341797
2019-08-27,96.30000305175781,94.05999755859375,94.75,94.05999755859375,3773100.0,94.05999755859375
2019-08-28,94.04000091552734,91.56999969482422,93.7699966430664,92.4000015258789,3710100.0,92.4000015258789
2019-08-29,93.7300033569336,92.58999633789062,93.29000091552734,93.02999877929688,2601200.0,93.02999877929688
2019-08-30,94.20999908447266,92.9800033569336,93.52999877929688,93.68000030517578,1704300.0,93.68000030517578
2019-09-03,95.16999816894531,92.6500015258789,92.7300033569336,94.83000183105469,3263400.0,94.83000183105469
2019-09-04,98.12000274658203,94.76000213623047,95.23999786376953,97.94999694824219,3434700.0,97.94999694824219
2019-09-05,99.4800033569336,96.55999755859375,98.69999694824219,97.44999694824219,3020400.0,97.44999694824219
2019-09-06,99.81999969482422,97.6500015258789,98.02999877929688,98.52999877929688,2886000.0,98.52999877929688
2019-09-09,99.87999725341797,97.44000244140625,99.01000213623047,98.68000030517578,3115800.0,98.68000030517578
2019-09-10,101.2300033569336,97.7699966430664,98.44999694824219,99.5,4010500.0,99.5
2019-09-11,100.6500015258789,98.76000213623047,100.02999877929688,99.11000061035156,2409300.0,99.11000061035156
2019-09-12,101.77999877929688,98.05000305175781,99.88999938964844,98.33999633789062,4123000.0,98.33999633789062
2019-09-13,99.3499984741211,98.16000366210938,98.56999969482422,98.4800033569336,1719400.0,98.4800033569336
2019-09-16,99.23999786376953,97.5199966430664,98.02999877929688,99.12000274658203,1820400.0,99.12000274658203
2019-09-17,99.55000305175781,97.54000091552734,99.4800033569336,98.41999816894531,1815400.0,98.41999816894531
2019-09-18,98.33999633789062,96.52999877929688,97.7300033569336,98.27999877929688,1815800.0,98.27999877929688
2019-09-19,99.9000015258789,98.27999877929688,98.27999877929688,99.69000244140625,2546900.0,99.69000244140625
2019-09-20,100.5199966430664,98.2699966430664,100.19999694824219,98.69999694824219,3494900.0,98.69999694824219
2019-09-23,99.41000366210938,97.86000061035156,98.2300033569336,98.18000030517578,2067400.0,98.18000030517578
2019-09-24,98.37999725341797,96.7300033569336,98.08000183105469,97.36000061035156,2855200.0,97.36000061035156
2019-09-25,97.81999969482422,95.83000183105469,97.0999984741211,97.62999725341797,1964500.0,97.62999725341797
2019-09-26,97.97000122070312,95.66000366210938,97.61000061035156,96.62000274658203,1954200.0,96.62000274658203
2019-09-27,97.75,95.05000305175781,97.0199966430664,95.66999816894531,1967900.0,95.66999816894531
2019-09-30,97.98999786376953,95.68000030517578,95.8499984741211,97.81999969482422,2522000.0,97.81999969482422
2019-10-01,98.0,95.12999725341797,97.80999755859375,96.75,3717900.0,96.75
2019-10-02,96.0,92.44000244140625,96.0,94.25,4097200.0,94.25
2019-10-03,95.02999877929688,92.87999725341797,93.52999877929688,94.33999633789062,3855600.0,94.33999633789062
2019-10-04,95.7699966430664,94.33999633789062,94.33999633789062,95.61000061035156,2221100.0,95.61000061035156
2019-10-07,95.81999969482422,93.31999969482422,95.12000274658203,93.56999969482422,2923200.0,93.56999969482422
2019-10-08,93.83000183105469,92.16000366210938,93.02999877929688,92.54000091552734,2803400.0,92.54000091552734
2019-10-09,94.5,92.80000305175781,93.0199966430664,92.87999725341797,1584400.0,92.87999725341797
2019-10-10,93.55999755859375,92.20999908447266,92.66000366210938,92.52999877929688,1963000.0,92.52999877929688
2019-10-11,95.87000274658203,93.75,93.93000030517578,94.19000244140625,3131700.0,94.19000244140625
2019-10-14,94.66000366210938,92.70999908447266,94.0,93.87999725341797,2369000.0,93.87999725341797
2019-10-15,95.27999877929688,93.22000122070312,94.13999938964844,95.1500015258789,2124900.0,95.1500015258789
2019-10-16,96.36000061035156,94.4000015258789,94.41000366210938,96.22000122070312,2981100.0,96.22000122070312
2019-10-17,98.0,96.5199966430664,96.70999908447266,96.76000213623047,2421100.0,96.76000213623047
2019-10-18,96.0999984741211,94.05000305175781,96.05000305175781,95.12999725341797,3151100.0,95.12999725341797
2019-10-21,96.83000183105469,95.0,95.4800033569336,95.80999755859375,1982700.0,95.80999755859375
2019-10-22,95.7699966430664,93.20999908447266,94.16999816894531,94.30000305175781,3364200.0,94.30000305175781
2019-10-23,96.25,94.36000061035156,94.43000030517578,95.70999908447266,2132300.0,95.70999908447266
2019-10-24,96.97000122070312,95.16999816894531,96.16000366210938,95.9800033569336,3237900.0,95.9800033569336
2019-10-25,96.3499984741211,94.61000061035156,95.54000091552734,96.30999755859375,2070000.0,96.30999755859375
2019-10-28,97.9000015258789,96.19999694824219,97.0,96.72000122070312,3615700.0,96.72000122070312
2019-10-29,97.5199966430664,94.37000274658203,96.72000122070312,94.41000366210938,7032500.0,94.41000366210938
2019-10-30,96.83999633789062,92.55999755859375,94.25,96.72000122070312,7143500.0,96.72000122070312
2019-10-31,96.72000122070312,94.87000274658203,96.62000274658203,96.4000015258789,3263400.0,96.4000015258789
2019-11-01,97.12000274658203,95.08000183105469,97.12000274658203,95.30000305175781,3369300.0,95.30000305175781
2019-11-04,98.52999877929688,95.5999984741211,96.3499984741211,98.1500015258789,3841000.0,98.1500015258789
2019-11-05,98.98999786376953,96.62999725341797,98.12999725341797,98.26000213623047,2719900.0,98.26000213623047
2019-11-06,99.18000030517578,97.97000122070312,98.68000030517578,98.66999816894531,2447900.0,98.66999816894531
2019-11-07,99.29000091552734,97.0199966430664,99.29000091552734,97.2300033569336,2156400.0,97.2300033569336
2019-11-08,98.5,96.31999969482422,96.91000366210938,98.2699966430664,2306600.0,98.2699966430664
2019-11-11,98.9000015258789,96.30999755859375,97.55000305175781,96.38999938964844,2159800.0,96.38999938964844
2019-11-12,96.83000183105469,95.25,96.41000366210938,96.33000183105469,3684300.0,96.33000183105469
2019-11-13,96.97000122070312,95.54000091552734,96.62000274658203,96.0,2860000.0,96.0
2019-11-14,98.4800033569336,96.12000274658203,96.19999694824219,97.54000091552734,3300700.0,97.54000091552734
2019-11-15,99.38999938964844,97.37000274658203,98.8499984741211,97.54000091552734,3315500.0,97.54000091552734
2019-11-18,98.0999984741211,96.69999694824219,97.43000030517578,97.38999938964844,2646600.0,97.38999938964844
2019-11-19,97.87000274658203,96.31999969482422,97.20999908447266,96.69000244140625,3415400.0,96.69000244140625
2019-11-20,98.91000366210938,96.12000274658203,96.12000274658203,98.12000274658203,3035700.0,98.12000274658203
2019-11-21,99.2300033569336,98.20999908447266,98.25,99.01000213623047,2817300.0,99.01000213623047
2019-11-22,99.93000030517578,98.31999969482422,99.66000366210938,99.19000244140625,2690200.0,99.19000244140625
2019-11-25,101.23999786376953,99.27999877929688,99.27999877929688,99.80000305175781,2812400.0,99.80000305175781
2019-11-26,100.13999938964844,98.70999908447266,99.87000274658203,99.27999877929688,2827300.0,99.27999877929688
2019-11-27,100.97000122070312,98.75,100.08999633789062,100.79000091552734,1862700.0,100.79000091552734
2019-11-29,102.0,100.0199966430664,100.02999877929688,101.01000213623047,1271600.0,101.01000213623047
2019-12-02,101.5999984741211,99.56999969482422,101.41999816894531,100.4000015258789,2723600.0,100.4000015258789
2019-12-03,101.47000122070312,99.0999984741211,99.54000091552734,101.2699966430664,2609900.0,101.2699966430664
2019-12-04,102.38999938964844,100.41999816894531,101.7699966430664,100.62999725341797,2735200.0,100.62999725341797
2019-12-05,102.2699966430664,100.36000061035156,101.44999694824219,102.12000274658203,2261600.0,102.12000274658203
2019-12-06,103.30000305175781,102.3499984741211,102.88999938964844,103.2300033569336,2564100.0,103.2300033569336
2019-12-09,103.5,101.93000030517578,103.33999633789062,102.02999877929688,1992800.0,102.02999877929688
2019-12-10,102.5,101.29000091552734,101.83999633789062,101.83999633789062,2006000.0,101.83999633789062
2019-12-11,103.51000213623047,101.81999969482422,101.87000274658203,103.19999694824219,2096800.0,103.19999694824219
2019-12-12,105.16999816894531,103.19000244140625,103.54000091552734,105.08999633789062,2518500.0,105.08999633789062
2019-12-13,105.83999633789062,103.80999755859375,105.33999633789062,104.55000305175781,2451600.0,104.55000305175781
2019-12-16,105.91999816894531,104.81999969482422,105.01000213623047,105.72000122070312,1849000.0,105.72000122070312
2019-12-17,106.2300033569336,105.12000274658203,105.86000061035156,105.75,1374300.0,105.75
2019-12-18,107.25,105.63999938964844,106.0,107.08000183105469,1573400.0,107.08000183105469
2019-12-19,107.87999725341797,106.63999938964844,107.0,107.33999633789062,1541800.0,107.33999633789062
2019-12-20,108.44999694824219,107.05999755859375,108.0199966430664,107.94999694824219,3320200.0,107.94999694824219
2019-12-23,108.91999816894531,107.66999816894531,108.2699966430664,107.79000091552734,1622600.0,107.79000091552734
2019-12-24,108.87000274658203,107.7300033569336,107.77999877929688,108.55000305175781,606100.0,108.55000305175781
2019-12-26,108.88999938964844,108.11000061035156,108.55999755859375,108.51000213623047,1676500.0,108.51000213623047
2019-12-27,108.88999938964844,107.80000305175781,108.5999984741211,108.43000030517578,1163400.0,108.43000030517578
2019-12-30,108.37000274658203,106.76000213623047,108.11000061035156,106.93000030517578,1758400.0,106.93000030517578
2019-12-31,107.5199966430664,106.43000030517578,106.58000183105469,107.51000213623047,1436200.0,107.51000213623047
2020-01-02,108.3499984741211,106.76000213623047,107.94000244140625,107.33999633789062,1901000.0,107.33999633789062
2020-01-03,107.75,105.12000274658203,105.58000183105469,107.19999694824219,1840300.0,107.19999694824219
2020-01-06,109.30999755859375,106.62999725341797,106.94999694824219,108.77999877929688,2934200.0,108.77999877929688
2020-01-07,109.25,107.7300033569336,109.0,108.38999938964844,1692400.0,108.38999938964844
2020-01-08,110.0,107.77999877929688,108.18000030517578,109.48999786376953,2651600.0,109.48999786376953
2020-01-09,110.33999633789062,108.2699966430664,110.0,109.36000061035156,1818600.0,109.36000061035156
2020-01-10,109.2699966430664,108.19999694824219,109.19999694824219,108.58999633789062,1756000.0,108.58999633789062
2020-01-13,110.06999969482422,108.62000274658203,109.05000305175781,109.81999969482422,1857400.0,109.81999969482422
2020-01-14,110.16999816894531,108.70999908447266,109.66000366210938,109.58000183105469,1723400.0,109.58000183105469
2020-01-15,110.44999694824219,109.13999938964844,109.79000091552734,109.61000061035156,1479100.0,109.61000061035156
2020-01-16,111.29000091552734,109.94999694824219,110.0,111.26000213623047,2108300.0,111.26000213623047
2020-01-17,112.98999786376953,111.55000305175781,112.37000274658203,112.93000030517578,3053300.0,112.93000030517578
2020-01-21,112.97000122070312,111.7699966430664,112.55000305175781,112.41000366210938,2165000.0,112.41000366210938
2020-01-22,114.04000091552734,112.68000030517578,112.7699966430664,113.08999633789062,2423100.0,113.08999633789062
2020-01-23,113.7300033569336,112.0,112.91999816894531,113.4800033569336,1564900.0,113.4800033569336
2020-01-24,114.12999725341797,111.62999725341797,114.0199966430664,112.33000183105469,2304000.0,112.33000183105469
2020-01-27,111.19000244140625,109.94999694824219,110.23999786376953,110.55999755859375,2175500.0,110.55999755859375
2020-01-28,112.87999725341797,111.05999755859375,111.29000091552734,111.9000015258789,2961900.0,111.9000015258789
2020-01-29,112.95999908447266,111.23999786376953,112.51000213623047,112.20999908447266,2463900.0,112.20999908447266
2020-01-30,111.88999938964844,110.30999755859375,111.43000030517578,111.63999938964844,3838500.0,111.63999938964844
2020-01-31,110.75,105.5,110.75,107.91999816894531,6995800.0,107.91999816894531
2020-02-03,109.44999694824219,104.4000015258789,107.93000030517578,105.04000091552734,4156000.0,105.04000091552734
2020-02-04,107.41999816894531,105.33000183105469,106.44000244140625,107.06999969482422,4190500.0,107.06999969482422
2020-02-05,108.95999908447266,107.12000274658203,108.62000274658203,107.81999969482422,2895700.0,107.81999969482422
2020-02-06,110.3499984741211,108.41000366210938,108.80000305175781,110.0,2500600.0,110.0
2020-02-07,110.95999908447266,108.73999786376953,109.16999816894531,109.08999633789062,2231300.0,109.08999633789062
2020-02-10,109.76000213623047,108.2300033569336,109.0199966430664,108.69999694824219,2170800.0,108.69999694824219
2020-02-11,109.2300033569336,107.94000244140625,108.94999694824219,109.04000091552734,1195300.0,109.04000091552734
2020-02-12,109.9800033569336,108.58999633789062,109.66999816894531,109.72000122070312,1567200.0,109.72000122070312
2020-02-13,109.33999633789062,107.97000122070312,109.1500015258789,108.83999633789062,1627000.0,108.83999633789062
2020-02-14,109.88999938964844,108.75,108.9000015258789,109.69000244140625,1227500.0,109.69000244140625
2020-02-18,109.83000183105469,108.69999694824219,109.08999633789062,109.45999908447266,2171400.0,109.45999908447266
2020-02-19,110.9000015258789,109.4000015258789,110.0999984741211,109.77999877929688,1540000.0,109.77999877929688
2020-02-20,109.37000274658203,107.44999694824219,108.72000122070312,109.19999694824219,4034000.0,109.19999694824219
2020-02-21,108.94000244140625,106.80000305175781,108.48999786376953,108.01000213623047,2546900.0,108.01000213623047
2020-02-24,107.93000030517578,105.0199966430664,105.05000305175781,107.02999877929688,2817100.0,107.02999877929688
2020-02-25,109.22000122070312,105.23999786376953,107.72000122070312,105.37999725341797,3651300.0,105.37999725341797
2020-02-26,108.26000213623047,105.5999984741211,106.36000061035156,106.54000091552734,2858000.0,106.54000091552734
2020-02-27,106.4000015258789,102.72000122070312,104.3499984741211,102.73999786376953,4906200.0,102.73999786376953
2020-02-28,101.88999938964844,98.58999633789062,100.29000091552734,101.37000274658203,6853700.0,101.37000274658203
2020-03-02,106.93000030517578,101.70999908447266,101.91999816894531,106.88999938964844,4291500.0,106.88999938964844
2020-03-03,109.70999908447266,105.37999725341797,106.7300033569336,106.69999694824219,3984800.0,106.69999694824219
2020-03-04,111.94000244140625,108.05999755859375,108.29000091552734,111.83000183105469,4289700.0,111.83000183105469
2020-03-05,111.93000030517578,109.11000061035156,109.48999786376953,110.20999908447266,3029900.0,110.20999908447266
2020-03-06,108.76000213623047,105.0,106.44999694824219,107.66999816894531,3886200.0,107.66999816894531
2020-03-09,104.18000030517578,99.91000366210938,101.56999969482422,100.93000030517578,4784300.0,100.93000030517578
2020-03-10,103.56999969482422,96.6500015258789,101.4000015258789,103.37999725341797,6525600.0,103.37999725341797
2020-03-11,102.16999816894531,98.33000183105469,101.61000061035156,101.18000030517578,4906000.0,101.18000030517578
2020-03-12,99.41999816894531,92.55000305175781,94.79000091552734,93.3499984741211,6288700.0,93.3499984741211
2020-03-13,99.61000061035156,92.75,98.73999786376953,97.05999755859375,5842000.0,97.05999755859375
2020-03-16,96.12000274658203,85.69000244140625,89.19000244140625,88.66999816894531,6196600.0,88.66999816894531
2020-03-17,98.19999694824219,87.11000061035156,91.5999984741211,95.41000366210938,6370100.0,95.41000366210938
2020-03-18,97.69000244140625,85.91999816894531,91.5,90.20999908447266,7073400.0,90.20999908447266
2020-03-19,93.9800033569336,86.0,90.94999694824219,90.05999755859375,6549700.0,90.05999755859375
2020-03-20,94.37000274658203,86.75,92.23999786376953,86.94000244140625,6174400.0,86.94000244140625
2020-03-23,97.72000122070312,88.43000030517578,89.7300033569336,95.47000122070312,8149000.0,95.47000122070312
2020-03-24,103.0999984741211,90.80999755859375,100.0,94.30000305175781,5765200.0,94.30000305175781
2020-03-25,94.1500015258789,89.45999908447266,93.52999877929688,89.63999938964844,5005600.0,89.63999938964844
2020-03-26,99.56999969482422,90.08000183105469,90.47000122070312,99.19999694824219,5750300.0,99.19999694824219
2020-03-27,99.68000030517578,94.62999725341797,96.52999877929688,95.37000274658203,4519800.0,95.37000274658203
2020-03-30,99.29000091552734,96.16999816894531,96.7699966430664,97.69000244140625,3352700.0,97.69000244140625
2020-03-31,101.0,96.62000274658203,97.79000091552734,100.16999816894531,3762300.0,100.16999816894531
2020-04-01,99.83999633789062,96.69999694824219,98.37999725341797,97.52999877929688,4056500.0,97.52999877929688
2020-04-02,102.81999969482422,97.5,98.0999984741211,102.29000091552734,3793000.0,102.29000091552734
2020-04-03,104.3499984741211,100.79000091552734,102.80999755859375,102.83000183105469,4084300.0,102.83000183105469
2020-04-06,107.5,104.55000305175781,105.38999938964844,106.51000213623047,4280200.0,106.51000213623047
2020-04-07,107.45999908447266,100.11000061035156,107.12999725341797,106.31999969482422,5496100.0,106.31999969482422
2020-04-08,108.23999786376953,105.25,106.94999694824219,106.80000305175781,3199600.0,106.80000305175781
2020-04-09,109.37999725341797,105.05999755859375,106.0,105.80000305175781,3717200.0,105.80000305175781
2020-04-13,109.77999877929688,104.6500015258789,105.6500015258789,109.30000305175781,2680800.0,109.30000305175781
2020-04-14,113.0199966430664,110.0,111.80000305175781,112.02999877929688,2622800.0,112.02999877929688
2020-04-15,114.47000122070312,110.20999908447266,110.73999786376953,113.51000213623047,3100000.0,113.51000213623047
2020-04-16,118.69000244140625,114.52999877929688,114.75,118.0999984741211,3838104.0,118.0999984741211
