Date,High,Low,Open,Close,Volume,Adj Close
2000-01-03,35.53125,33.5,35.53125,34.1875,1250000.0,23.71040153503418
2000-01-04,34.6875,33.6875,34.0625,33.78125,1285600.0,23.428647994995117
2000-01-05,34.6875,33.75,33.8125,34.25,1510200.0,23.753747940063477
2000-01-06,35.40625,34.5,34.5,35.34375,2018000.0,24.512300491333008
2000-01-07,37.84375,35.34375,35.34375,37.78125,1898400.0,26.20280647277832
2000-01-10,38.125,36.90625,37.75,37.875,1357800.0,26.267826080322266
2000-01-11,38.25,37.4375,37.9375,37.5625,1221800.0,26.051097869873047
2000-01-12,38.0,36.25,37.5,36.53125,963800.0,25.335886001586914
2000-01-13,37.28125,36.5,36.78125,36.8125,1220200.0,25.53094482421875
2000-01-14,38.9375,37.375,37.75,38.5,1812200.0,26.701292037963867
2000-01-18,38.84375,38.0,38.15625,38.34375,910000.0,26.592926025390625
2000-01-19,39.125,38.34375,38.34375,38.6875,1536200.0,26.831329345703125
2000-01-20,38.71875,38.0,38.5625,38.28125,1094200.0,26.54958724975586
2000-01-21,39.21875,37.9375,39.21875,38.15625,1698600.0,26.4628849029541
2000-01-24,38.5,36.6875,38.5,36.71875,1226200.0,25.465925216674805
2000-01-25,37.0625,35.15625,36.84375,35.90625,1464200.0,24.902429580688477
2000-01-26,37.15625,35.625,36.0,36.65625,1640000.0,25.42258071899414
2000-01-27,36.53125,35.0,36.53125,35.5,1470200.0,24.62067222595215
2000-01-28,35.5,34.0625,35.375,34.40625,1799400.0,23.862110137939453
2000-01-31,35.375,34.5,34.53125,35.0625,1193800.0,24.317251205444336
2000-02-01,36.9375,35.1875,35.625,36.5625,1241400.0,25.357559204101562
2000-02-02,37.375,36.125,36.5625,36.875,2038200.0,25.57428741455078
2000-02-03,39.0,37.625,37.75,38.75,3186600.0,26.874683380126953
2000-02-04,40.90625,39.03125,39.125,40.0625,2559000.0,27.78495216369629
2000-02-07,40.5625,39.65625,40.0,39.96875,2269600.0,27.719919204711914
2000-02-08,40.4375,39.53125,39.84375,40.375,1096800.0,28.001684188842773
2000-02-09,40.5,39.28125,40.5,39.28125,1553400.0,27.243118286132812
2000-02-10,40.0,39.0,39.40625,39.8125,994200.0,27.611570358276367
2000-02-11,40.0,39.5,39.6875,39.75,596200.0,27.568218231201172
2000-02-14,39.59375,38.875,39.375,38.9375,1472000.0,27.004709243774414
2000-02-15,38.9375,37.75,38.9375,38.1875,1457600.0,26.484561920166016
2000-02-16,37.9375,35.75,37.9375,35.96875,2439800.0,24.945770263671875
2000-02-17,36.125,34.0625,35.75,34.625,2646800.0,24.013826370239258
2000-02-18,36.1875,34.75,34.75,35.5625,2121000.0,24.664020538330078
2000-02-22,35.875,35.25,35.4375,35.53125,1881800.0,24.642349243164062
2000-02-23,36.75,35.53125,35.53125,36.1875,1460800.0,25.097484588623047
2000-02-24,36.1875,34.4375,36.1875,34.53125,3734800.0,23.94881248474121
2000-02-25,35.8125,34.53125,35.0,34.78125,3690200.0,24.122190475463867
2000-02-28,37.1875,34.78125,34.78125,37.03125,2695000.0,25.68265724182129
2000-02-29,38.5625,36.78125,36.90625,37.90625,2316200.0,26.289501190185547
2000-03-01,39.875,38.25,38.8125,39.34375,3246000.0,27.286470413208008
2000-03-02,39.25,38.25,39.0,38.5,1526600.0,26.701292037963867
2000-03-03,39.0,37.9375,38.5,38.0,1616800.0,26.354522705078125
2000-03-06,39.46875,37.25,38.0,38.40625,1638400.0,26.636272430419922
2000-03-07,39.625,36.84375,38.9375,37.71875,2564600.0,26.159461975097656
2000-03-08,40.375,37.9375,38.375,40.0,2374200.0,27.741605758666992
2000-03-09,44.5,38.9375,40.0,43.5,3510800.0,30.168991088867188
2000-03-10,43.40625,41.1875,43.40625,43.15625,2938400.0,29.930587768554688
2000-03-13,43.28125,39.375,39.375,42.34375,2782000.0,29.367088317871094
2000-03-14,42.46875,41.4375,42.46875,41.6875,1750000.0,28.911949157714844
2000-03-15,42.875,41.1875,41.59375,42.59375,2194800.0,29.540470123291016
2000-03-16,47.5,42.90625,43.5,47.3125,7645400.0,32.81311798095703
2000-03-17,46.84375,44.6875,46.5,44.90625,3334400.0,31.14427947998047
2000-03-20,47.25,45.25,45.3125,46.5,2315200.0,32.2496223449707
2000-03-21,47.5,45.84375,46.0,47.5,1423400.0,32.943153381347656
2000-03-22,47.5,45.625,47.4375,46.375,1850400.0,32.16291809082031
2000-03-23,48.21875,45.375,46.5,47.0625,1871000.0,32.639739990234375
2000-03-24,50.625,46.96875,47.09375,48.28125,3224800.0,33.48497009277344
2000-03-27,48.875,47.78125,48.3125,48.1875,1262000.0,33.419960021972656
2000-03-28,49.0,47.25,47.875,47.5625,1978000.0,32.98650360107422
2000-03-29,48.1875,47.25,47.625,47.9375,2413400.0,33.24658203125
2000-03-30,49.90625,47.75,47.96875,49.78125,2494000.0,34.52528762817383
2000-03-31,52.125,49.9375,49.9375,51.25,3788200.0,35.54393768310547
2000-04-03,52.34375,51.0625,51.625,52.0625,1684400.0,36.1074333190918
2000-04-04,52.46875,49.03125,52.34375,49.8125,2964200.0,34.54697036743164
2000-04-05,51.0,47.5625,49.4375,50.4375,1770000.0,34.980430603027344
2000-04-06,53.0,50.4375,50.4375,51.96875,1673800.0,36.04240798950195
2000-04-07,53.34375,51.5625,52.0625,53.09375,1587200.0,36.82263946533203
2000-04-10,54.78125,52.34375,53.09375,54.375,1688800.0,37.71125030517578
2000-04-11,54.3125,52.625,54.3125,53.0,1531200.0,36.75762176513672
2000-04-12,54.5625,52.25,52.96875,53.53125,1962800.0,37.12606430053711
2000-04-13,53.21875,50.5,52.9375,50.53125,1968800.0,35.045433044433594
2000-04-14,49.125,43.5625,49.0,45.8125,3126000.0,31.77280044555664
2000-04-17,46.25,44.25,45.6875,45.28125,2815200.0,31.40436553955078
2000-04-18,49.46875,45.5,45.6875,49.03125,2289800.0,34.0051383972168
2000-04-19,49.75,48.03125,49.03125,49.46875,2333800.0,34.30855178833008
2000-04-20,51.5,49.375,49.59375,51.03125,1864600.0,35.392215728759766
2000-04-24,51.6875,49.46875,50.90625,50.0,1915800.0,34.677001953125
2000-04-25,52.5,50.25,50.5,52.5,1331100.0,36.410850524902344
2000-04-26,53.0,51.5,52.5,52.0625,1192900.0,36.1074333190918
2000-04-27,51.625,49.5,50.125,50.9375,1618000.0,35.32719802856445
2000-04-28,51.25,48.0,51.125,48.125,1915700.0,33.37662124633789
2000-05-01,52.375,48.5,48.5,52.0,2022100.0,36.0640869140625
2000-05-02,52.5,51.0625,51.75,51.8125,938900.0,35.93404769897461
2000-05-03,48.0,44.0,46.25,48.0,5102900.0,33.2899169921875
2000-05-04,48.0,44.125,48.0,47.5,2787700.0,32.943153381347656
2000-05-05,50.0,46.5,47.1875,49.75,1694900.0,34.503623962402344
2000-05-08,49.375,48.0625,49.375,48.75,1309600.0,33.81008529663086
2000-05-09,49.9375,47.6875,48.875,48.0,1625600.0,33.2899169921875
2000-05-10,48.6875,47.5,48.4375,48.0625,1248200.0,33.33327865600586
2000-05-11,49.0,47.625,48.0,48.9375,802500.0,33.94011306762695
2000-05-12,51.0,48.4375,48.6875,49.96875,1557900.0,34.65533447265625
2000-05-15,51.4375,49.0625,50.0,51.1875,1015300.0,35.50057601928711
2000-05-16,52.4375,51.0,51.1875,51.375,857600.0,35.630615234375
2000-05-17,52.9375,49.875,52.1875,52.875,1734500.0,36.67092514038086
2000-05-18,54.4375,52.5625,52.9375,54.0,1150300.0,37.4511604309082
2000-05-19,53.4375,52.125,53.3125,52.3125,1115000.0,36.28081512451172
2000-05-22,53.1875,50.25,53.1875,51.25,911300.0,35.54393768310547
2000-05-23,53.5,52.1875,52.5,52.625,1832200.0,36.49754333496094
2000-05-24,51.5625,47.0,51.5,48.25,4453000.0,33.46331024169922
2000-05-25,49.25,47.625,49.0,49.0,2114700.0,33.983463287353516
2000-05-26,49.0,47.0625,49.0,48.75,1078700.0,33.81008529663086
2000-05-30,50.0,48.25,48.75,49.5625,1326500.0,34.37358856201172
2000-05-31,52.4375,49.5,49.75,51.75,1675600.0,35.890708923339844
2000-06-01,54.9375,52.75,53.0,54.5,1397700.0,37.797935485839844
2000-06-02,59.625,56.375,56.875,59.25,2376000.0,41.092247009277344
2000-06-05,58.5,55.5,58.5,56.0,4489600.0,38.8382453918457
2000-06-06,56.0,55.125,55.8125,55.875,1590200.0,38.751548767089844
2000-06-07,56.875,55.375,55.75,55.8125,1481500.0,38.70820617675781
2000-06-08,56.0,54.0625,55.875,54.625,1145000.0,37.88461685180664
2000-06-09,55.1875,53.25,54.625,53.5625,2141500.0,37.14773941040039
2000-06-12,53.625,51.5,53.625,51.75,2003400.0,35.890708923339844
2000-06-13,52.375,50.1875,51.6875,52.375,2730200.0,36.32416534423828
2000-06-14,52.875,51.75,52.25,52.5,1042100.0,36.410850524902344
2000-06-15,54.75,52.5625,53.0,54.5,1178300.0,37.797935485839844
2000-06-16,54.375,53.5625,54.125,54.3125,1521300.0,37.66789245605469
2000-06-19,55.0,53.6875,54.3125,54.75,1057900.0,37.97132110595703
2000-06-20,55.1875,54.375,54.5625,55.0,672900.0,38.14469909667969
2000-06-21,55.3125,54.5,55.0625,55.25,638600.0,38.31808853149414
2000-06-22,55.25,54.125,55.1875,54.125,1084400.0,37.537841796875
2000-06-23,56.75,53.6875,54.25,55.4375,1056900.0,38.448123931884766
2000-06-26,56.375,55.0,55.4375,55.0625,901000.0,38.18804168701172
2000-06-27,55.8125,54.0,55.0625,54.6875,1251600.0,37.92797088623047
2000-06-28,55.5,54.125,54.8125,54.234375,1074500.0,37.613704681396484
2000-06-29,54.8125,53.125,54.0625,53.75,2461200.0,37.27777862548828
2000-06-30,56.0625,53.75,53.9375,55.625,1732600.0,38.57817077636719
2000-07-03,55.0,54.375,54.9375,54.875,697100.0,38.05801010131836
2000-07-05,55.5,54.1875,55.5,54.25,1458700.0,37.62453842163086
2000-07-06,56.875,54.5625,55.625,56.4375,1428900.0,39.14166259765625
2000-07-07,60.5,57.75,58.25,60.0625,1970500.0,41.6557502746582
2000-07-10,63.6875,59.625,60.125,63.0,2246900.0,43.69302749633789
2000-07-11,64.5,62.0,62.0,63.5,2137100.0,44.0398063659668
2000-07-12,64.375,62.4375,64.375,63.0625,1365400.0,43.736366271972656
2000-07-13,63.0,61.375,62.8125,61.5,1110800.0,42.652713775634766
2000-07-14,62.875,60.875,62.25,62.75,928000.0,43.5196418762207
2000-07-17,63.1875,61.8125,62.5,62.8125,647400.0,43.562992095947266
2000-07-18,64.875,62.5,62.875,64.5,1119300.0,44.73332595825195
2000-07-19,65.5625,64.0,64.375,64.5,890100.0,44.73332595825195
2000-07-20,66.5,63.375,64.4375,63.8125,1044400.0,44.256526947021484
2000-07-21,65.0625,63.8125,63.8125,64.6875,807100.0,44.86337661743164
2000-07-24,64.1875,61.0,64.0,62.0,1463200.0,42.99947738647461
2000-07-25,63.25,61.25,62.0,62.8125,970000.0,43.562992095947266
2000-07-26,63.75,62.125,62.625,63.34375,837800.0,43.93143844604492
2000-07-27,64.3125,63.4375,63.4375,64.0625,582100.0,44.42991638183594
2000-07-28,64.0,59.625,63.875,60.6875,1056000.0,42.0892219543457
2000-07-31,60.9375,56.5,60.75,56.75,1757000.0,39.35839080810547
2000-08-01,57.875,55.875,57.25,57.625,1547900.0,39.96524429321289
2000-08-02,60.6875,57.125,57.5625,60.4375,994100.0,41.91582107543945
2000-08-03,59.5,58.0,58.75,58.0,1195800.0,40.22532653808594
2000-08-04,59.5,58.25,58.375,58.6875,1004800.0,40.70213317871094
2000-08-07,60.5625,58.25,58.9375,58.625,1228200.0,40.65879440307617
2000-08-08,63.0625,60.5625,60.75,62.375,1183800.0,43.25956726074219
2000-08-09,61.5,59.5,61.5,60.5,1208700.0,41.95917510986328
2000-08-10,60.25,56.625,60.25,57.5,3753900.0,39.87855911254883
2000-08-11,59.875,57.125,57.9375,59.0,1525300.0,40.91885757446289
2000-08-14,60.875,59.1875,59.625,59.4375,1478600.0,41.22229766845703
2000-08-15,59.9375,56.75,59.875,57.0,2034400.0,39.53179168701172
2000-08-16,57.625,55.5,57.0,56.5625,2922200.0,39.22835922241211
2000-08-17,56.6875,54.375,56.6875,55.4375,3040700.0,38.448123931884766
2000-08-18,57.0,55.0,55.6875,56.75,1525600.0,39.35839080810547
2000-08-21,57.1875,55.875,56.9375,57.1875,1029700.0,39.661827087402344
2000-08-22,58.625,57.25,57.3125,58.0,1019500.0,40.22532653808594
2000-08-23,58.8125,56.875,57.5,58.0,527700.0,40.22532653808594
2000-08-24,58.9375,57.75,58.0,58.5,534400.0,40.57209014892578
2000-08-25,59.1875,57.5,57.5,58.9375,912500.0,40.875518798828125
2000-08-28,57.75,56.375,57.75,57.0,1669000.0,39.53179168701172
2000-08-29,58.875,56.3125,56.75,58.375,1307000.0,40.48539352416992
2000-08-30,58.5625,57.3125,58.5,57.5625,739800.0,39.92190170288086
2000-08-31,58.375,55.375,58.25,56.015625,2498200.0,38.84907531738281
2000-09-01,58.3125,56.25,56.25,57.625,744600.0,39.96524429321289
2000-09-05,59.375,57.6875,57.875,58.0,709300.0,40.22532653808594
2000-09-06,62.3125,58.75,58.9375,61.75,1896000.0,42.82610321044922
2000-09-07,62.0625,59.625,61.625,60.6875,1419000.0,42.0892219543457
2000-09-08,62.5625,60.6875,60.6875,62.25,931000.0,43.17286682128906
2000-09-11,63.375,62.0625,62.3125,62.8125,619800.0,43.562992095947266
2000-09-12,64.625,62.875,64.125,64.1875,905400.0,44.51660919189453
2000-09-13,64.1875,62.8125,64.1875,63.5625,505800.0,44.08314514160156
2000-09-14,63.5625,61.8125,63.5625,62.375,695200.0,43.25956726074219
2000-09-15,64.75,61.75,62.375,64.3125,1624200.0,44.603294372558594
2000-09-18,63.5,60.25,63.4375,60.625,1285200.0,42.045875549316406
2000-09-19,60.875,57.75,60.875,59.625,2017400.0,41.352325439453125
2000-09-20,59.5,56.5,59.5,58.75,1717000.0,40.7454719543457
2000-09-21,61.5,58.375,58.75,61.3125,1302100.0,42.52267837524414
2000-09-22,61.125,59.25,61.0625,60.5625,1134800.0,42.00251770019531
2000-09-25,61.0,58.8125,61.0,59.1875,920700.0,41.04889678955078
2000-09-26,58.75,56.1875,58.6875,57.5625,2631600.0,39.92190170288086
2000-09-27,59.3125,56.875,57.375,57.875,1437500.0,40.13862991333008
2000-09-28,59.625,58.1875,58.3125,58.9375,667400.0,40.875518798828125
2000-09-29,59.9375,57.25,58.6875,57.6875,1266500.0,40.008602142333984
2000-10-02,57.75,56.0,57.75,56.625,982600.0,39.27171325683594
2000-10-03,57.1875,55.25,56.625,55.625,1238700.0,38.57817077636719
2000-10-04,57.96875,55.625,55.75,56.6875,1075000.0,39.315059661865234
2000-10-05,62.0,57.375,58.5,57.9375,2175200.0,40.18198013305664
2000-10-06,58.6875,55.8125,58.5,56.875,1712900.0,39.44508743286133
2000-10-09,59.25,57.4375,57.4375,58.625,952300.0,40.65879440307617
2000-10-10,58.4375,57.0,58.375,57.1875,791000.0,39.661827087402344
2000-10-11,57.5625,55.3125,56.9375,55.625,1194300.0,38.57817077636719
2000-10-12,54.6875,50.5,54.625,53.0625,3119400.0,36.800968170166016
2000-10-13,53.5,51.5,53.0625,52.9375,2581400.0,36.71427536010742
2000-10-16,54.8125,52.125,52.9375,54.5,1263200.0,37.797935485839844
2000-10-17,54.625,51.75,54.5,52.3125,1367100.0,36.28081512451172
2000-10-18,53.0,51.0,52.0,52.4375,1580300.0,36.36751174926758
2000-10-19,56.75,53.0,53.0,56.4375,1559100.0,39.14166259765625
2000-10-20,57.1875,55.5625,56.1875,55.875,1686300.0,38.751548767089844
2000-10-23,55.9375,53.375,55.9375,53.625,1617100.0,37.19109344482422
2000-10-24,54.0,53.5,53.875,53.5625,1455500.0,37.14773941040039
2000-10-25,53.75,51.5625,53.6875,51.75,1375700.0,35.890708923339844
2000-10-26,51.8125,49.0625,51.75,49.875,3443000.0,34.5903205871582
2000-10-27,50.75,49.3125,49.8125,50.4375,1865100.0,34.980430603027344
2000-10-30,52.5625,50.5,50.5,52.5625,1855700.0,36.454193115234375
2000-10-31,54.75,52.5625,52.5625,54.1875,1598200.0,37.581199645996094
2000-11-01,55.375,54.3125,54.4375,55.0625,1209500.0,38.18804168701172
2000-11-02,55.75,53.125,53.125,55.5,4228500.0,38.4914665222168
2000-11-03,55.6875,54.75,55.625,55.5625,2111000.0,38.53481674194336
2000-11-06,57.4375,55.625,56.0625,56.75,1284400.0,39.35839080810547
2000-11-07,56.875,55.5625,56.875,55.9375,1152100.0,38.79490661621094
2000-11-08,58.375,56.625,56.625,57.4375,1490800.0,39.83519744873047
2000-11-09,54.75,51.5,51.5,54.3125,2531600.0,37.66789245605469
2000-11-10,54.4375,51.375,54.4375,51.5,2051900.0,35.71731185913086
2000-11-13,50.5625,48.8125,50.1875,49.75,2372600.0,34.503623962402344
2000-11-14,53.5625,50.625,50.625,52.6875,1654900.0,36.5408935546875
2000-11-15,53.8125,51.5625,52.375,53.5625,1614100.0,37.14773941040039
2000-11-16,54.75,53.25,54.75,53.4375,884200.0,37.06104278564453
2000-11-17,53.8125,52.5,53.1875,53.0,1055300.0,36.75762176513672
2000-11-20,53.125,51.4375,52.75,51.75,686700.0,35.890708923339844
2000-11-21,51.75,49.8125,51.75,50.3125,1120600.0,34.893733978271484
2000-11-22,50.25,48.9375,49.75,49.375,951600.0,34.2435417175293
2000-11-24,49.75,48.4375,49.75,48.5,600700.0,33.63669204711914
2000-11-27,52.25,49.625,49.625,52.0,1850200.0,36.0640869140625
2000-11-28,51.5625,50.5,51.4375,51.5625,1769900.0,35.76066207885742
2000-11-29,52.625,51.0625,51.25,52.25,1111100.0,36.23746109008789
2000-11-30,54.0625,51.875,52.5,53.5625,2921200.0,37.14773941040039
2000-12-01,56.3125,53.5,53.5625,54.4375,1932900.0,37.75459289550781
2000-12-04,59.0,54.125,54.25,58.5,3199400.0,40.57209014892578
2000-12-05,60.6875,57.625,58.3125,60.3125,2336800.0,41.82913589477539
2000-12-06,60.125,59.125,60.0,59.4375,1630700.0,41.22229766845703
2000-12-07,59.9375,57.75,59.1875,59.75,1321700.0,41.43901443481445
2000-12-08,61.625,59.75,59.75,61.3125,1269100.0,42.52267837524414
2000-12-11,61.0625,59.25,61.0625,60.25,931800.0,41.7857780456543
2000-12-12,60.8125,58.3125,59.0,59.6875,1346700.0,41.39567184448242
2000-12-13,59.6875,57.5,59.6875,58.3125,1276900.0,40.442047119140625
2000-12-14,58.375,55.5,58.3125,56.5,1505000.0,39.18501281738281
2000-12-15,57.5,54.875,55.1875,57.0625,1616100.0,39.57511901855469
2000-12-18,58.75,56.25,56.5,58.125,1240000.0,40.31201934814453
2000-12-19,58.875,56.375,58.125,56.9375,2372100.0,39.48843765258789
2000-12-20,56.75,54.3125,56.6875,54.6875,2351900.0,37.92797088623047
2000-12-21,55.625,52.75,54.75,53.6875,2401400.0,37.23443603515625
2000-12-22,58.125,54.8125,55.0,57.5,2082400.0,39.87855911254883
2000-12-26,57.125,54.0,57.0,55.9375,1538800.0,38.79490661621094
2000-12-27,60.75,54.3125,55.8125,60.625,2609100.0,42.045875549316406
2000-12-28,61.25,59.25,60.5,60.5,1507300.0,41.95917510986328
2000-12-29,62.3125,61.0,61.0,61.0,1472500.0,42.30594253540039
2001-01-02,62.0,58.9375,60.75,59.25,1990100.0,41.092247009277344
2001-01-03,64.0,57.625,60.4375,63.8125,2476300.0,44.256526947021484
2001-01-04,70.125,66.5625,69.5,70.0,5955300.0,48.54779815673828
2001-01-05,68.6875,64.5625,68.5,64.75,3639000.0,44.90671920776367
2001-01-08,65.9375,63.375,63.75,64.25,1838800.0,44.559959411621094
2001-01-09,65.0,62.8125,65.0,63.9375,1549700.0,44.34321975708008
2001-01-10,66.5,62.875,63.25,66.25,1702100.0,45.9470329284668
2001-01-11,69.1875,65.0,66.125,68.125,2547400.0,47.24742126464844
2001-01-12,69.1875,66.9375,68.1875,68.5625,1290700.0,47.55084228515625
2001-01-16,69.3125,67.3125,68.3125,68.375,1252000.0,47.42080307006836
2001-01-17,68.8125,67.5,68.375,67.8125,1258300.0,47.03068923950195
2001-01-18,67.6875,65.75,67.5,66.625,1058000.0,46.207088470458984
2001-01-19,66.375,64.375,66.375,65.9375,1960400.0,45.730308532714844
2001-01-22,68.75,66.75,66.75,68.5,1342000.0,47.50749588012695
2001-01-23,69.125,67.8125,68.5,68.0625,1139900.0,47.204063415527344
2001-01-24,69.75,67.0625,68.0,69.1875,1511300.0,47.98430633544922
2001-01-25,70.75,68.1875,69.25,70.375,2645700.0,48.807891845703125
2001-01-26,70.75,68.0,70.125,70.0,1318300.0,48.54779815673828
2001-01-29,71.44999694824219,69.75,70.0,70.73999786376953,881900.0,49.06101989746094
2001-01-30,70.95999908447266,69.0,70.5,70.41000366210938,1391300.0,48.832149505615234
2001-01-31,72.19999694824219,70.16000366210938,70.16000366210938,71.0,1671200.0,49.2413444519043
2001-02-01,71.1500015258789,69.36000061035156,71.0999984741211,70.48999786376953,1131100.0,48.88764572143555
2001-02-02,70.73999786376953,68.0999984741211,70.7300033569336,68.48999786376953,986500.0,47.50056838989258
2001-02-05,69.19999694824219,67.77999877929688,68.25,68.48999786376953,949100.0,47.50056838989258
2001-02-06,70.0,68.30000305175781,68.91999816894531,68.62999725341797,1568300.0,47.59764099121094
2001-02-07,69.98999786376953,67.12000274658203,68.01000213623047,68.26000213623047,2046000.0,47.34104919433594
2001-02-08,69.0,66.8499984741211,69.0,66.98999786376953,2543200.0,46.460243225097656
2001-02-09,67.8499984741211,65.4000015258789,67.0,65.75,1580800.0,45.60025405883789
2001-02-12,69.5,65.77999877929688,66.25,69.5,1706700.0,48.20104217529297
2001-02-13,70.7300033569336,68.75,69.5,70.11000061035156,1893400.0,48.62409973144531
2001-02-14,70.11000061035156,69.0,70.11000061035156,69.58999633789062,2003800.0,48.26344680786133
2001-02-15,70.19999694824219,68.51000213623047,69.9000015258789,68.88999938964844,1858300.0,47.777976989746094
2001-02-16,70.47000122070312,68.69999694824219,68.9000015258789,69.61000061035156,1764900.0,48.27733612060547
2001-02-20,72.23999786376953,70.0,70.9000015258789,71.81999969482422,2065100.0,49.810054779052734
2001-02-21,71.23999786376953,68.75,71.0,69.25,2590000.0,48.027652740478516
2001-02-22,69.0,66.0,67.5999984741211,67.87999725341797,2350000.0,47.07748794555664
2001-02-23,68.69999694824219,65.30000305175781,67.01000213623047,68.5,2034400.0,47.50749588012695
2001-02-26,70.5,68.4000015258789,68.5,69.69999694824219,1640000.0,48.3397331237793
2001-02-27,70.30000305175781,67.3499984741211,69.69999694824219,68.01000213623047,2226500.0,47.16766357421875
2001-02-28,67.80000305175781,64.80999755859375,67.0,65.91000366210938,3151200.0,45.71122741699219
2001-03-01,65.66999816894531,62.0,65.66000366210938,62.0,3323200.0,42.99947738647461
2001-03-02,63.5,60.5,61.75,62.29999923706055,2697500.0,43.20754623413086
2001-03-05,63.70000076293945,61.2599983215332,63.0,63.5,2520400.0,44.0398063659668
2001-03-06,66.19999694824219,63.75,63.75,65.97000122070312,2861300.0,45.75284194946289
2001-03-07,66.5999984741211,65.45999908447266,65.97000122070312,66.55000305175781,1492900.0,46.155094146728516
2001-03-08,67.0,65.55000305175781,66.5,66.0999984741211,1298300.0,45.842994689941406
2001-03-09,65.5999984741211,64.0999984741211,65.30000305175781,64.73999786376953,1508500.0,44.899784088134766
2001-03-12,64.69999694824219,62.25,64.69999694824219,62.2599983215332,1629000.0,43.1797981262207
2001-03-13,62.970001220703125,60.22999954223633,62.2599983215332,61.61000061035156,2006400.0,42.729007720947266
2001-03-14,64.0,61.0,61.86000061035156,63.290000915527344,2659700.0,43.894161224365234
2001-03-15,64.83999633789062,63.2599983215332,64.0,63.97999954223633,1643000.0,44.3726921081543
2001-03-16,64.0,61.79999923706055,63.5,62.0,1739400.0,42.99947738647461
2001-03-19,62.599998474121094,61.0,62.25,62.0,1837900.0,42.99947738647461
2001-03-20,64.0,62.04999923706055,62.099998474121094,62.119998931884766,1757400.0,43.08270263671875
2001-03-21,62.45000076293945,60.5,62.0,61.38999938964844,1692600.0,42.576419830322266
2001-03-22,61.380001068115234,54.61000061035156,61.380001068115234,57.20000076293945,4389100.0,39.67049026489258
2001-03-23,59.380001068115234,55.95000076293945,57.849998474121094,59.29999923706055,2212500.0,41.12692642211914
2001-03-26,60.63999938964844,58.529998779296875,60.29999923706055,60.45000076293945,1568100.0,41.92449951171875
2001-03-27,61.939998626708984,59.20000076293945,60.650001525878906,61.75,1685400.0,42.82610321044922
2001-03-28,62.5,59.849998474121094,61.7599983215332,62.0,1823500.0,42.99947738647461
2001-03-29,62.18000030517578,60.130001068115234,61.209999084472656,61.04999923706055,1575200.0,42.34062194824219
2001-03-30,62.15999984741211,59.45000076293945,61.849998474121094,61.689998626708984,1549900.0,42.784488677978516
2001-04-02,62.20000076293945,60.630001068115234,61.689998626708984,61.70000076293945,1126200.0,42.79143142700195
2001-04-03,61.70000076293945,55.0,61.70000076293945,55.5,4514400.0,38.4914665222168
2001-04-04,57.45000076293945,55.09000015258789,55.5,55.61000061035156,4556400.0,38.5677604675293
2001-04-05,58.77000045776367,56.75,57.5,58.77000045776367,1682000.0,40.75935363769531
2001-04-06,58.70000076293945,56.5099983215332,57.5,57.88999938964844,2216200.0,40.14903259277344
2001-04-09,57.70000076293945,54.83000183105469,57.25,55.189998626708984,2768000.0,38.2764778137207
2001-04-10,56.439998626708984,54.5099983215332,56.0,54.90999984741211,2899700.0,38.082298278808594
2001-04-11,56.70000076293945,52.79999923706055,56.599998474121094,52.79999923706055,5061100.0,36.61891555786133
2001-04-12,53.79999923706055,48.70000076293945,50.0,53.79999923706055,11592100.0,37.312461853027344
2001-04-16,54.400001525878906,51.7599983215332,52.75,53.95000076293945,2898700.0,37.4164924621582
2001-04-17,55.5099983215332,53.0,53.939998626708984,55.349998474121094,2076200.0,38.387451171875
2001-04-18,61.54999923706055,55.7599983215332,56.0,60.7599983215332,4182000.0,42.13949966430664
2001-04-19,60.70000076293945,59.25,60.09000015258789,60.029998779296875,2359100.0,41.63320541381836
2001-04-20,60.029998779296875,58.650001525878906,60.0,59.970001220703125,1724400.0,41.59159851074219
2001-04-23,60.849998474121094,58.689998626708984,59.5,58.70000076293945,1504500.0,40.7108039855957
2001-04-24,57.70000076293945,55.54999923706055,57.599998474121094,56.36000061035156,2234300.0,39.087913513183594
2001-04-25,59.0,56.41999816894531,56.70000076293945,58.650001525878906,1356300.0,40.67612838745117
2001-04-26,60.650001525878906,58.13999938964844,58.29999923706055,59.650001525878906,1744100.0,41.36965560913086
2001-04-27,62.900001525878906,59.900001525878906,59.900001525878906,62.04999923706055,1319700.0,43.0341682434082
2001-04-30,62.5,61.060001373291016,62.099998474121094,61.060001373291016,1346200.0,42.347557067871094
2001-05-01,64.05000305175781,61.25,62.099998474121094,63.900001525878906,3006600.0,44.31721878051758
2001-05-02,63.900001525878906,62.0,63.29999923706055,62.349998474121094,1418000.0,43.242218017578125
2001-05-03,61.790000915527344,59.560001373291016,60.70000076293945,60.20000076293945,2987300.0,41.75110626220703
2001-05-04,59.959999084472656,58.619998931884766,58.900001525878906,59.45000076293945,2482500.0,41.23095703125
2001-05-07,59.9900016784668,57.599998474121094,59.9900016784668,57.900001525878906,2275900.0,40.15596389770508
2001-05-08,59.25,57.2599983215332,58.849998474121094,58.04999923706055,2400300.0,40.2599983215332
2001-05-09,57.689998626708984,56.119998931884766,57.2599983215332,57.279998779296875,2830200.0,39.72597885131836
2001-05-10,63.27000045776367,61.150001525878906,61.75,61.65999984741211,4671700.0,42.76367950439453
2001-05-11,63.0,61.099998474121094,62.0,61.56999969482422,1251400.0,42.701263427734375
2001-05-14,63.400001525878906,61.47999954223633,61.56999969482422,63.349998474121094,1517600.0,43.93576431274414
2001-05-15,63.959999084472656,61.77000045776367,63.4900016784668,62.11000061035156,1711500.0,43.07577133178711
2001-05-16,63.31999969482422,61.2599983215332,62.36000061035156,63.11000061035156,1179300.0,43.76931381225586
2001-05-17,65.0,63.20000076293945,63.599998474121094,64.44999694824219,1173500.0,44.69866180419922
2001-05-18,64.51000213623047,63.0099983215332,64.44999694824219,64.19999694824219,994800.0,44.52526092529297
2001-05-21,67.48999786376953,64.25,64.44999694824219,66.98999786376953,1378200.0,46.460243225097656
2001-05-22,67.94999694824219,66.5,66.75,67.16000366210938,1879600.0,46.578147888183594
2001-05-23,67.51000213623047,64.93000030517578,67.16000366210938,64.97000122070312,2138700.0,45.059295654296875
2001-05-24,65.3499984741211,64.0999984741211,65.19999694824219,64.80999755859375,1440500.0,44.948326110839844
2001-05-25,64.94999694824219,64.27999877929688,64.80000305175781,64.5,711400.0,44.73332595825195
2001-05-29,64.25,62.56999969482422,64.25,63.189998626708984,742300.0,43.82478332519531
2001-05-30,63.369998931884766,62.20000076293945,62.5099983215332,62.849998474121094,902400.0,43.5889892578125
2001-05-31,62.439998626708984,60.099998474121094,62.0,61.54999923706055,2877200.0,42.6873893737793
2001-06-01,61.5099983215332,60.619998931884766,61.5,60.959999084472656,2071300.0,42.278202056884766
2001-06-04,61.150001525878906,59.849998474121094,61.150001525878906,60.16999816894531,2171900.0,41.730308532714844
2001-06-05,60.33000183105469,59.560001373291016,60.16999816894531,60.189998626708984,2737200.0,41.744171142578125
2001-06-06,60.90999984741211,60.0,60.79999923706055,60.59000015258789,1964700.0,42.02158737182617
2001-06-07,63.41999816894531,60.0,60.599998474121094,61.83000183105469,3772700.0,42.881591796875
2001-06-08,61.779998779296875,61.459999084472656,61.75,61.560001373291016,695700.0,42.69432830810547
2001-06-11,62.20000076293945,60.84000015258789,61.599998474121094,61.029998779296875,1697400.0,42.32674789428711
2001-06-12,61.09000015258789,60.459999084472656,60.95000076293945,60.95000076293945,1844600.0,42.271270751953125
2001-06-13,61.150001525878906,60.04999923706055,60.95000076293945,60.75,1815600.0,42.13256072998047
2001-06-14,61.529998779296875,60.5,60.70000076293945,60.939998626708984,1508000.0,42.26433181762695
2001-06-15,61.900001525878906,59.70000076293945,60.45000076293945,61.060001373291016,3224700.0,42.347557067871094
2001-06-18,63.20000076293945,61.650001525878906,61.650001525878906,62.77000045776367,1567600.0,43.53351974487305
2001-06-19,64.9000015258789,63.25,64.9000015258789,63.7400016784668,1681000.0,44.20624542236328
2001-06-20,64.75,63.4900016784668,63.7400016784668,64.31999969482422,1430900.0,44.60850143432617
2001-06-21,66.58000183105469,64.1500015258789,64.33000183105469,66.4000015258789,1609300.0,46.05106735229492
2001-06-22,66.30000305175781,65.01000213623047,66.30000305175781,65.30000305175781,1213100.0,45.28816604614258
2001-06-25,65.44999694824219,62.4900016784668,65.30000305175781,65.06999969482422,2126700.0,45.12864685058594
2001-06-26,64.05000305175781,62.63999938964844,63.75,62.650001525878906,2368700.0,43.45028305053711
2001-06-27,63.86000061035156,61.380001068115234,62.650001525878906,61.52000045776367,1485400.0,42.66658401489258
2001-06-28,64.4000015258789,61.900001525878906,61.900001525878906,63.11000061035156,1800200.0,43.76931381225586
2001-06-29,64.19999694824219,62.52000045776367,63.11000061035156,62.72999954223633,1778300.0,43.50576400756836
2001-07-02,63.099998474121094,61.95000076293945,62.70000076293945,63.09000015258789,1264400.0,43.755435943603516
2001-07-03,62.900001525878906,62.189998626708984,62.5,62.70000076293945,628000.0,43.48497009277344
2001-07-05,61.77000045776367,60.15999984741211,61.5,60.2400016784668,2101000.0,41.77885818481445
2001-07-06,60.25,57.59000015258789,60.2400016784668,58.29999923706055,3680100.0,40.433387756347656
2001-07-09,58.099998474121094,55.20000076293945,58.099998474121094,55.86000061035156,5215300.0,38.741153717041016
2001-07-10,57.040000915527344,55.689998626708984,56.04999923706055,55.79999923706055,4237100.0,38.69953155517578
2001-07-11,58.65999984741211,55.79999923706055,55.810001373291016,58.34000015258789,2551100.0,40.46113204956055
2001-07-12,60.25,56.63999938964844,57.400001525878906,59.45000076293945,4260000.0,41.23095703125
2001-07-13,59.36000061035156,56.77000045776367,58.5,59.29999923706055,2720600.0,41.12692642211914
2001-07-16,59.20000076293945,56.95000076293945,59.04999923706055,57.189998626708984,3055400.0,39.6635627746582
2001-07-17,57.88999938964844,56.88999938964844,57.400001525878906,57.529998779296875,1463000.0,39.89936828613281
2001-07-18,58.099998474121094,56.79999923706055,57.5,57.650001525878906,1531900.0,39.98258590698242
2001-07-19,59.7400016784668,57.79999923706055,57.900001525878906,58.630001068115234,1468300.0,40.66225051879883
2001-07-20,60.20000076293945,58.369998931884766,58.630001068115234,58.400001525878906,1328400.0,40.50273132324219
2001-07-23,58.900001525878906,57.5099983215332,58.400001525878906,57.81999969482422,1599600.0,40.10048294067383
2001-07-24,57.630001068115234,55.0,57.56999969482422,56.13999938964844,1819100.0,38.93533706665039
2001-07-25,57.15999984741211,55.20000076293945,56.25,55.70000076293945,1571900.0,38.63018798828125
2001-07-26,57.02000045776367,55.5,55.79999923706055,56.93000030517578,1524700.0,39.48323059082031
2001-07-27,56.7400016784668,55.79999923706055,56.68000030517578,56.0,1685200.0,38.8382453918457
2001-07-30,57.45000076293945,56.04999923706055,56.04999923706055,57.0099983215332,2103000.0,39.538719177246094
2001-07-31,58.59000015258789,55.720001220703125,57.38999938964844,57.279998779296875,1707600.0,39.72597885131836
2001-08-01,57.70000076293945,56.27000045776367,57.290000915527344,57.060001373291016,1665100.0,39.573402404785156
2001-08-02,58.400001525878906,57.650001525878906,58.400001525878906,58.119998931884766,1015800.0,40.308555603027344
2001-08-03,58.0,56.599998474121094,57.79999923706055,57.2599983215332,1170300.0,39.71210479736328
2001-08-06,57.099998474121094,56.40999984741211,56.5099983215332,56.70000076293945,900800.0,39.32371520996094
2001-08-07,58.25,56.25,56.709999084472656,57.63999938964844,1981000.0,39.97564697265625
2001-08-08,60.119998931884766,57.84000015258789,58.34000015258789,58.400001525878906,4004200.0,40.50273132324219
2001-08-09,59.5,56.790000915527344,59.099998474121094,57.099998474121094,3120100.0,39.601139068603516
2001-08-10,57.20000076293945,55.029998779296875,57.189998626708984,56.130001068115234,2944200.0,38.92841339111328
2001-08-13,57.45000076293945,55.36000061035156,55.79999923706055,57.189998626708984,952300.0,39.6635627746582
2001-08-14,59.0,56.04999923706055,58.189998626708984,56.29999923706055,1591800.0,39.04631423950195
2001-08-15,57.20000076293945,54.5,57.09000015258789,55.04999923706055,1794000.0,38.17938232421875
2001-08-16,55.45000076293945,54.54999923706055,55.45000076293945,54.9900016784668,1580600.0,38.13776779174805
2001-08-17,57.380001068115234,55.25,55.25,56.63999938964844,2617400.0,39.282108306884766
2001-08-20,58.0,56.689998626708984,56.75,57.849998474121094,1652700.0,40.12128829956055
2001-08-21,58.790000915527344,57.25,58.0,57.5099983215332,2124800.0,39.88548278808594
2001-08-22,57.869998931884766,56.029998779296875,57.650001525878906,56.4900016784668,1571000.0,39.1780891418457
2001-08-23,56.34000015258789,54.7400016784668,56.25,54.88999938964844,1869100.0,38.06842041015625
2001-08-24,57.22999954223633,56.04999923706055,56.75,56.90999984741211,2698000.0,39.46936798095703
2001-08-27,57.5,55.900001525878906,56.900001525878906,56.40999984741211,1063300.0,39.12258529663086
2001-08-28,56.5,54.599998474121094,56.400001525878906,55.84000015258789,1072300.0,38.72727966308594
2001-08-29,56.25,54.90999984741211,55.5,55.0,1129500.0,38.14469909667969
2001-08-30,55.25,54.11000061035156,55.0,54.90999984741211,1930100.0,38.082298278808594
2001-08-31,56.599998474121094,54.90999984741211,54.90999984741211,55.5,1208000.0,38.4914665222168
2001-09-04,57.70000076293945,55.25,55.25,55.849998474121094,1164200.0,38.73421096801758
2001-09-05,55.849998474121094,52.099998474121094,54.75,53.599998474121094,3277700.0,37.17374801635742
2001-09-06,54.290000915527344,51.380001068115234,53.599998474121094,52.689998626708984,3365100.0,36.542633056640625
2001-09-07,52.25,50.400001525878906,51.75,50.400001525878906,3942700.0,34.95442199707031
2001-09-10,50.2400016784668,48.5,49.25,49.0,3165400.0,33.983463287353516
2001-09-17,47.5,44.93000030517578,46.5,45.0,3960400.0,31.209312438964844
2001-09-18,47.880001068115234,45.59000015258789,46.5,46.45000076293945,2290500.0,32.21493148803711
2001-09-19,47.29999923706055,43.86000061035156,46.599998474121094,45.599998474121094,2565700.0,31.62543296813965
2001-09-20,45.189998626708984,43.29999923706055,44.5,43.29999923706055,2352600.0,30.030277252197266
2001-09-21,45.29999923706055,41.95000076293945,42.0,44.880001068115234,3695000.0,31.126075744628906
2001-09-24,48.5,46.61000061035156,47.0,47.90999984741211,3555200.0,33.22749710083008
2001-09-25,49.060001373291016,47.52000045776367,47.90999984741211,48.81999969482422,1992900.0,33.85863494873047
2001-09-26,49.4900016784668,46.68000030517578,49.06999969482422,48.0,1985000.0,33.2899169921875
2001-09-27,48.38999938964844,46.0099983215332,48.0,47.81999969482422,1711300.0,33.16507339477539
2001-09-28,49.31999969482422,47.5,47.81999969482422,48.0,1809700.0,33.2899169921875
2001-10-01,49.400001525878906,47.5099983215332,48.70000076293945,48.66999816894531,2008600.0,33.75458526611328
2001-10-02,50.470001220703125,48.29999923706055,48.5,50.439998626708984,1764600.0,34.98215103149414
2001-10-03,53.79999923706055,49.599998474121094,50.310001373291016,53.45000076293945,2213000.0,37.0697135925293
2001-10-04,53.650001525878906,52.06999969482422,53.45000076293945,52.560001373291016,2113000.0,36.45245361328125
2001-10-05,53.61000061035156,51.79999923706055,52.560001373291016,53.119998931884766,1342200.0,36.840850830078125
2001-10-08,52.95000076293945,51.34000015258789,52.45000076293945,51.56999969482422,1178600.0,35.765865325927734
2001-10-09,52.0,50.45000076293945,52.0,51.0099983215332,987800.0,35.377479553222656
2001-10-10,52.5,51.0099983215332,51.0099983215332,51.75,1958100.0,35.890708923339844
2001-10-11,55.5,53.349998474121094,53.5,55.459999084472656,2674300.0,38.46373748779297
2001-10-12,55.349998474121094,53.79999923706055,55.34000015258789,55.18000030517578,2188700.0,38.26953125
2001-10-15,56.099998474121094,54.400001525878906,54.93000030517578,55.75,1116400.0,38.664859771728516
2001-10-16,56.790000915527344,55.79999923706055,56.20000076293945,56.5,2418200.0,39.18501281738281
2001-10-17,57.4900016784668,55.68000030517578,57.4900016784668,55.689998626708984,1502700.0,38.62324523925781
2001-10-18,55.91999816894531,54.5,55.689998626708984,55.04999923706055,1291900.0,38.17938232421875
2001-10-19,57.0,54.0099983215332,55.0,56.5,1286900.0,39.18501281738281
2001-10-22,56.630001068115234,55.45000076293945,56.25,56.41999816894531,1393000.0,39.1295280456543
2001-10-23,58.04999923706055,56.400001525878906,56.5,57.189998626708984,1331000.0,39.6635627746582
2001-10-24,57.75,56.79999923706055,57.189998626708984,57.16999816894531,1257200.0,39.649688720703125
2001-10-25,59.150001525878906,55.439998626708984,56.5,58.70000076293945,1984000.0,40.7108039855957
2001-10-26,59.29999923706055,58.189998626708984,58.709999084472656,58.9900016784668,1164100.0,40.91193389892578
2001-10-29,58.349998474121094,57.2599983215332,58.150001525878906,57.31999969482422,1276700.0,39.75371551513672
2001-10-30,56.95000076293945,54.349998474121094,56.349998474121094,54.599998474121094,2199000.0,37.867286682128906
2001-10-31,56.70000076293945,55.150001525878906,55.459999084472656,55.61000061035156,1538800.0,38.5677604675293
2001-11-01,57.58000183105469,54.689998626708984,55.349998474121094,57.560001373291016,1772800.0,39.920169830322266
2001-11-02,58.25,57.04999923706055,57.04999923706055,57.91999816894531,1422700.0,40.169837951660156
2001-11-05,59.70000076293945,58.099998474121094,58.29999923706055,59.33000183105469,1406400.0,41.14773941040039
2001-11-06,60.529998779296875,58.75,59.33000183105469,60.5,1536800.0,41.95917510986328
2001-11-07,60.970001220703125,59.52000045776367,60.0,60.939998626708984,2327100.0,42.26433181762695
2001-11-08,62.900001525878906,61.04999923706055,62.45000076293945,61.310001373291016,4160000.0,42.52094650268555
2001-11-09,62.75,61.0099983215332,61.099998474121094,62.75,1621300.0,43.5196418762207
2001-11-12,63.349998474121094,61.29999923706055,62.75,63.2400016784668,1460800.0,43.859466552734375
2001-11-13,66.25,64.5,64.9000015258789,66.25,3215100.0,45.9470329284668
2001-11-14,67.19999694824219,65.5199966430664,66.25,66.69000244140625,3423700.0,46.25218963623047
2001-11-15,67.2300033569336,65.80000305175781,66.01000213623047,67.19999694824219,2363600.0,46.60588836669922
2001-11-16,66.98999786376953,64.37000274658203,66.69999694824219,65.75,3278300.0,45.60025405883789
2001-11-19,66.98999786376953,65.33000183105469,65.80000305175781,66.7300033569336,1910000.0,46.279937744140625
2001-11-20,66.94999694824219,65.5999984741211,66.19999694824219,66.61000061035156,2209300.0,46.19671630859375
2001-11-21,66.8499984741211,65.5,66.75,65.91999816894531,1236500.0,45.71816635131836
2001-11-23,68.19000244140625,66.0999984741211,66.25,67.7300033569336,795600.0,46.97346878051758
2001-11-26,68.86000061035156,67.55999755859375,67.94999694824219,68.86000061035156,2720000.0,47.75716781616211
2001-11-27,69.3499984741211,67.62000274658203,68.86000061035156,68.69999694824219,2505000.0,47.64620590209961
2001-11-28,69.1500015258789,67.69999694824219,68.0999984741211,67.86000061035156,1964100.0,47.063629150390625
2001-11-29,67.86000061035156,67.05999755859375,67.75,67.54000091552734,1460600.0,46.841697692871094
2001-11-30,68.48999786376953,67.0,67.54000091552734,67.8499984741211,1612500.0,47.056705474853516
2001-12-03,67.94999694824219,66.30000305175781,67.20999908447266,66.4000015258789,1303800.0,46.05106735229492
2001-12-04,69.06999969482422,66.55000305175781,67.5,69.0,2083700.0,47.8542594909668
2001-12-05,71.4000015258789,69.0,69.0,71.4000015258789,2307100.0,49.51876449584961
2001-12-06,71.8499984741211,69.61000061035156,71.6500015258789,70.19999694824219,3466700.0,48.68649673461914
2001-12-07,70.69999694824219,69.4000015258789,69.4000015258789,69.95999908447266,1137200.0,48.52006149291992
2001-12-10,70.08000183105469,68.5999984741211,69.55000305175781,68.8499984741211,1013200.0,47.75022506713867
2001-12-11,69.44000244140625,67.0,69.44000244140625,68.19999694824219,1349000.0,47.29943084716797
2001-12-12,69.30000305175781,67.80000305175781,68.75,68.75,789900.0,47.680885314941406
2001-12-13,68.94999694824219,67.11000061035156,68.75,68.0199966430664,1094300.0,47.17458724975586
2001-12-14,69.44999694824219,67.5,68.0199966430664,69.25,1598800.0,48.027652740478516
2001-12-17,70.30000305175781,68.69999694824219,69.0,70.0,1423600.0,48.54779815673828
2001-12-18,70.25,67.45999908447266,69.80000305175781,68.66999816894531,2033300.0,47.62540054321289
2001-12-19,69.48999786376953,68.0,68.66999816894531,68.9800033569336,1158500.0,47.84040069580078
2001-12-20,70.43000030517578,68.5999984741211,69.5999984741211,68.5999984741211,2287700.0,47.57685089111328
2001-12-21,68.9000015258789,67.83000183105469,68.61000061035156,68.5,2264300.0,47.50749588012695
2001-12-24,69.83000183105469,69.04000091552734,69.0999984741211,69.22000122070312,315700.0,48.00685501098633
2001-12-26,69.75,68.81999969482422,69.4000015258789,68.81999969482422,1572400.0,47.72943878173828
2001-12-27,69.75,68.47000122070312,69.0,69.44000244140625,1065200.0,48.159423828125
2001-12-28,71.3499984741211,69.80000305175781,70.0,70.98999786376953,1477400.0,49.23441696166992
2001-12-31,71.83000183105469,69.69999694824219,71.0999984741211,70.44000244140625,1367500.0,48.85298156738281
2002-01-02,70.44000244140625,68.70999908447266,70.44000244140625,70.2300033569336,1260300.0,48.70732498168945
2002-01-03,70.75,69.38999938964844,69.69999694824219,69.6500015258789,1765000.0,48.305057525634766
2002-01-04,70.69999694824219,69.80000305175781,70.0,70.20999908447266,1395100.0,48.693443298339844
2002-01-07,71.19999694824219,70.0199966430664,70.75,70.16999816894531,1623400.0,48.665714263916016
2002-01-08,71.4000015258789,69.58000183105469,70.16999816894531,69.9000015258789,2224800.0,48.47845458984375
2002-01-09,70.5,68.80000305175781,70.25,69.01000213623047,2128800.0,47.8612060546875
2002-01-10,69.75,68.19000244140625,68.19000244140625,68.94999694824219,1993100.0,47.819583892822266
2002-01-11,69.19999694824219,67.69000244140625,69.0,67.69000244140625,1731100.0,46.945735931396484
2002-01-14,68.19999694824219,67.0999984741211,68.1500015258789,67.31999969482422,1043300.0,46.68911361694336
2002-01-15,67.80000305175781,65.75,67.5,67.0199966430664,2361100.0,46.481056213378906
2002-01-16,67.30000305175781,66.26000213623047,67.0199966430664,67.0199966430664,1993000.0,46.481056213378906
2002-01-17,68.68000030517578,66.5199966430664,67.0,68.6500015258789,2500600.0,47.611534118652344
2002-01-18,68.9000015258789,67.80000305175781,68.44999694824219,68.16999816894531,1987100.0,47.27862548828125
2002-01-22,69.23999786376953,68.1500015258789,69.0,68.5199966430664,1982200.0,47.521358489990234
2002-01-23,69.5,68.30000305175781,69.30000305175781,69.45999908447266,1290200.0,48.17329406738281
2002-01-24,69.9000015258789,68.33000183105469,69.9000015258789,68.44000244140625,1484400.0,47.46588897705078
2002-01-25,67.69999694824219,66.01000213623047,67.5999984741211,66.33999633789062,2404700.0,46.00945281982422
2002-01-28,67.33999633789062,66.0999984741211,66.0999984741211,66.75,2061300.0,46.29379653930664
2002-01-29,68.0,63.970001220703125,67.0,64.33999633789062,2596400.0,44.62236785888672
2002-01-30,66.48999786376953,62.599998474121094,63.25,66.30000305175781,2259100.0,45.98171615600586
2002-01-31,66.38999938964844,65.30000305175781,66.38999938964844,66.29000091552734,1401700.0,45.974769592285156
2002-02-01,66.4000015258789,65.05000305175781,66.04000091552734,65.5,1457000.0,45.426876068115234
2002-02-04,66.6500015258789,65.05000305175781,65.44999694824219,65.06999969482422,1367000.0,45.12864685058594
2002-02-05,67.12999725341797,64.51000213623047,65.5,65.8499984741211,1984100.0,45.66961669921875
2002-02-06,67.75,65.31999969482422,66.19999694824219,67.08000183105469,1953800.0,46.522666931152344
2002-02-07,68.91000366210938,67.01000213623047,67.80000305175781,67.19999694824219,2584400.0,46.60588836669922
2002-02-08,67.0999984741211,65.9000015258789,66.91999816894531,66.69999694824219,1528400.0,46.25912094116211
2002-02-11,68.63999938964844,66.7300033569336,66.94999694824219,68.38999938964844,1362800.0,47.43122100830078
2002-02-12,68.66000366210938,67.63999938964844,68.38999938964844,68.30999755859375,776000.0,47.37572479248047
2002-02-13,69.5,68.02999877929688,68.51000213623047,69.0999984741211,976200.0,47.923622131347656
2002-02-14,70.48999786376953,69.02999877929688,69.0999984741211,69.5,1309100.0,48.20104217529297
2002-02-15,69.75,68.08000183105469,69.66999816894531,68.5,1173000.0,47.50749588012695
2002-02-19,69.1500015258789,67.5999984741211,68.0,67.69999694824219,1399400.0,46.95265197753906
2002-02-20,68.0,66.5,67.75,67.33000183105469,2017400.0,46.6960563659668
2002-02-21,67.76000213623047,65.69999694824219,67.31999969482422,65.81999969482422,1836800.0,45.6488037109375
2002-02-22,65.83000183105469,64.0,65.25,65.83000183105469,2182400.0,45.65574264526367
2002-02-25,67.13999938964844,65.55000305175781,65.55000305175781,67.01000213623047,2476600.0,46.474124908447266
2002-02-26,68.48999786376953,66.5,67.01000213623047,68.22000122070312,1426400.0,47.313297271728516
2002-02-27,68.44999694824219,66.27999877929688,68.44999694824219,66.55000305175781,3111200.0,46.155094146728516
2002-02-28,68.3499984741211,66.19999694824219,66.75,67.66999816894531,2855700.0,46.931854248046875
2002-03-01,68.68000030517578,67.69999694824219,68.25,68.0999984741211,1259500.0,47.230064392089844
2002-03-04,69.5,67.80999755859375,68.5,69.44000244140625,1534500.0,48.159423828125
2002-03-05,68.69999694824219,65.5999984741211,68.0999984741211,66.16000366210938,3376200.0,45.884613037109375
2002-03-06,67.5,65.0999984741211,67.5,65.69999694824219,5001700.0,45.56558609008789
2002-03-07,68.5999984741211,67.05000305175781,67.1500015258789,68.56999969482422,2788900.0,47.55604553222656
2002-03-08,69.5,67.5,69.0999984741211,67.93000030517578,2053800.0,47.112186431884766
2002-03-11,68.61000061035156,67.0,67.69999694824219,68.44000244140625,1330800.0,47.46588897705078
2002-03-12,69.38999938964844,67.6500015258789,68.44000244140625,69.19000244140625,1214900.0,47.986053466796875
2002-03-13,69.19999694824219,68.19999694824219,68.87999725341797,68.94000244140625,1006800.0,47.81264877319336
2002-03-14,70.0999984741211,68.9000015258789,68.94000244140625,69.97000122070312,1928500.0,48.52698516845703
2002-03-15,71.91000366210938,70.4000015258789,70.5,71.3499984741211,2683000.0,49.48408889770508
2002-03-18,71.94999694824219,71.3499984741211,71.94999694824219,71.75,2245500.0,49.761505126953125
2002-03-19,70.94000244140625,70.29000091552734,70.75,70.45999908447266,2151700.0,48.8668327331543
2002-03-20,71.0999984741211,70.0199966430664,70.3499984741211,70.91000366210938,1156200.0,49.17893981933594
2002-03-21,70.69999694824219,70.0,70.41999816894531,70.12999725341797,1014600.0,48.637962341308594
2002-03-22,70.5,69.23999786376953,70.0199966430664,70.02999877929688,1126300.0,48.568607330322266
2002-03-25,70.5,68.4000015258789,70.30000305175781,68.45999908447266,1249100.0,47.47975540161133
2002-03-26,70.0,68.80999755859375,69.1500015258789,69.25,1179400.0,48.027652740478516
2002-03-27,72.01000213623047,69.0,69.55000305175781,72.0,3413200.0,49.93488693237305
2002-03-28,71.7699966430664,71.1500015258789,71.76000213623047,71.1500015258789,1849000.0,49.34537124633789
2002-04-01,71.1500015258789,68.61000061035156,70.5,70.41999816894531,2266500.0,48.83909225463867
2002-04-02,70.4000015258789,68.72000122070312,70.38999938964844,69.0999984741211,1289000.0,47.923622131347656
2002-04-03,69.44999694824219,66.75,69.0999984741211,67.2699966430664,2060500.0,46.65443801879883
2002-04-04,69.75,67.41000366210938,67.5199966430664,69.62000274658203,1708000.0,48.284271240234375
2002-04-05,71.0,69.62999725341797,69.62999725341797,70.41000366210938,987300.0,48.832149505615234
2002-04-08,72.5,69.56999969482422,69.9000015258789,72.5,1929300.0,50.281654357910156
2002-04-09,74.0,72.0999984741211,72.5,73.97000122070312,3360700.0,51.30116653442383
2002-04-10,75.0,73.76000213623047,73.97000122070312,75.0,3623500.0,52.01552200317383
2002-04-11,74.6500015258789,72.16999816894531,73.0,72.69999694824219,3873300.0,50.42036056518555
2002-04-12,75.08000183105469,72.05999755859375,72.19999694824219,75.08000183105469,2358000.0,52.07099151611328
2002-04-15,75.0,73.80999755859375,75.0,74.44999694824219,1653800.0,51.634063720703125
2002-04-16,75.38999938964844,74.1500015258789,74.6500015258789,75.0999984741211,1775600.0,52.08485794067383
2002-04-17,75.5999984741211,73.73999786376953,75.0,73.98999786376953,2036600.0,51.31501770019531
2002-04-18,76.05000305175781,73.75,74.5999984741211,75.8499984741211,2319500.0,52.605018615722656
2002-04-19,76.19999694824219,75.19999694824219,75.94999694824219,75.61000061035156,1190800.0,52.43857192993164
2002-04-22,75.98999786376953,74.05999755859375,75.86000061035156,74.37000274658203,1302200.0,51.578582763671875
2002-04-23,75.0999984741211,73.80000305175781,74.0,74.1500015258789,1465700.0,51.42601013183594
2002-04-24,75.05000305175781,73.05000305175781,74.94999694824219,73.55999755859375,2096800.0,51.01680374145508
2002-04-25,74.05000305175781,72.55999755859375,72.9000015258789,73.36000061035156,1512100.0,50.87810134887695
2002-04-26,74.47000122070312,72.5,73.9000015258789,72.75,1221700.0,50.455039978027344
2002-04-29,74.33999633789062,72.76000213623047,73.0,73.1500015258789,1308800.0,50.732460021972656
2002-04-30,73.69999694824219,72.12999725341797,73.1500015258789,73.69999694824219,2326100.0,51.11390686035156
2002-05-01,74.0,72.37000274658203,73.44999694824219,73.37999725341797,1570700.0,50.89198303222656
2002-05-02,73.9800033569336,72.30000305175781,73.37999725341797,72.5,1707500.0,50.281654357910156
2002-05-03,73.18000030517578,71.5,72.9000015258789,71.80000305175781,1792000.0,49.796180725097656
2002-05-06,72.69999694824219,70.27999877929688,71.80999755859375,70.27999877929688,1458000.0,48.74199676513672
2002-05-07,71.9000015258789,70.19999694824219,70.29000091552734,71.1500015258789,1204400.0,49.34537124633789
2002-05-08,73.0,71.08000183105469,71.9000015258789,71.66000366210938,1458900.0,49.69908142089844
2002-05-09,71.2300033569336,69.37999725341797,71.05000305175781,70.1500015258789,1679100.0,48.65184020996094
2002-05-10,70.4000015258789,69.11000061035156,70.22000122070312,69.31999969482422,2075400.0,48.076202392578125
2002-05-13,70.29000091552734,69.1500015258789,69.5,69.75,1592500.0,48.37442398071289
2002-05-14,73.4000015258789,71.5,71.5,73.0,3675600.0,50.62842559814453
2002-05-15,73.4000015258789,72.51000213623047,73.0999984741211,73.0999984741211,2170800.0,50.69777297973633
2002-05-16,73.5999984741211,72.9000015258789,73.5999984741211,73.55000305175781,1722200.0,51.00988006591797
2002-05-17,77.91999816894531,74.94999694824219,75.0,77.75,4627800.0,53.92274475097656
2002-05-20,78.83000183105469,77.41000366210938,77.98999786376953,77.62000274658203,1844900.0,53.83259201049805
2002-05-21,78.30000305175781,75.63999938964844,78.0,75.9000015258789,1723100.0,52.63969421386719
2002-05-22,76.01000213623047,74.51000213623047,75.0199966430664,75.98999786376953,1765900.0,52.70210647583008
2002-05-23,76.9000015258789,75.12999725341797,76.79000091552734,76.23999786376953,1058900.0,52.87549591064453
2002-05-24,76.6500015258789,75.01000213623047,76.23999786376953,75.12000274658203,837500.0,52.09872817993164
2002-05-28,75.3499984741211,72.9000015258789,74.51000213623047,73.93000030517578,1335600.0,51.27342224121094
2002-05-29,74.6500015258789,72.66999816894531,73.94000244140625,72.98999786376953,1083900.0,50.62147903442383
2002-05-30,73.12999725341797,72.19999694824219,72.73999786376953,72.83000183105469,1032300.0,50.51051330566406
2002-05-31,75.45999908447266,72.0999984741211,72.0999984741211,75.0,2006300.0,52.01552200317383
2002-06-03,75.0999984741211,73.44999694824219,74.75,73.55999755859375,1321200.0,51.01680374145508
2002-06-04,73.9000015258789,71.30000305175781,73.55999755859375,72.69999694824219,1859000.0,50.42036056518555
2002-06-05,75.0,73.1500015258789,73.54000091552734,74.97000122070312,1866900.0,51.99470520019531
2002-06-06,75.76000213623047,72.80999755859375,75.25,72.9000015258789,1774400.0,50.5590705871582
2002-06-07,73.9000015258789,72.0999984741211,72.0999984741211,73.83000183105469,976500.0,51.20405578613281
2002-06-10,75.4000015258789,73.80999755859375,73.98999786376953,75.0,1227900.0,52.01552200317383
2002-06-11,75.98999786376953,74.25,75.25,74.25,1558000.0,51.495357513427734
2002-06-12,75.0999984741211,74.0,74.5,74.4800033569336,1741400.0,51.654876708984375
2002-06-13,74.19999694824219,71.9000015258789,73.69999694824219,72.2699966430664,1499600.0,50.12213897705078
2002-06-14,72.30000305175781,69.94999694824219,72.2699966430664,71.94999694824219,2115600.0,49.90021514892578
2002-06-17,73.7300033569336,71.5199966430664,71.94999694824219,73.7300033569336,1430700.0,51.13471603393555
2002-06-18,74.05000305175781,72.86000061035156,73.0999984741211,73.62000274658203,1130000.0,51.05842208862305
2002-06-19,74.94000244140625,73.0,73.01000213623047,73.70999908447266,1129100.0,51.12083053588867
2002-06-20,74.5,71.81999969482422,73.95999908447266,72.0199966430664,1307800.0,49.94875717163086
2002-06-21,72.33999633789062,70.51000213623047,71.01000213623047,70.7699966430664,1734700.0,49.08182144165039
2002-06-24,71.4800033569336,68.54000091552734,70.77999877929688,69.69999694824219,1687400.0,48.3397331237793
2002-06-25,71.9000015258789,68.5,70.44999694824219,68.5,1588700.0,47.50749588012695
2002-06-26,70.55000305175781,66.26000213623047,66.5,69.81999969482422,2042800.0,48.4229736328125
2002-06-27,71.55999755859375,69.0999984741211,71.30000305175781,71.55999755859375,1942600.0,49.629722595214844
2002-06-28,71.94000244140625,70.08000183105469,71.0,70.08000183105469,1609500.0,48.603294372558594
2002-07-01,71.98999786376953,70.0199966430664,70.33000183105469,70.0999984741211,1783100.0,48.617149353027344
2002-07-02,70.69999694824219,68.2300033569336,70.0999984741211,68.30000305175781,1946000.0,47.36878204345703
2002-07-03,70.5,67.80999755859375,68.30000305175781,70.26000213623047,1263300.0,48.72814178466797
2002-07-05,72.69999694824219,70.80000305175781,71.19999694824219,72.44000244140625,1041900.0,50.24003982543945
2002-07-08,72.98999786376953,71.79000091552734,72.30000305175781,72.5,1718700.0,50.281654357910156
2002-07-09,73.0999984741211,71.08999633789062,72.8499984741211,71.12000274658203,1919800.0,49.32457733154297
2002-07-10,72.55999755859375,69.4000015258789,72.1500015258789,70.05000305175781,2710900.0,48.58248519897461
2002-07-11,70.98999786376953,66.30999755859375,69.80000305175781,69.19999694824219,3906800.0,47.99296951293945
2002-07-12,69.86000061035156,66.30000305175781,69.5,66.98999786376953,2338600.0,46.460243225097656
2002-07-15,67.63999938964844,63.599998474121094,67.05000305175781,67.44999694824219,3078200.0,46.779273986816406
2002-07-16,66.4000015258789,63.75,65.69999694824219,65.23999786376953,3106200.0,45.246559143066406
2002-07-17,67.19999694824219,62.0,66.0999984741211,63.209999084472656,3625200.0,43.83866500854492
2002-07-18,65.5999984741211,62.91999816894531,63.79999923706055,63.0,2312600.0,43.69302749633789
2002-07-19,62.18000030517578,59.54999923706055,62.0,59.560001373291016,2924100.0,41.3072509765625
2002-07-22,60.20000076293945,56.11000061035156,59.0,56.72999954223633,4409700.0,39.34453201293945
2002-07-23,59.59000015258789,56.900001525878906,57.599998474121094,57.70000076293945,3356700.0,40.01726150512695
2002-07-24,64.48999786376953,56.400001525878906,56.5,64.0,3881700.0,44.38656997680664
2002-07-25,64.69999694824219,61.189998626708984,63.900001525878906,64.51000213623047,3603000.0,44.740272521972656
2002-07-26,65.75,63.650001525878906,65.5,65.6500015258789,3379300.0,45.53091049194336
2002-07-29,68.61000061035156,66.05000305175781,66.0999984741211,68.05000305175781,2704100.0,47.19540023803711
2002-07-30,68.62999725341797,66.01000213623047,68.05000305175781,67.22000122070312,2907900.0,46.61976623535156
2002-07-31,66.5,64.08000183105469,66.5,66.0,3629500.0,45.77365493774414
2002-08-01,65.94999694824219,64.20999908447266,65.05000305175781,65.02999877929688,3063500.0,45.100914001464844
2002-08-02,64.69999694824219,62.70000076293945,64.5,64.58999633789062,3260300.0,44.79575729370117
2002-08-05,64.25,62.83000183105469,63.599998474121094,62.849998474121094,3819000.0,43.5889892578125
2002-08-06,66.83999633789062,64.0,64.69999694824219,65.31999969482422,2735500.0,45.30204772949219
2002-08-07,67.30000305175781,64.86000061035156,67.25,66.25,2548800.0,45.9470329284668
2002-08-08,68.0999984741211,63.599998474121094,65.5999984741211,68.05999755859375,3297900.0,47.20234680175781
2002-08-09,68.5999984741211,66.25,66.80000305175781,68.02999877929688,2151100.0,47.18153762817383
2002-08-12,66.37999725341797,65.05000305175781,65.95999908447266,66.25,3278300.0,45.9470329284668
2002-08-13,67.69999694824219,65.1500015258789,65.94999694824219,65.37000274658203,2784100.0,45.33671188354492
2002-08-14,68.75,65.9000015258789,66.1500015258789,68.75,2748200.0,47.680885314941406
2002-08-15,72.0,69.4800033569336,69.6500015258789,71.66000366210938,3531200.0,49.69908142089844
2002-08-16,72.30000305175781,70.19999694824219,71.48999786376953,71.3499984741211,3123300.0,49.48408889770508
2002-08-19,73.75,70.3499984741211,71.3499984741211,73.69999694824219,2741400.0,51.11390686035156
2002-08-20,73.69999694824219,71.9000015258789,73.69999694824219,72.8499984741211,1779300.0,50.52439498901367
2002-08-21,73.61000061035156,71.5199966430664,73.19999694824219,73.05999755859375,1546000.0,50.67003631591797
2002-08-22,73.4000015258789,71.47000122070312,73.05999755859375,72.55000305175781,1740700.0,50.31633758544922
2002-08-23,72.23999786376953,71.05999755859375,71.66999816894531,71.5199966430664,1228900.0,49.601985931396484
2002-08-26,71.80000305175781,70.0199966430664,71.54000091552734,71.38999938964844,1412700.0,49.51182556152344
2002-08-27,70.88999938964844,68.6500015258789,70.66999816894531,69.2699966430664,2242000.0,48.04151153564453
2002-08-28,69.30000305175781,67.75,68.26000213623047,68.5999984741211,1718600.0,47.57685089111328
2002-08-29,69.5,67.0,67.25,68.88999938964844,1588200.0,47.777976989746094
2002-08-30,70.5999984741211,68.4000015258789,68.93000030517578,69.72000122070312,1248200.0,48.35362243652344
2002-09-03,68.70999908447266,66.8499984741211,68.69999694824219,67.01000213623047,1823900.0,46.474124908447266
2002-09-04,68.88999938964844,66.9000015258789,67.54000091552734,68.5999984741211,1968700.0,47.57685089111328
2002-09-05,68.0,65.47000122070312,67.5,67.9000015258789,3306600.0,47.09136962890625
2002-09-06,69.5999984741211,67.80000305175781,68.80000305175781,68.94000244140625,3664200.0,47.81264877319336
2002-09-09,71.0,68.5,68.94000244140625,70.66999816894531,1936300.0,49.01248550415039
2002-09-10,72.19999694824219,70.3499984741211,70.69999694824219,71.9000015258789,2593700.0,49.86553955078125
2002-09-11,73.05999755859375,72.4000015258789,72.5999984741211,72.6500015258789,2258300.0,50.38569641113281
2002-09-12,72.38999938964844,70.52999877929688,72.19999694824219,70.52999877929688,1665300.0,48.91538619995117
2002-09-13,72.37999725341797,70.01000213623047,70.51000213623047,71.98999786376953,2168900.0,49.927947998046875
2002-09-16,72.6500015258789,71.05000305175781,71.98999786376953,71.80000305175781,1679200.0,49.796180725097656
2002-09-17,73.0,70.19000244140625,72.80000305175781,70.26000213623047,2294200.0,48.72814178466797
2002-09-18,70.5,69.05000305175781,69.1500015258789,70.02999877929688,2309800.0,48.568607330322266
2002-09-19,70.29000091552734,68.61000061035156,68.69999694824219,68.62000274658203,1727200.0,47.5907096862793
2002-09-20,70.0,68.0,68.62999725341797,69.55000305175781,2031800.0,48.235721588134766
2002-09-23,68.98999786376953,66.80000305175781,68.5999984741211,67.44999694824219,2758200.0,46.779273986816406
2002-09-24,67.5999984741211,65.55000305175781,67.44999694824219,66.0,3961000.0,45.77365493774414
2002-09-25,67.27999877929688,65.05000305175781,67.0,66.55999755859375,3152600.0,46.16203689575195
2002-09-26,67.5999984741211,66.5,67.0,67.29000091552734,3520600.0,46.66831588745117
2002-09-27,66.83000183105469,63.939998626708984,66.25,64.08999633789062,3585200.0,44.4489860534668
2002-09-30,63.099998474121094,60.72999954223633,63.099998474121094,60.810001373291016,6303600.0,42.174171447753906
2002-10-01,63.9900016784668,58.400001525878906,60.77000045776367,63.0,7160700.0,43.69302749633789
2002-10-02,62.900001525878906,59.4900016784668,62.56999969482422,59.56999969482422,5616500.0,41.31417465209961
2002-10-03,59.2400016784668,55.599998474121094,58.79999923706055,56.099998474121094,9205600.0,38.90760040283203
2002-10-04,56.689998626708984,52.75,56.5,55.04999923706055,7558000.0,38.17938232421875
2002-10-07,56.09000015258789,53.0,56.0,53.22999954223633,5834300.0,36.91714859008789
2002-10-08,57.540000915527344,53.52000045776367,54.599998474121094,56.060001373291016,6017600.0,38.879852294921875
2002-10-09,56.4900016784668,54.0099983215332,55.0,54.45000076293945,4357300.0,37.763248443603516
2002-10-10,50.0,44.0,45.0,49.45000076293945,21669600.0,34.29555892944336
2002-10-11,53.0,50.45000076293945,50.529998779296875,52.400001525878906,8967900.0,36.34150695800781
2002-10-14,56.20000076293945,51.70000076293945,52.20000076293945,55.20000076293945,6510900.0,38.283416748046875
2002-10-15,58.70000076293945,56.7400016784668,56.75,58.599998474121094,6112300.0,40.64145278930664
2002-10-16,58.61000061035156,56.529998779296875,58.61000061035156,57.27000045776367,4542700.0,39.71903610229492
2002-10-17,58.25,54.959999084472656,58.25,55.11000061035156,5357700.0,38.22099304199219
2002-10-18,55.79999923706055,54.04999923706055,54.900001525878906,55.150001525878906,4704200.0,38.24873352050781
2002-10-21,55.7599983215332,52.650001525878906,55.0,55.150001525878906,4077400.0,38.24873352050781
2002-10-22,56.400001525878906,53.130001068115234,54.5,54.349998474121094,3772500.0,37.69389724731445
2002-10-23,56.20000076293945,54.369998931884766,54.400001525878906,55.47999954223633,3382500.0,38.477603912353516
2002-10-24,59.20000076293945,56.2599983215332,56.5,57.5,4758100.0,39.87855911254883
2002-10-25,58.20000076293945,56.61000061035156,57.529998779296875,58.20000076293945,2923500.0,40.364036560058594
2002-10-28,59.400001525878906,56.70000076293945,59.20000076293945,57.2400016784668,3055100.0,39.698246002197266
2002-10-29,58.5,55.59000015258789,57.25,58.25,3676500.0,40.398712158203125
2002-10-30,58.45000076293945,56.119998931884766,57.68000030517578,57.0099983215332,3525500.0,39.538719177246094
2002-10-31,59.04999923706055,57.0,57.0099983215332,58.45000076293945,3933300.0,40.537410736083984
2002-11-01,61.0,57.77000045776367,58.599998474121094,61.0,3705800.0,42.30594253540039
2002-11-04,61.0099983215332,57.75,61.0099983215332,57.9900016784668,4873900.0,40.218387603759766
2002-11-05,59.5,57.599998474121094,57.75,58.619998931884766,2104300.0,40.65531921386719
2002-11-06,59.939998626708984,58.310001373291016,58.81999969482422,59.939998626708984,3324900.0,41.570796966552734
2002-11-07,62.5,60.25,61.0,62.0,7303200.0,42.99947738647461
2002-11-08,62.540000915527344,59.70000076293945,62.0099983215332,60.04999923706055,3311400.0,41.64708709716797
2002-11-11,61.099998474121094,58.849998474121094,60.29999923706055,60.310001373291016,1959400.0,41.8274040222168
2002-11-12,61.95000076293945,59.900001525878906,60.599998474121094,61.060001373291016,2044300.0,42.347557067871094
2002-11-13,61.38999938964844,58.91999816894531,61.06999969482422,60.900001525878906,2762300.0,42.23659896850586
2002-11-14,64.19000244140625,61.52000045776367,62.25,63.709999084472656,2886100.0,44.18544387817383
2002-11-15,66.9000015258789,63.54999923706055,63.709999084472656,66.9000015258789,4711400.0,46.3978385925293
2002-11-18,66.91000366210938,64.55999755859375,66.91000366210938,64.56999969482422,3874000.0,44.781883239746094
2002-11-19,64.56999969482422,61.75,64.56999969482422,62.25,3425600.0,43.17286682128906
2002-11-20,65.4000015258789,62.599998474121094,62.650001525878906,65.4000015258789,2986100.0,45.35752487182617
2002-11-21,66.5,64.55999755859375,65.38999938964844,66.5,2443800.0,46.12042236328125
2002-11-22,67.1500015258789,65.1500015258789,65.4000015258789,65.44999694824219,2731100.0,45.392189025878906
2002-11-25,67.27999877929688,65.0999984741211,65.45999908447266,67.13999938964844,2607400.0,46.56427764892578
2002-11-26,67.5999984741211,66.0999984741211,66.25,66.62999725341797,1939300.0,46.210567474365234
2002-11-27,69.93000030517578,66.30000305175781,67.0,69.8499984741211,3353200.0,48.443763732910156
2002-11-29,69.8499984741211,68.48999786376953,69.8499984741211,68.5,1282300.0,47.50749588012695
2002-12-02,71.69999694824219,66.37000274658203,70.25,66.44000244140625,5401600.0,46.07881164550781
2002-12-03,66.8499984741211,64.5999984741211,66.6500015258789,64.69999694824219,3513300.0,44.872047424316406
2002-12-04,64.0999984741211,61.0,64.0999984741211,61.79999923706055,9793700.0,42.860782623291016
2002-12-05,63.099998474121094,58.72999954223633,59.349998474121094,62.209999084472656,9200600.0,43.1451301574707
2002-12-06,63.29999923706055,60.529998779296875,61.11000061035156,61.880001068115234,2667500.0,42.916259765625
2002-12-09,61.88999938964844,59.7599983215332,61.88999938964844,60.0,3114800.0,41.61240768432617
2002-12-10,61.619998931884766,59.54999923706055,60.04999923706055,61.38999938964844,3041100.0,42.576419830322266
2002-12-11,61.93000030517578,60.400001525878906,61.400001525878906,61.5,2090700.0,42.652713775634766
2002-12-12,63.29999923706055,61.52000045776367,62.5,62.599998474121094,2666500.0,43.415611267089844
2002-12-13,62.29999923706055,59.54999923706055,61.75,59.810001373291016,3081100.0,41.480628967285156
2002-12-16,61.29999923706055,58.900001525878906,59.81999969482422,61.099998474121094,3187900.0,42.375301361083984
2002-12-17,60.86000061035156,59.0099983215332,60.849998474121094,59.2400016784668,3242500.0,41.08530807495117
2002-12-18,59.29999923706055,57.70000076293945,58.849998474121094,58.7599983215332,3441500.0,40.752410888671875
2002-12-19,59.15999984741211,56.349998474121094,58.77000045776367,56.459999084472656,4245600.0,39.157264709472656
2002-12-20,57.040000915527344,55.849998474121094,56.45000076293945,56.75,4799000.0,39.35839080810547
2002-12-23,56.25,53.310001373291016,56.099998474121094,54.83000183105469,4540200.0,38.026817321777344
2002-12-24,54.77000045776367,53.5,54.0099983215332,54.52000045776367,1919400.0,37.81181335449219
2002-12-26,55.66999816894531,54.20000076293945,54.52000045776367,54.869998931884766,2266300.0,38.05453872680664
2002-12-27,55.2400016784668,54.400001525878906,54.619998931884766,54.72999954223633,1289500.0,37.957454681396484
2002-12-30,56.66999816894531,54.11000061035156,54.470001220703125,56.47999954223633,2518000.0,39.171138763427734
2002-12-31,56.59000015258789,55.099998474121094,56.470001220703125,55.95000076293945,2316400.0,38.803565979003906
2003-01-02,58.72999954223633,56.150001525878906,56.150001525878906,58.59000015258789,4518700.0,40.634517669677734
2003-01-03,58.599998474121094,56.04999923706055,58.599998474121094,56.349998474121094,3472100.0,39.08097457885742
2003-01-06,56.58000183105469,54.81999969482422,56.349998474121094,55.65999984741211,3537300.0,38.602439880371094
2003-01-07,56.400001525878906,53.08000183105469,55.65999984741211,53.54999923706055,6469200.0,37.139076232910156
2003-01-08,54.709999084472656,52.70000076293945,53.45000076293945,52.900001525878906,5242400.0,36.688270568847656
2003-01-09,57.5,54.25,54.5,57.349998474121094,9136300.0,39.77452087402344
2003-01-10,58.75,56.20000076293945,57.349998474121094,58.18000030517578,5959000.0,40.35015869140625
2003-01-13,58.689998626708984,56.689998626708984,58.189998626708984,57.599998474121094,3416500.0,39.947906494140625
2003-01-14,58.47999954223633,56.560001373291016,57.29999923706055,57.349998474121094,2610100.0,39.77452087402344
2003-01-15,58.75,56.58000183105469,57.599998474121094,58.25,3762400.0,40.398712158203125
2003-01-16,58.529998779296875,56.9900016784668,58.25,57.459999084472656,3537200.0,39.85081481933594
2003-01-17,57.5,56.2599983215332,57.470001220703125,56.599998474121094,2827100.0,39.25436782836914
2003-01-21,56.5,54.29999923706055,56.5,54.29999923706055,3179900.0,37.65923309326172
2003-01-22,54.54999923706055,53.18000030517578,54.2599983215332,53.5099983215332,3097300.0,37.11132049560547
2003-01-23,55.5,52.619998931884766,54.0,55.25,3977200.0,38.31808853149414
2003-01-24,55.58000183105469,53.099998474121094,55.2599983215332,53.75,2673700.0,37.27777862548828
2003-01-27,53.599998474121094,51.790000915527344,53.5,52.5,4113600.0,36.410850524902344
2003-01-28,53.40999984741211,52.380001068115234,52.5099983215332,52.88999938964844,2704900.0,36.68133544921875
2003-01-29,52.650001525878906,51.709999084472656,52.150001525878906,52.18000030517578,3660700.0,36.18891143798828
2003-01-30,53.70000076293945,51.560001373291016,53.29999923706055,52.02000045776367,3252500.0,36.077964782714844
2003-01-31,52.47999954223633,51.099998474121094,51.79999923706055,52.369998931884766,3987300.0,36.3206901550293
2003-02-03,53.5,52.43000030517578,52.5,53.0,2779300.0,36.75762176513672
2003-02-04,53.20000076293945,51.959999084472656,53.0099983215332,52.290000915527344,2659000.0,36.26520919799805
2003-02-05,53.150001525878906,51.29999923706055,52.83000183105469,51.75,3686500.0,35.890708923339844
2003-02-06,54.099998474121094,52.08000183105469,52.75,52.88999938964844,4371000.0,36.68133544921875
2003-02-07,53.56999969482422,51.08000183105469,53.099998474121094,51.36000061035156,3601400.0,35.62022399902344
2003-02-10,51.79999923706055,49.709999084472656,51.650001525878906,50.08000183105469,4683400.0,34.732479095458984
2003-02-11,51.65999984741211,50.09000015258789,50.09000015258789,50.630001068115234,3016900.0,35.11392593383789
2003-02-12,51.45000076293945,50.43000030517578,50.68000030517578,50.5,2061600.0,35.02378463745117
2003-02-13,50.650001525878906,49.86000061035156,50.5099983215332,50.38999938964844,2326000.0,34.94748306274414
2003-02-14,52.70000076293945,49.97999954223633,50.349998474121094,52.63999938964844,2805900.0,36.5079460144043
2003-02-18,53.900001525878906,52.5,52.650001525878906,53.40999984741211,2138900.0,37.041969299316406
2003-02-19,53.58000183105469,51.349998474121094,53.40999984741211,51.650001525878906,2467500.0,35.821346282958984
2003-02-20,52.08000183105469,50.86000061035156,51.650001525878906,50.95000076293945,2121300.0,35.33585739135742
2003-02-21,51.86000061035156,50.779998779296875,51.29999923706055,51.439998626708984,2235900.0,35.67570114135742
2003-02-24,51.20000076293945,47.779998779296875,51.189998626708984,47.900001525878906,5440000.0,33.22056198120117
2003-02-25,49.5,47.349998474121094,47.599998474121094,49.34000015258789,4631000.0,34.21925735473633
2003-02-26,49.72999954223633,48.84000015258789,49.34000015258789,49.45000076293945,2454500.0,34.29555892944336
2003-02-27,49.689998626708984,48.27000045776367,49.47999954223633,48.84000015258789,3507500.0,33.872493743896484
2003-02-28,49.66999816894531,48.619998931884766,49.0,48.900001525878906,2377400.0,33.91410827636719
2003-03-03,49.529998779296875,47.40999984741211,49.04999923706055,47.54999923706055,3025500.0,32.97784423828125
2003-03-04,48.15999984741211,46.18000030517578,47.400001525878906,46.2599983215332,3768800.0,32.083160400390625
2003-03-05,49.70000076293945,48.0,48.599998474121094,49.54999923706055,8844100.0,34.36491394042969
2003-03-06,51.54999923706055,48.54999923706055,48.61000061035156,49.97999954223633,6018200.0,34.66313171386719
2003-03-07,51.400001525878906,48.95000076293945,49.97999954223633,51.2599983215332,3865600.0,35.55086898803711
2003-03-10,52.650001525878906,51.2400016784668,51.27000045776367,51.47999954223633,4975400.0,35.70344161987305
2003-03-11,52.189998626708984,50.599998474121094,51.650001525878906,50.70000076293945,4067500.0,35.1624870300293
2003-03-12,51.099998474121094,49.79999923706055,50.70000076293945,51.060001373291016,3255900.0,35.412166595458984
2003-03-13,54.900001525878906,51.400001525878906,52.5,54.70000076293945,6342700.0,37.9366569519043
2003-03-14,56.29999923706055,54.599998474121094,54.75,55.75,5712500.0,38.664859771728516
2003-03-17,59.29999923706055,55.630001068115234,55.7599983215332,59.09000015258789,6347300.0,40.981285095214844
2003-03-18,59.09000015258789,57.560001373291016,58.79999923706055,57.880001068115234,5083900.0,40.1421012878418
2003-03-19,58.849998474121094,56.36000061035156,57.880001068115234,58.29999923706055,4121100.0,40.433387756347656
2003-03-20,58.54999923706055,56.709999084472656,58.310001373291016,58.380001068115234,3860000.0,40.488868713378906
2003-03-21,59.5099983215332,57.900001525878906,58.20000076293945,59.20000076293945,4682900.0,41.057586669921875
2003-03-24,57.93000030517578,57.0,57.29999923706055,57.349998474121094,3387000.0,39.77452087402344
2003-03-25,59.099998474121094,57.349998474121094,57.349998474121094,58.459999084472656,3346000.0,40.54436111450195
2003-03-26,59.0,57.36000061035156,58.150001525878906,57.45000076293945,3970300.0,39.84387969970703
2003-03-27,57.4900016784668,56.20000076293945,57.0,56.9900016784668,3577800.0,39.52485275268555
2003-03-28,57.20000076293945,56.04999923706055,56.9900016784668,56.599998474121094,2202000.0,39.25436782836914
2003-03-31,57.58000183105469,55.279998779296875,56.61000061035156,56.58000183105469,3716500.0,39.240501403808594
2003-04-01,56.939998626708984,54.70000076293945,56.58000183105469,56.310001373291016,4207400.0,39.05323791503906
2003-04-02,58.2599983215332,57.349998474121094,57.5,57.939998626708984,2570000.0,40.1837158203125
2003-04-03,58.5,57.61000061035156,58.20000076293945,57.70000076293945,2320800.0,40.01726150512695
2003-04-04,59.09000015258789,57.95000076293945,58.0,58.40999984741211,3180500.0,40.50968551635742
2003-04-07,60.54999923706055,58.209999084472656,60.150001525878906,58.400001525878906,4382500.0,40.50273132324219
2003-04-08,57.900001525878906,56.25,57.79999923706055,56.63999938964844,5585000.0,39.282108306884766
2003-04-09,57.599998474121094,55.650001525878906,56.650001525878906,55.709999084472656,3756000.0,38.63711166381836
2003-04-10,58.599998474121094,56.099998474121094,56.5,58.2599983215332,4760600.0,40.40564727783203
2003-04-11,59.5,57.400001525878906,58.2599983215332,57.61000061035156,3659600.0,39.954830169677734
2003-04-14,58.47999954223633,56.470001220703125,57.540000915527344,58.38999938964844,2700500.0,40.495811462402344
2003-04-15,58.75,57.79999923706055,58.5,58.560001373291016,2186800.0,40.613704681396484
2003-04-16,59.099998474121094,58.150001525878906,59.099998474121094,58.5,2478100.0,40.57209014892578
2003-04-17,60.099998474121094,58.13999938964844,58.5,59.91999816894531,2782700.0,41.556915283203125
2003-04-21,60.400001525878906,58.70000076293945,59.849998474121094,59.150001525878906,2801500.0,41.02289962768555
2003-04-22,59.15999984741211,58.0,59.150001525878906,58.56999969482422,4305700.0,40.620643615722656
2003-04-23,58.58000183105469,57.150001525878906,58.58000183105469,57.61000061035156,4337800.0,39.954830169677734
2003-04-24,57.150001525878906,56.09000015258789,57.0,56.560001373291016,3751300.0,39.22663497924805
2003-04-25,56.560001373291016,55.0,56.560001373291016,55.02000045776367,4013300.0,38.15857696533203
2003-04-28,56.939998626708984,54.349998474121094,55.02000045776367,56.689998626708984,4537000.0,39.31679153442383
2003-04-29,58.029998779296875,56.70000076293945,56.70000076293945,57.279998779296875,5430100.0,39.72597885131836
2003-04-30,57.5,56.29999923706055,57.27000045776367,56.79999923706055,4155200.0,39.39307403564453
2003-05-01,56.79999923706055,55.11000061035156,56.79999923706055,55.4900016784668,4881400.0,38.48454284667969
2003-05-02,55.959999084472656,54.75,55.5,55.45000076293945,5571300.0,38.45679473876953
2003-05-05,55.459999084472656,54.150001525878906,55.459999084472656,54.310001373291016,4984400.0,37.666168212890625
2003-05-06,56.79999923706055,54.2400016784668,54.31999969482422,56.0,5946700.0,38.8382453918457
2003-05-07,56.939998626708984,55.459999084472656,55.849998474121094,56.5,4908400.0,39.18501281738281
2003-05-08,55.72999954223633,53.209999084472656,54.369998931884766,53.25,13111000.0,36.93101119995117
2003-05-09,53.2599983215332,51.060001373291016,53.2599983215332,52.619998931884766,10552300.0,36.494075775146484
2003-05-12,54.79999923706055,52.0,52.0,54.79999923706055,5982600.0,38.00599670410156
2003-05-13,55.11000061035156,54.0,54.810001373291016,54.2400016784668,5278300.0,37.61761474609375
2003-05-14,54.900001525878906,53.11000061035156,54.4900016784668,53.68000030517578,4493300.0,37.2292366027832
2003-05-15,54.04999923706055,51.900001525878906,53.93000030517578,53.02000045776367,6458100.0,36.771488189697266
2003-05-16,53.47999954223633,52.25,52.25,53.400001525878906,6114700.0,37.03504943847656
2003-05-19,53.849998474121094,51.25,53.40999984741211,51.29999923706055,3946700.0,35.57860565185547
2003-05-20,52.43000030517578,51.29999923706055,51.650001525878906,51.79999923706055,4228400.0,35.92538833618164
2003-05-21,51.810001373291016,50.75,51.810001373291016,51.040000915527344,3807300.0,35.39828872680664
2003-05-22,52.4900016784668,50.91999816894531,51.150001525878906,52.29999923706055,3587300.0,36.272151947021484
2003-05-23,52.400001525878906,51.0,52.400001525878906,51.220001220703125,4883600.0,35.523128509521484
2003-05-27,52.47999954223633,50.70000076293945,51.220001220703125,52.29999923706055,4343200.0,36.272151947021484
2003-05-28,54.20000076293945,52.52000045776367,52.900001525878906,52.63999938964844,5069400.0,36.5079460144043
2003-05-29,53.20000076293945,51.7400016784668,53.0,51.79999923706055,4561200.0,35.92538833618164
2003-05-30,52.95000076293945,51.79999923706055,52.04999923706055,52.349998474121094,4762400.0,36.306819915771484
2003-06-02,54.70000076293945,52.599998474121094,52.599998474121094,53.369998931884766,4449400.0,37.01423263549805
2003-06-03,53.040000915527344,51.380001068115234,52.650001525878906,52.459999084472656,3949200.0,36.38310623168945
2003-06-04,54.189998626708984,52.209999084472656,52.25,54.04999923706055,3875500.0,37.4858512878418
2003-06-05,55.75,52.52000045776367,54.04999923706055,54.91999816894531,6102900.0,38.08921813964844
2003-06-06,56.400001525878906,53.150001525878906,55.130001068115234,53.38999938964844,3773600.0,37.028106689453125
2003-06-09,53.290000915527344,52.25,53.029998779296875,52.279998779296875,2349000.0,36.258270263671875
2003-06-10,52.9900016784668,51.90999984741211,52.7400016784668,52.400001525878906,2211900.0,36.34150695800781
2003-06-11,52.400001525878906,51.18000030517578,52.400001525878906,51.54999923706055,3360900.0,35.75198745727539
2003-06-12,51.560001373291016,48.79999923706055,51.560001373291016,50.47999954223633,8699800.0,35.0098991394043
2003-06-13,51.59000015258789,49.310001373291016,51.59000015258789,49.45000076293945,6663300.0,34.29555892944336
2003-06-16,50.5099983215332,48.790000915527344,50.099998474121094,50.400001525878906,4271700.0,34.95442199707031
2003-06-17,50.45000076293945,49.22999954223633,50.40999984741211,49.380001068115234,5065000.0,34.24700927734375
2003-06-18,49.47999954223633,48.02000045776367,49.25,48.849998474121094,4954400.0,33.87942123413086
2003-06-19,51.68000030517578,49.11000061035156,50.45000076293945,50.0,5387100.0,34.677001953125
2003-06-20,51.439998626708984,49.2599983215332,50.0099983215332,49.439998626708984,4038900.0,34.28861999511719
2003-06-23,50.0,48.25,48.25,49.869998931884766,4105400.0,34.58684158325195
2003-06-24,51.349998474121094,50.0099983215332,50.25,50.20000076293945,4561400.0,34.81572341918945
2003-06-25,50.709999084472656,49.5099983215332,50.04999923706055,49.68000030517578,2856600.0,34.45506286621094
2003-06-26,50.45000076293945,49.810001373291016,50.0,50.41999816894531,3385200.0,34.9682731628418
2003-06-27,52.150001525878906,50.25,50.5,50.90999984741211,4246200.0,35.30813217163086
2003-06-30,51.68000030517578,50.5,50.9900016784668,51.380001068115234,2746300.0,35.63407897949219
2003-07-01,51.54999923706055,50.310001373291016,51.25,51.459999084472656,3109800.0,35.689571380615234
2003-07-02,51.5,50.650001525878906,51.5,51.04999923706055,3863500.0,35.40521240234375
2003-07-03,51.97999954223633,50.65999984741211,50.849998474121094,51.849998474121094,2485200.0,35.96005630493164
2003-07-07,52.779998779296875,51.959999084472656,52.0,52.279998779296875,4948000.0,36.258270263671875
2003-07-08,55.099998474121094,52.779998779296875,52.97999954223633,54.88999938964844,5248200.0,38.06842041015625
2003-07-09,55.5,53.95000076293945,54.79999923706055,54.0,4480700.0,37.4511604309082
2003-07-10,55.369998931884766,51.599998474121094,51.599998474121094,54.959999084472656,13954700.0,38.116966247558594
2003-07-11,57.779998779296875,55.54999923706055,55.709999084472656,57.220001220703125,9376100.0,39.68436050415039
2003-07-14,59.349998474121094,57.5,57.5,58.709999084472656,5723900.0,40.717735290527344
2003-07-15,59.0,57.529998779296875,59.0,58.08000183105469,4063400.0,40.28080749511719
2003-07-16,58.150001525878906,57.04999923706055,58.08000183105469,57.560001373291016,3177400.0,39.920169830322266
2003-07-17,57.560001373291016,56.61000061035156,57.349998474121094,56.79999923706055,3017500.0,39.39307403564453
2003-07-18,57.220001220703125,55.93000030517578,56.810001373291016,57.04999923706055,4188900.0,39.56645965576172
2003-07-21,56.95000076293945,55.709999084472656,56.95000076293945,56.02000045776367,3085300.0,38.852108001708984
2003-07-22,57.5099983215332,55.79999923706055,56.099998474121094,57.33000183105469,3400000.0,39.760650634765625
2003-07-23,57.790000915527344,56.25,57.790000915527344,57.45000076293945,2097800.0,39.84387969970703
2003-07-24,58.540000915527344,56.66999816894531,57.900001525878906,56.689998626708984,2633600.0,39.31679153442383
2003-07-25,58.13999938964844,56.790000915527344,56.97999954223633,57.88999938964844,1935600.0,40.14903259277344
2003-07-28,58.439998626708984,57.150001525878906,57.70000076293945,57.93000030517578,1521100.0,40.17678451538086
2003-07-29,58.22999954223633,56.52000045776367,57.900001525878906,57.150001525878906,2941200.0,39.63580322265625
2003-07-30,58.63999938964844,57.0,57.400001525878906,58.400001525878906,2730300.0,40.50273132324219
2003-07-31,60.27000045776367,58.869998931884766,59.0,59.349998474121094,4306500.0,41.16160583496094
2003-08-01,60.20000076293945,58.83000183105469,59.349998474121094,59.349998474121094,2446700.0,41.16160583496094
2003-08-04,60.25,58.75,59.099998474121094,60.16999816894531,2838500.0,41.730308532714844
2003-08-05,59.900001525878906,58.11000061035156,59.650001525878906,58.79999923706055,5640200.0,40.78016662597656
2003-08-06,60.650001525878906,58.900001525878906,59.0,60.63999938964844,4303700.0,42.05625915527344
2003-08-07,62.40999984741211,59.75,62.25,59.95000076293945,7096700.0,41.577728271484375
2003-08-08,60.790000915527344,59.88999938964844,60.0,60.54999923706055,2859000.0,41.99384689331055
2003-08-11,60.70000076293945,59.7599983215332,60.54999923706055,60.25,2398900.0,41.7857780456543
2003-08-12,61.650001525878906,60.400001525878906,60.599998474121094,61.4900016784668,2547700.0,42.64577865600586
2003-08-13,62.150001525878906,61.119998931884766,61.689998626708984,61.5,2060600.0,42.652713775634766
2003-08-14,61.5,60.25,61.5,61.040000915527344,2360400.0,42.33367919921875
2003-08-15,63.900001525878906,60.849998474121094,61.5,63.540000915527344,3303600.0,44.067535400390625
2003-08-18,63.25,62.310001373291016,63.02000045776367,62.45000076293945,3293200.0,43.311580657958984
2003-08-19,62.9900016784668,62.2400016784668,62.599998474121094,62.70000076293945,2208100.0,43.48497009277344
2003-08-20,63.349998474121094,62.29999923706055,62.349998474121094,62.849998474121094,1873900.0,43.5889892578125
2003-08-21,63.599998474121094,62.43000030517578,62.88999938964844,62.95000076293945,1595400.0,43.65835189819336
2003-08-22,63.400001525878906,60.900001525878906,62.95000076293945,61.099998474121094,3048700.0,42.375301361083984
2003-08-25,61.04999923706055,60.150001525878906,61.0,60.79999923706055,1629500.0,42.167236328125
2003-08-26,62.11000061035156,60.529998779296875,60.79999923706055,61.95000076293945,2228700.0,42.96481704711914
2003-08-27,62.220001220703125,61.400001525878906,61.86000061035156,61.75,1579600.0,42.82610321044922
2003-08-28,63.790000915527344,61.95000076293945,62.04999923706055,63.599998474121094,2428400.0,44.1091423034668
2003-08-29,63.380001068115234,62.400001525878906,63.20000076293945,63.2599983215332,1837200.0,43.873329162597656
2003-09-02,65.44000244140625,63.540000915527344,64.0,64.48999786376953,6493500.0,44.72639083862305
2003-09-03,64.5,62.68000030517578,64.48999786376953,63.0,5217300.0,43.69302749633789
2003-09-04,63.09000015258789,61.5099983215332,61.5099983215332,62.0,4114700.0,42.99947738647461
2003-09-05,62.189998626708984,60.900001525878906,61.619998931884766,61.2599983215332,2345200.0,42.48625946044922
2003-09-08,61.630001068115234,59.040000915527344,61.2599983215332,61.54999923706055,2115100.0,42.6873893737793
2003-09-09,60.900001525878906,59.09000015258789,60.7599983215332,59.400001525878906,5163100.0,41.19628143310547
2003-09-10,60.0,58.91999816894531,59.29999923706055,59.099998474121094,2726200.0,40.98822021484375
2003-09-11,60.099998474121094,59.150001525878906,59.650001525878906,59.29999923706055,2071900.0,41.12692642211914
2003-09-12,59.099998474121094,56.599998474121094,58.79999923706055,58.43000030517578,3979000.0,40.523536682128906
2003-09-15,59.11000061035156,58.400001525878906,58.849998474121094,58.540000915527344,2444200.0,40.59983825683594
2003-09-16,60.040000915527344,58.54999923706055,58.59000015258789,59.90999984741211,2189500.0,41.549983978271484
2003-09-17,60.099998474121094,58.59000015258789,59.90999984741211,59.529998779296875,2071800.0,41.286441802978516
2003-09-18,59.599998474121094,58.400001525878906,59.58000183105469,58.560001373291016,3678900.0,40.613704681396484
2003-09-19,58.83000183105469,57.22999954223633,58.560001373291016,57.47999954223633,3841000.0,39.864681243896484
2003-09-22,56.5,54.939998626708984,56.400001525878906,55.029998779296875,5134700.0,38.16551971435547
2003-09-23,55.900001525878906,54.5,54.900001525878906,55.380001068115234,4402300.0,38.40825653076172
2003-09-24,55.099998474121094,52.95000076293945,54.5,53.20000076293945,8040600.0,36.896324157714844
2003-09-25,54.7400016784668,53.560001373291016,53.849998474121094,54.0,5669200.0,37.4511604309082
2003-09-26,54.72999954223633,54.0,54.04999923706055,54.20000076293945,3838800.0,37.58987045288086
2003-09-29,54.599998474121094,52.20000076293945,54.349998474121094,53.27000045776367,4358900.0,36.94488525390625
2003-09-30,54.27000045776367,52.63999938964844,53.279998779296875,53.5,3248300.0,37.104400634765625
2003-10-01,54.599998474121094,53.5,53.79999923706055,54.0,3337200.0,37.4511604309082
2003-10-02,54.650001525878906,52.93000030517578,54.0,53.33000183105469,3251500.0,36.986488342285156
2003-10-03,55.349998474121094,53.75,54.849998474121094,54.02000045776367,4683700.0,37.46504211425781
2003-10-06,54.720001220703125,53.54999923706055,54.02000045776367,54.54999923706055,1692800.0,37.83260726928711
2003-10-07,56.27000045776367,54.34000015258789,54.400001525878906,55.5,4361700.0,38.4914665222168
2003-10-08,55.7599983215332,54.77000045776367,55.5099983215332,54.880001068115234,2758400.0,38.06147384643555
2003-10-09,55.75,52.7400016784668,55.04999923706055,53.0,9514900.0,36.75762176513672
2003-10-10,53.72999954223633,52.5,53.189998626708984,52.650001525878906,4229300.0,36.51488494873047
2003-10-13,52.90999984741211,51.5,52.7400016784668,51.61000061035156,5402900.0,35.79359817504883
2003-10-14,53.25,51.7400016784668,51.900001525878906,53.220001220703125,6046800.0,36.910213470458984
2003-10-15,53.470001220703125,52.36000061035156,53.369998931884766,52.599998474121094,3133500.0,36.48020553588867
2003-10-16,53.40999984741211,52.5099983215332,52.529998779296875,53.040000915527344,2528700.0,36.78536605834961
2003-10-17,53.31999969482422,51.790000915527344,53.0,51.84000015258789,4489600.0,35.953121185302734
2003-10-20,52.150001525878906,50.4900016784668,51.97999954223633,51.58000183105469,6431400.0,35.77280044555664
2003-10-21,52.79999923706055,51.31999969482422,51.4900016784668,52.52000045776367,3756100.0,36.42472457885742
2003-10-22,52.0,50.970001220703125,51.939998626708984,51.34000015258789,3246700.0,35.60634994506836
2003-10-23,52.5,50.75,50.75,52.2599983215332,3736200.0,36.24440002441406
2003-10-24,52.70000076293945,51.099998474121094,52.16999816894531,52.369998931884766,3719600.0,36.3206901550293
2003-10-27,54.599998474121094,53.63999938964844,54.150001525878906,54.150001525878906,5872400.0,37.55519485473633
2003-10-28,55.33000183105469,53.970001220703125,54.150001525878906,55.20000076293945,3544600.0,38.283416748046875
2003-10-29,56.4900016784668,54.869998931884766,55.20000076293945,56.47999954223633,4226800.0,39.171138763427734
2003-10-30,56.630001068115234,55.599998474121094,56.47999954223633,56.09000015258789,3247900.0,38.90066146850586
2003-10-31,56.47999954223633,55.29999923706055,56.45000076293945,56.06999969482422,2828800.0,38.88677978515625
2003-11-03,56.29999923706055,55.369998931884766,55.849998474121094,55.38999938964844,2790300.0,38.41517639160156
2003-11-04,55.7400016784668,54.099998474121094,55.400001525878906,54.40999984741211,3621600.0,37.73551559448242
2003-11-05,55.290000915527344,53.90999984741211,54.400001525878906,54.20000076293945,3159500.0,37.58987045288086
2003-11-06,54.25,51.25,52.0,52.29999923706055,13158800.0,36.272151947021484
2003-11-07,52.97999954223633,51.900001525878906,52.900001525878906,51.90999984741211,4722900.0,36.00165939331055
2003-11-10,51.900001525878906,49.880001068115234,49.880001068115234,50.650001525878906,6064900.0,35.127811431884766
2003-11-11,51.689998626708984,49.90999984741211,50.709999084472656,50.130001068115234,4276600.0,34.76715087890625
2003-11-12,51.040000915527344,49.90999984741211,50.380001068115234,50.709999084472656,4116600.0,35.169410705566406
2003-11-13,51.650001525878906,49.9900016784668,50.709999084472656,50.58000183105469,5203600.0,35.079261779785156
2003-11-14,52.54999923706055,51.099998474121094,51.5099983215332,51.79999923706055,6206300.0,35.92538833618164
2003-11-17,51.79999923706055,49.93000030517578,51.79999923706055,50.880001068115234,4345100.0,35.287322998046875
2003-11-18,51.099998474121094,49.060001373291016,51.0,49.16999816894531,5052900.0,34.101356506347656
2003-11-19,49.5,48.400001525878906,49.20000076293945,48.91999816894531,4508300.0,33.92798614501953
2003-11-20,50.54999923706055,49.599998474121094,50.0,49.90999984741211,5610500.0,34.61457443237305
2003-11-21,50.25,48.779998779296875,50.0,48.880001068115234,4618500.0,33.900230407714844
2003-11-24,50.02000045776367,48.959999084472656,49.25,49.75,4172300.0,34.503623962402344
2003-11-25,49.54999923706055,48.75,49.54999923706055,48.75,3433900.0,33.81008529663086
2003-11-26,49.0,47.70000076293945,48.9900016784668,48.099998474121094,4007700.0,33.35927963256836
2003-11-28,48.88999938964844,48.11000061035156,48.119998931884766,48.31999969482422,1342300.0,33.511863708496094
2003-12-01,49.189998626708984,48.099998474121094,49.0,48.540000915527344,4078300.0,33.664432525634766
2003-12-02,48.599998474121094,46.54999923706055,48.599998474121094,46.66999816894531,6193500.0,32.36751937866211
2003-12-03,46.060001373291016,44.5,45.900001525878906,45.290000915527344,13401200.0,31.410432815551758
2003-12-04,47.540000915527344,45.7599983215332,46.79999923706055,46.959999084472656,10865300.0,32.56863784790039
2003-12-05,47.849998474121094,46.25,46.25,47.349998474121094,6340100.0,32.83913040161133
2003-12-08,47.400001525878906,45.66999816894531,47.25,46.209999084472656,4333200.0,32.048492431640625
2003-12-09,47.09000015258789,45.29999923706055,46.54999923706055,45.45000076293945,5785600.0,31.521390914916992
2003-12-10,46.27000045776367,45.290000915527344,45.54999923706055,45.970001220703125,3994500.0,31.88203239440918
2003-12-11,46.66999816894531,45.59000015258789,45.970001220703125,45.70000076293945,2787400.0,31.694778442382812
2003-12-12,46.0,44.43000030517578,45.9900016784668,45.0099983215332,4713700.0,31.21623992919922
2003-12-15,45.650001525878906,43.08000183105469,45.58000183105469,43.29999923706055,6368200.0,30.030277252197266
2003-12-16,44.0,42.400001525878906,43.29999923706055,44.0,8207300.0,30.515766143798828
2003-12-17,45.529998779296875,43.720001220703125,43.91999816894531,45.5,6206300.0,31.556068420410156
2003-12-18,46.04999923706055,44.97999954223633,45.75,46.04999923706055,5616500.0,31.937509536743164
2003-12-19,46.119998931884766,45.029998779296875,46.04999923706055,45.060001373291016,4256700.0,31.250930786132812
2003-12-22,45.54999923706055,44.75,45.0,45.099998474121094,4089800.0,31.278654098510742
2003-12-23,45.2599983215332,44.0,45.099998474121094,44.16999816894531,4679200.0,30.6336612701416
2003-12-24,44.54999923706055,43.439998626708984,44.0099983215332,44.06999969482422,2499100.0,30.56430435180664
2003-12-26,44.52000045776367,43.86000061035156,44.099998474121094,44.0099983215332,1060500.0,30.522693634033203
2003-12-29,44.400001525878906,43.650001525878906,44.349998474121094,44.0,3729000.0,30.515766143798828
2003-12-30,44.720001220703125,43.849998474121094,44.150001525878906,44.709999084472656,3024700.0,31.008174896240234
2003-12-31,45.150001525878906,44.52000045776367,44.650001525878906,44.939998626708984,2397200.0,31.167688369750977
2004-01-02,44.95000076293945,43.79999923706055,44.939998626708984,43.86000061035156,3246000.0,30.418668746948242
2004-01-05,44.22999954223633,43.08000183105469,44.0,43.56999969482422,6032800.0,30.2175350189209
2004-01-06,45.59000015258789,43.150001525878906,43.56999969482422,45.25,6292200.0,31.382686614990234
2004-01-07,46.20000076293945,44.5,45.189998626708984,45.5,5511800.0,31.556068420410156
2004-01-08,44.099998474121094,41.38999938964844,43.5,41.79999923706055,16412400.0,28.989967346191406
2004-01-09,41.900001525878906,40.810001373291016,41.279998779296875,41.20000076293945,7248800.0,28.5738468170166
2004-01-12,41.720001220703125,41.09000015258789,41.209999084472656,41.54999923706055,4644500.0,28.816591262817383
2004-01-13,42.38999938964844,41.40999984741211,41.45000076293945,41.900001525878906,5336200.0,29.059329986572266
2004-01-14,42.939998626708984,41.65999984741211,41.810001373291016,42.72999954223633,4552500.0,29.634965896606445
2004-01-15,43.439998626708984,42.060001373291016,42.5,43.36000061035156,3537800.0,30.07189178466797
2004-01-16,43.54999923706055,42.38999938964844,43.36000061035156,43.41999816894531,4054000.0,30.113502502441406
2004-01-20,43.5,42.5,43.400001525878906,42.75,3780200.0,29.648836135864258
2004-01-21,43.4900016784668,42.279998779296875,42.7400016784668,43.400001525878906,2956900.0,30.099641799926758
2004-01-22,44.209999084472656,43.40999984741211,43.54999923706055,43.68000030517578,2468100.0,30.29383087158203
2004-01-23,44.290000915527344,43.5,43.709999084472656,44.130001068115234,2988700.0,30.60593032836914
2004-01-26,44.189998626708984,43.189998626708984,44.099998474121094,44.15999984741211,2371000.0,30.626731872558594
2004-01-27,44.849998474121094,43.77000045776367,44.099998474121094,44.04999923706055,3550500.0,30.55043601989746
2004-01-28,44.18000030517578,42.63999938964844,44.099998474121094,42.66999816894531,4867400.0,29.593355178833008
2004-01-29,43.470001220703125,42.15999984741211,42.84000015258789,43.400001525878906,2914100.0,30.099641799926758
2004-01-30,44.810001373291016,43.31999969482422,43.650001525878906,44.29999923706055,4979700.0,30.723825454711914
2004-02-02,44.88999938964844,43.2599983215332,44.150001525878906,44.43000030517578,3395400.0,30.81397819519043
2004-02-03,45.79999923706055,44.27000045776367,44.66999816894531,45.0,4650300.0,31.209312438964844
2004-02-04,45.25,44.560001373291016,44.70000076293945,45.09000015258789,4074700.0,31.271718978881836
2004-02-05,47.20000076293945,45.5,46.25,46.959999084472656,7932400.0,32.56863784790039
2004-02-06,48.900001525878906,47.0099983215332,47.349998474121094,48.63999938964844,7565100.0,33.73377990722656
2004-02-09,48.97999954223633,48.04999923706055,48.63999938964844,48.16999816894531,4291300.0,33.40781784057617
2004-02-10,48.16999816894531,47.29999923706055,48.13999938964844,47.54999923706055,4205500.0,32.97784423828125
2004-02-11,48.54999923706055,47.54999923706055,47.58000183105469,48.38999938964844,3890000.0,33.56040954589844
2004-02-12,48.9900016784668,48.29999923706055,48.349998474121094,48.81999969482422,2990800.0,33.85863494873047
2004-02-13,48.880001068115234,48.209999084472656,48.459999084472656,48.650001525878906,4260200.0,33.740726470947266
2004-02-17,49.79999923706055,48.790000915527344,49.150001525878906,49.47999954223633,4121100.0,34.31636428833008
2004-02-18,50.20000076293945,49.380001068115234,49.5,49.93000030517578,3091500.0,34.62846374511719
2004-02-19,50.77000045776367,50.2599983215332,50.29999923706055,50.560001373291016,3967900.0,35.065391540527344
2004-02-20,50.43000030517578,49.599998474121094,50.43000030517578,49.900001525878906,3215600.0,34.60765838623047
2004-02-23,51.099998474121094,50.02000045776367,51.0,50.060001373291016,2972700.0,34.718624114990234
2004-02-24,50.16999816894531,49.0099983215332,50.060001373291016,49.400001525878906,3515400.0,34.2608757019043
2004-02-25,49.869998931884766,49.20000076293945,49.40999984741211,49.560001373291016,3260900.0,34.37184524536133
2004-02-26,50.81999969482422,49.290000915527344,49.70000076293945,50.5,3342100.0,35.02378463745117
2004-02-27,53.619998931884766,51.459999084472656,51.9900016784668,51.5,8694000.0,35.71731185913086
2004-03-01,51.959999084472656,51.25,51.95000076293945,51.2599983215332,2988600.0,35.55086898803711
2004-03-02,51.2599983215332,50.33000183105469,51.2599983215332,50.75,4174900.0,35.19715881347656
2004-03-03,51.13999938964844,50.2599983215332,50.75,50.91999816894531,2613900.0,35.315059661865234
2004-03-04,52.7599983215332,51.290000915527344,51.849998474121094,52.20000076293945,4305500.0,36.20279312133789
2004-03-05,53.25,51.290000915527344,52.0,52.86000061035156,2962200.0,36.660518646240234
2004-03-08,54.099998474121094,52.16999816894531,53.22999954223633,52.47999954223633,3627100.0,36.3969841003418
2004-03-09,52.02000045776367,50.400001525878906,52.0099983215332,50.560001373291016,3967500.0,35.065391540527344
2004-03-10,51.060001373291016,49.83000183105469,50.630001068115234,50.130001068115234,2844100.0,34.76715087890625
2004-03-11,51.7400016784668,50.029998779296875,50.130001068115234,50.900001525878906,3600400.0,35.30119705200195
2004-03-12,52.0,50.900001525878906,51.25,52.0,1961000.0,36.0640869140625
2004-03-15,51.75,50.43000030517578,51.75,50.47999954223633,2263500.0,35.0098991394043
2004-03-16,50.900001525878906,48.810001373291016,50.77000045776367,49.779998779296875,4006100.0,34.5244255065918
2004-03-17,50.7400016784668,49.810001373291016,49.91999816894531,50.380001068115234,1861500.0,34.9405632019043
2004-03-18,50.380001068115234,49.04999923706055,50.380001068115234,50.029998779296875,2156900.0,34.69780731201172
2004-03-19,50.0,48.5099983215332,50.0,48.70000076293945,3012000.0,33.775394439697266
2004-03-22,48.63999938964844,47.5,48.63999938964844,47.709999084472656,3278400.0,33.08879852294922
2004-03-23,49.75,48.209999084472656,49.11000061035156,48.38999938964844,2869200.0,33.56040954589844
2004-03-24,49.130001068115234,47.93000030517578,48.45000076293945,48.880001068115234,2733400.0,33.900230407714844
2004-03-25,49.630001068115234,48.880001068115234,49.45000076293945,49.380001068115234,2729400.0,34.24700927734375
2004-03-26,49.33000183105469,48.22999954223633,49.189998626708984,48.45000076293945,2672500.0,33.602012634277344
2004-03-29,49.22999954223633,48.720001220703125,48.75,49.16999816894531,2385400.0,34.101356506347656
2004-03-30,49.31999969482422,48.529998779296875,49.04999923706055,48.70000076293945,2779900.0,33.775394439697266
2004-03-31,48.70000076293945,47.75,48.70000076293945,48.33000183105469,2923400.0,33.518775939941406
2004-04-01,47.900001525878906,46.79999923706055,47.900001525878906,47.290000915527344,4987100.0,32.797515869140625
2004-04-02,49.5,46.75,47.95000076293945,46.970001220703125,4870800.0,32.5755729675293
2004-04-05,47.349998474121094,46.650001525878906,47.040000915527344,46.900001525878906,3729500.0,32.52702713012695
2004-04-06,47.220001220703125,46.25,46.900001525878906,47.11000061035156,4446300.0,32.67267608642578
2004-04-07,47.15999984741211,46.150001525878906,47.15999984741211,46.849998474121094,2928900.0,32.49235153198242
2004-04-08,45.97999954223633,43.86000061035156,45.95000076293945,44.33000183105469,9258500.0,30.7446346282959
2004-04-12,44.66999816894531,43.470001220703125,44.540000915527344,43.97999954223633,4241700.0,30.501890182495117
2004-04-13,44.849998474121094,43.54999923706055,44.400001525878906,43.58000183105469,2527700.0,30.22447395324707
2004-04-14,43.91999816894531,43.119998931884766,43.119998931884766,43.880001068115234,2615900.0,30.432540893554688
2004-04-15,44.31999969482422,43.849998474121094,44.130001068115234,43.970001220703125,2605500.0,30.49496078491211
2004-04-16,43.849998474121094,42.650001525878906,43.849998474121094,43.0,5931600.0,29.822223663330078
2004-04-19,43.16999816894531,42.349998474121094,43.0,42.47999954223633,3756300.0,29.461584091186523
2004-04-20,42.95000076293945,41.599998474121094,42.70000076293945,41.599998474121094,5559400.0,28.85126304626465
2004-04-21,42.0099983215332,41.2400016784668,41.61000061035156,41.27000045776367,4456900.0,28.622407913208008
2004-04-22,41.400001525878906,39.59000015258789,40.5,41.29999923706055,13232800.0,28.643203735351562
2004-04-23,43.369998931884766,41.79999923706055,42.599998474121094,43.029998779296875,7526700.0,29.843027114868164
2004-04-26,43.25,41.599998474121094,43.20000076293945,41.70000076293945,3705000.0,28.920623779296875
2004-04-27,42.849998474121094,41.56999969482422,41.90999984741211,41.66999816894531,4767000.0,28.899822235107422
2004-04-28,43.599998474121094,41.58000183105469,41.70000076293945,42.95000076293945,5704800.0,29.787551879882812
2004-04-29,43.349998474121094,42.13999938964844,43.099998474121094,42.59000015258789,4052400.0,29.537866592407227
2004-04-30,43.0,41.70000076293945,42.95000076293945,41.790000915527344,2447500.0,28.983043670654297
2004-05-03,41.93000030517578,40.7599983215332,41.810001373291016,41.08000183105469,3506300.0,28.49062156677246
2004-05-04,41.5,40.099998474121094,41.08000183105469,41.08000183105469,4146600.0,28.49062156677246
2004-05-05,41.5,40.65999984741211,41.08000183105469,40.959999084472656,2931400.0,28.40739631652832
2004-05-06,41.75,40.279998779296875,41.38999938964844,41.540000915527344,5563100.0,28.809650421142578
2004-05-07,42.599998474121094,41.25,41.33000183105469,41.68000030517578,4337800.0,28.90673828125
2004-05-10,42.29999923706055,41.33000183105469,41.33000183105469,42.18000030517578,3448800.0,29.25351905822754
2004-05-11,43.16999816894531,42.310001373291016,42.54999923706055,42.52000045776367,4003400.0,29.48932456970215
2004-05-12,42.95000076293945,41.400001525878906,42.77000045776367,42.5,3192500.0,29.475444793701172
2004-05-13,43.63999938964844,41.849998474121094,42.25,42.630001068115234,2559100.0,29.565614700317383
2004-05-14,44.29999923706055,43.20000076293945,43.29999923706055,43.56999969482422,4376600.0,30.2175350189209
2004-05-17,44.349998474121094,42.720001220703125,42.970001220703125,44.0,4385100.0,30.515766143798828
2004-05-18,45.04999923706055,44.099998474121094,44.290000915527344,44.75,3947200.0,31.03591537475586
2004-05-19,45.459999084472656,44.15999984741211,44.97999954223633,44.15999984741211,3693200.0,30.626731872558594
2004-05-20,44.59000015258789,43.5,44.45000076293945,44.099998474121094,1957200.0,30.58511734008789
2004-05-21,45.27000045776367,44.5,44.599998474121094,44.790000915527344,2283600.0,31.06366729736328
2004-05-24,46.290000915527344,45.369998931884766,45.75,45.95000076293945,4316400.0,31.8681583404541
2004-05-25,47.099998474121094,45.810001373291016,45.95000076293945,47.029998779296875,3883500.0,32.617183685302734
2004-05-26,47.029998779296875,46.20000076293945,47.0099983215332,46.560001373291016,3019500.0,32.291229248046875
2004-05-27,47.95000076293945,47.099998474121094,47.25,47.77000045776367,3790500.0,33.13041305541992
2004-05-28,47.810001373291016,47.38999938964844,47.75,47.560001373291016,1933600.0,32.984764099121094
2004-06-01,48.22999954223633,47.33000183105469,47.56999969482422,47.56999969482422,3846200.0,32.99170684814453
2004-06-02,48.20000076293945,47.2400016784668,47.95000076293945,47.63999938964844,3522200.0,33.0402717590332
2004-06-03,48.400001525878906,47.7400016784668,48.25,47.7400016784668,4325100.0,33.10960006713867
2004-06-04,48.20000076293945,47.290000915527344,48.150001525878906,47.45000076293945,2273000.0,32.90848159790039
2004-06-07,48.369998931884766,47.45000076293945,47.70000076293945,48.33000183105469,2384800.0,33.518775939941406
2004-06-08,48.779998779296875,47.90999984741211,48.400001525878906,48.599998474121094,1617400.0,33.706050872802734
2004-06-09,48.83000183105469,48.0,48.58000183105469,48.02000045776367,1669500.0,33.30379867553711
2004-06-10,48.18000030517578,47.279998779296875,48.0099983215332,47.540000915527344,2300400.0,32.97090148925781
2004-06-14,47.650001525878906,46.68000030517578,47.540000915527344,46.79999923706055,2357800.0,32.45767593383789
2004-06-15,47.2599983215332,46.47999954223633,47.0,46.560001373291016,3364100.0,32.291229248046875
2004-06-16,46.83000183105469,46.04999923706055,46.70000076293945,46.04999923706055,1795900.0,31.937509536743164
2004-06-17,46.189998626708984,45.439998626708984,46.15999984741211,45.529998779296875,3803700.0,31.576871871948242
2004-06-18,45.77000045776367,45.349998474121094,45.560001373291016,45.45000076293945,2692600.0,31.521390914916992
2004-06-21,45.720001220703125,44.95000076293945,45.439998626708984,44.9900016784668,1911400.0,31.202363967895508
2004-06-22,45.029998779296875,44.0,44.9900016784668,44.70000076293945,4073200.0,31.001243591308594
2004-06-23,45.15999984741211,44.4900016784668,44.650001525878906,45.09000015258789,2329600.0,31.271718978881836
2004-06-24,45.0,43.5,45.0,43.599998474121094,4038200.0,30.23834800720215
2004-06-25,43.95000076293945,42.88999938964844,43.650001525878906,43.20000076293945,4381500.0,29.96092414855957
2004-06-28,44.25,43.599998474121094,44.0,43.75,2754800.0,30.342376708984375
2004-06-29,43.56999969482422,41.79999923706055,43.56999969482422,42.290000915527344,5517000.0,29.32980728149414
2004-06-30,42.4900016784668,42.0,42.45000076293945,42.279998779296875,2442900.0,29.322872161865234
2004-07-01,42.880001068115234,42.130001068115234,42.5,42.220001220703125,3229200.0,29.28125762939453
2004-07-02,42.2400016784668,41.45000076293945,42.2400016784668,41.810001373291016,3385900.0,28.996915817260742
2004-07-06,41.810001373291016,41.02000045776367,41.54999923706055,41.29999923706055,3180700.0,28.643203735351562
2004-07-07,41.93000030517578,41.20000076293945,41.29999923706055,41.459999084472656,4309400.0,28.754165649414062
2004-07-08,43.650001525878906,41.77000045776367,41.939998626708984,43.650001525878906,8153700.0,30.273021697998047
2004-07-09,43.88999938964844,43.209999084472656,43.650001525878906,43.75,3245200.0,30.342376708984375
2004-07-12,44.0099983215332,43.349998474121094,43.650001525878906,43.970001220703125,1892200.0,30.49496078491211
2004-07-13,44.45000076293945,43.79999923706055,43.93000030517578,44.09000015258789,1679900.0,30.57817840576172
2004-07-14,43.959999084472656,42.459999084472656,43.959999084472656,42.66999816894531,2834000.0,29.593355178833008
2004-07-15,42.939998626708984,41.79999923706055,42.84000015258789,41.81999969482422,2534400.0,29.003843307495117
2004-07-16,42.25,41.11000061035156,42.20000076293945,41.54999923706055,3143300.0,28.816591262817383
2004-07-19,42.380001068115234,41.65999984741211,41.75,42.279998779296875,3035000.0,29.322872161865234
2004-07-20,43.40999984741211,42.900001525878906,42.97999954223633,43.369998931884766,3222200.0,30.078832626342773
2004-07-21,43.75,43.029998779296875,43.45000076293945,43.189998626708984,2750700.0,29.954002380371094
2004-07-22,43.599998474121094,42.540000915527344,43.0,43.43000030517578,2551200.0,30.120445251464844
2004-07-23,43.7400016784668,42.47999954223633,43.380001068115234,43.25,1689400.0,29.99560546875
2004-07-26,43.2599983215332,42.4900016784668,43.2599983215332,42.880001068115234,1838700.0,29.738996505737305
2004-07-27,44.31999969482422,42.869998931884766,42.88999938964844,44.13999938964844,2152600.0,30.612852096557617
2004-07-28,44.599998474121094,43.5099983215332,44.0,44.279998779296875,2096300.0,30.7099609375
2004-07-29,45.5,44.400001525878906,44.400001525878906,45.099998474121094,3041600.0,31.278654098510742
2004-07-30,46.11000061035156,45.599998474121094,46.04999923706055,45.7599983215332,3885000.0,31.73639488220215
2004-08-02,46.099998474121094,45.15999984741211,45.7599983215332,45.529998779296875,1738000.0,31.576871871948242
2004-08-03,45.63999938964844,44.84000015258789,45.400001525878906,45.31999969482422,2799100.0,31.43122673034668
2004-08-04,46.04999923706055,44.900001525878906,45.06999969482422,45.52000045776367,2353000.0,31.569944381713867
2004-08-05,46.130001068115234,44.20000076293945,45.040000915527344,45.54999923706055,5305100.0,31.59075927734375
2004-08-06,45.470001220703125,44.470001220703125,45.0,45.130001068115234,3838200.0,31.299461364746094
2004-08-09,45.66999816894531,45.0,45.0,45.43000030517578,2042500.0,31.50752067565918
2004-08-10,46.09000015258789,45.41999816894531,45.43000030517578,45.91999816894531,3224700.0,31.847362518310547
2004-08-11,45.93000030517578,44.45000076293945,45.93000030517578,45.08000183105469,3047500.0,31.264789581298828
2004-08-12,46.0,43.70000076293945,45.279998779296875,43.70000076293945,4141600.0,30.307701110839844
2004-08-13,46.22999954223633,44.95000076293945,45.099998474121094,46.099998474121094,5728900.0,31.972198486328125
2004-08-16,47.380001068115234,46.54999923706055,47.0,47.16999816894531,3855600.0,32.71428680419922
2004-08-17,48.02000045776367,47.130001068115234,47.400001525878906,47.150001525878906,3733900.0,32.70042037963867
2004-08-18,47.779998779296875,46.5,47.15999984741211,47.709999084472656,3140300.0,33.08879852294922
2004-08-19,48.70000076293945,47.349998474121094,47.650001525878906,48.16999816894531,3513000.0,33.40781784057617
2004-08-20,48.349998474121094,47.560001373291016,48.04999923706055,48.099998474121094,3780900.0,33.35927963256836
2004-08-23,48.06999969482422,46.900001525878906,48.060001373291016,47.54999923706055,2208400.0,32.97784423828125
2004-08-24,48.04999923706055,47.150001525878906,48.04999923706055,47.459999084472656,1653300.0,32.91542053222656
2004-08-25,48.02000045776367,47.38999938964844,47.459999084472656,47.95000076293945,1565200.0,33.255245208740234
2004-08-26,48.54999923706055,47.970001220703125,47.97999954223633,48.2400016784668,2598800.0,33.45637130737305
2004-08-27,49.33000183105469,48.13999938964844,48.369998931884766,49.25,4237500.0,34.156856536865234
2004-08-30,49.34000015258789,48.560001373291016,48.79999923706055,48.7400016784668,2033300.0,33.803138732910156
2004-08-31,50.40999984741211,48.959999084472656,50.0,49.47999954223633,5394700.0,34.31636428833008
2004-09-01,49.400001525878906,48.40999984741211,49.25,48.630001068115234,2267500.0,33.72686004638672
2004-09-02,49.900001525878906,48.52000045776367,48.56999969482422,49.900001525878906,3645300.0,34.60765838623047
2004-09-03,50.77000045776367,49.79999923706055,49.97999954223633,50.459999084472656,3285400.0,34.996036529541016
2004-09-07,50.9900016784668,49.66999816894531,50.880001068115234,50.93000030517578,2924400.0,35.32199478149414
2004-09-08,50.97999954223633,50.16999816894531,50.70000076293945,50.209999084472656,2430000.0,34.82263946533203
2004-09-09,50.349998474121094,49.619998931884766,50.209999084472656,49.939998626708984,2548700.0,34.6353874206543
2004-09-10,50.77000045776367,49.599998474121094,49.81999969482422,50.58000183105469,2513500.0,35.079261779785156
2004-09-13,50.9900016784668,50.13999938964844,50.400001525878906,50.93000030517578,2945800.0,35.32199478149414
2004-09-14,52.0,50.810001373291016,50.97999954223633,51.86000061035156,2961500.0,35.96699142456055
2004-09-15,51.61000061035156,50.599998474121094,51.61000061035156,50.7599983215332,2288400.0,35.20409393310547
2004-09-16,50.97999954223633,49.47999954223633,50.70000076293945,49.47999954223633,3197300.0,34.31636428833008
2004-09-17,49.75,48.91999816894531,49.5,49.47999954223633,3207900.0,34.31636428833008
2004-09-20,49.869998931884766,48.900001525878906,49.25,49.5,1758000.0,34.330230712890625
2004-09-21,50.119998931884766,49.349998474121094,49.54999923706055,49.72999954223633,1963500.0,34.48975372314453
2004-09-22,49.72999954223633,48.349998474121094,49.5,48.619998931884766,2926500.0,33.71992874145508
2004-09-23,49.88999938964844,48.720001220703125,48.880001068115234,49.5099983215332,4143500.0,34.337162017822266
2004-09-24,49.869998931884766,48.7400016784668,49.650001525878906,49.43000030517578,2153400.0,34.28169250488281
2004-09-27,49.20000076293945,48.380001068115234,49.20000076293945,48.38999938964844,3046100.0,33.56040954589844
2004-09-28,48.81999969482422,47.75,48.5,48.70000076293945,2255400.0,33.775394439697266
2004-09-29,48.95000076293945,48.209999084472656,48.5,48.279998779296875,2475800.0,33.4841194152832
2004-09-30,48.65999984741211,47.70000076293945,48.279998779296875,48.189998626708984,2286600.0,33.42170333862305
2004-10-01,48.970001220703125,48.45000076293945,48.45000076293945,48.75,2950100.0,33.81008529663086
2004-10-04,50.95000076293945,49.95000076293945,50.0,50.0,3947100.0,34.677001953125
2004-10-05,50.810001373291016,49.40999984741211,50.0099983215332,50.22999954223633,3305800.0,34.836517333984375
2004-10-06,50.0,49.45000076293945,49.45000076293945,50.0,2016000.0,34.677001953125
2004-10-07,50.88999938964844,49.18000030517578,50.0,49.459999084472656,3619300.0,34.30248260498047
2004-10-08,49.95000076293945,49.349998474121094,49.459999084472656,49.720001220703125,2924700.0,34.482818603515625
2004-10-11,49.79999923706055,49.13999938964844,49.720001220703125,49.25,1752500.0,34.156856536865234
2004-10-12,49.20000076293945,48.56999969482422,49.20000076293945,49.0,1700600.0,33.983463287353516
2004-10-13,49.58000183105469,48.470001220703125,49.119998931884766,48.68000030517578,1650400.0,33.761539459228516
2004-10-14,48.70000076293945,47.869998931884766,48.52000045776367,48.0,1863800.0,33.2899169921875
2004-10-15,49.7400016784668,48.06999969482422,48.25,49.09000015258789,3112400.0,34.0458869934082
2004-10-18,49.95000076293945,48.79999923706055,48.869998931884766,49.689998626708984,3151800.0,34.46200180053711
2004-10-19,51.09000015258789,49.83000183105469,49.939998626708984,50.97999954223633,5512300.0,35.35667037963867
2004-10-20,51.099998474121094,50.25,50.9900016784668,50.95000076293945,3806800.0,35.33585739135742
2004-10-21,52.86000061035156,51.56999969482422,51.70000076293945,52.08000183105469,5183100.0,36.11957550048828
2004-10-22,52.79999923706055,51.90999984741211,52.5,52.290000915527344,2832700.0,36.26520919799805
2004-10-25,52.060001373291016,50.900001525878906,52.02000045776367,50.9900016784668,3413700.0,35.363609313964844
2004-10-26,51.720001220703125,50.540000915527344,51.11000061035156,51.0,3716500.0,35.37055206298828
2004-10-27,51.7400016784668,50.599998474121094,51.02000045776367,51.7400016784668,2922000.0,35.88376235961914
2004-10-28,52.5,50.790000915527344,51.7400016784668,52.029998779296875,2465700.0,36.08488464355469
2004-10-29,52.189998626708984,50.33000183105469,51.54999923706055,50.7599983215332,4312000.0,35.20409393310547
2004-11-01,50.66999816894531,49.02000045776367,50.65999984741211,50.13999938964844,6388000.0,34.77409362792969
2004-11-02,51.040000915527344,50.11000061035156,50.70000076293945,50.38999938964844,4185200.0,34.94748306274414
2004-11-03,51.20000076293945,49.93000030517578,50.75,51.06999969482422,5388900.0,35.419090270996094
2004-11-04,51.38999938964844,49.63999938964844,49.79999923706055,50.900001525878906,6473400.0,35.30119705200195
2004-11-05,52.349998474121094,51.099998474121094,51.20000076293945,51.939998626708984,3974500.0,36.0224723815918
2004-11-08,51.90999984741211,51.220001220703125,51.5,51.290000915527344,2031800.0,35.57167053222656
2004-11-09,51.220001220703125,50.31999969482422,51.0,50.81999969482422,2380000.0,35.24570846557617
2004-11-10,52.38999938964844,51.540000915527344,52.0,52.20000076293945,3815900.0,36.20279312133789
2004-11-11,53.2400016784668,51.95000076293945,52.0,53.20000076293945,3557300.0,36.896324157714844
2004-11-12,52.150001525878906,50.79999923706055,51.0,52.040000915527344,7538700.0,36.091819763183594
2004-11-15,52.84000015258789,51.40999984741211,51.75,52.58000183105469,2227900.0,36.466339111328125
2004-11-16,52.5,50.97999954223633,52.5,51.099998474121094,3782600.0,35.439903259277344
2004-11-17,51.5,49.61000061035156,51.349998474121094,49.70000076293945,5130100.0,34.46894073486328
2004-11-18,49.709999084472656,48.54999923706055,49.70000076293945,48.90999984741211,4460400.0,33.921051025390625
2004-11-19,48.79999923706055,47.7400016784668,48.75,48.02000045776367,3313200.0,33.30379867553711
2004-11-22,48.84000015258789,47.380001068115234,48.0,48.290000915527344,2801900.0,33.491065979003906
2004-11-23,48.630001068115234,47.54999923706055,48.29999923706055,48.02000045776367,2647900.0,33.30379867553711
2004-11-24,48.75,48.0099983215332,48.5,48.349998474121094,2587500.0,33.532649993896484
2004-11-26,49.0,48.529998779296875,48.54999923706055,48.95000076293945,832600.0,33.94878387451172
2004-11-29,49.349998474121094,47.70000076293945,48.900001525878906,47.77000045776367,3920600.0,33.13041305541992
2004-11-30,47.43000030517578,46.029998779296875,47.33000183105469,46.15999984741211,4525800.0,32.01380157470703
2004-12-01,47.900001525878906,46.31999969482422,46.599998474121094,47.779998779296875,4410200.0,33.13734817504883
2004-12-02,49.060001373291016,46.5,46.5,48.349998474121094,4483300.0,33.532649993896484
2004-12-03,48.5,47.5,48.349998474121094,47.650001525878906,2602500.0,33.04719161987305
2004-12-06,48.20000076293945,47.4900016784668,47.709999084472656,47.540000915527344,2058900.0,32.97090148925781
2004-12-07,48.09000015258789,47.36000061035156,47.540000915527344,47.5,1648600.0,32.943153381347656
2004-12-08,48.04999923706055,47.45000076293945,47.540000915527344,47.470001220703125,2270700.0,32.92234802246094
2004-12-09,47.470001220703125,46.900001525878906,47.29999923706055,47.15999984741211,2720100.0,32.707359313964844
2004-12-10,47.45000076293945,46.59000015258789,47.45000076293945,46.66999816894531,2113800.0,32.36751937866211
2004-12-13,47.06999969482422,45.900001525878906,47.0,46.38999938964844,4053000.0,32.17333221435547
2004-12-14,48.61000061035156,46.709999084472656,46.849998474121094,47.9900016784668,5392900.0,33.282981872558594
2004-12-15,46.9900016784668,45.75,46.650001525878906,46.68000030517578,7471300.0,32.37444305419922
2004-12-16,47.150001525878906,46.20000076293945,46.68000030517578,46.25,2585600.0,32.07623291015625
2004-12-17,46.25,45.540000915527344,45.75,45.79999923706055,3896300.0,31.764131546020508
2004-12-20,46.20000076293945,45.459999084472656,45.79999923706055,45.68000030517578,2963100.0,31.680919647216797
2004-12-21,46.27000045776367,45.58000183105469,45.81999969482422,46.22999954223633,2502700.0,32.06235885620117
2004-12-22,47.25,45.58000183105469,45.70000076293945,46.91999816894531,2656300.0,32.540889739990234
2004-12-23,47.29999923706055,46.599998474121094,46.599998474121094,46.7400016784668,2967300.0,32.41605758666992
2004-12-27,47.75,46.619998931884766,47.119998931884766,46.790000915527344,1918600.0,32.45073699951172
2004-12-28,47.70000076293945,46.560001373291016,46.70000076293945,47.5,2567000.0,32.943153381347656
2004-12-29,48.400001525878906,47.5099983215332,47.5099983215332,48.38999938964844,3107600.0,33.56040954589844
2004-12-30,48.810001373291016,48.34000015258789,48.41999816894531,48.70000076293945,1552100.0,33.775394439697266
2004-12-31,49.439998626708984,48.58000183105469,48.599998474121094,49.16999816894531,1765900.0,34.101356506347656
2005-01-03,49.9900016784668,48.630001068115234,49.900001525878906,49.27000045776367,3793700.0,34.170711517333984
2005-01-04,49.5,47.630001068115234,49.27000045776367,47.70000076293945,3363100.0,33.081851959228516
2005-01-05,48.279998779296875,47.36000061035156,47.83000183105469,48.08000183105469,2826200.0,33.34541702270508
2005-01-06,48.900001525878906,46.81999969482422,48.0,47.02000045776367,4396700.0,32.61026382446289
2005-01-07,47.09000015258789,46.0,47.029998779296875,46.79999923706055,2906100.0,32.45767593383789
2005-01-10,47.689998626708984,46.560001373291016,46.560001373291016,47.27000045776367,1938000.0,32.78363800048828
2005-01-11,47.43000030517578,46.75,46.95000076293945,47.11000061035156,1745700.0,32.67267608642578
2005-01-12,47.95000076293945,47.060001373291016,47.11000061035156,47.81999969482422,2789400.0,33.16507339477539
2005-01-13,48.380001068115234,47.75,47.900001525878906,47.900001525878906,2429300.0,33.22056198120117
2005-01-14,48.650001525878906,47.349998474121094,47.75,48.31999969482422,2619000.0,33.511863708496094
2005-01-18,48.75,47.70000076293945,48.20000076293945,48.25,1863900.0,33.46331024169922
2005-01-19,48.279998779296875,47.43000030517578,48.189998626708984,47.5099983215332,2300900.0,32.95009231567383
2005-01-20,47.560001373291016,46.90999984741211,47.5,46.97999954223633,1803200.0,32.582515716552734
2005-01-21,47.2400016784668,46.040000915527344,47.029998779296875,46.18000030517578,2120900.0,32.027679443359375
2005-01-24,46.650001525878906,45.619998931884766,46.29999923706055,45.7400016784668,2324800.0,31.72252655029297
2005-01-25,46.400001525878906,45.90999984741211,46.0,46.060001373291016,1318900.0,31.9444522857666
2005-01-26,46.11000061035156,45.43000030517578,46.060001373291016,45.529998779296875,2890400.0,31.576871871948242
2005-01-27,45.849998474121094,45.400001525878906,45.540000915527344,45.689998626708984,2446200.0,31.687850952148438
2005-01-28,46.16999816894531,45.54999923706055,46.0,45.619998931884766,2163400.0,31.639291763305664
2005-01-31,47.2400016784668,45.79999923706055,45.9900016784668,47.0099983215332,2678600.0,32.60332489013672
2005-02-01,47.70000076293945,46.70000076293945,47.0099983215332,47.2400016784668,1850900.0,32.76284408569336
2005-02-02,47.5,46.86000061035156,47.2400016784668,47.08000183105469,1364300.0,32.651859283447266
2005-02-03,47.41999816894531,46.869998931884766,47.08000183105469,47.25,2399900.0,32.76976776123047
2005-02-04,47.209999084472656,46.79999923706055,47.099998474121094,47.04999923706055,2128000.0,32.63105773925781
2005-02-07,48.400001525878906,47.63999938964844,48.0,47.72999954223633,2531200.0,33.102664947509766
2005-02-08,47.88999938964844,47.25,47.849998474121094,47.599998474121094,1841800.0,33.01249694824219
2005-02-09,47.849998474121094,46.93000030517578,47.72999954223633,46.93000030517578,1123000.0,32.5478401184082
2005-02-10,47.66999816894531,46.95000076293945,47.150001525878906,47.5,966200.0,32.943153381347656
2005-02-11,47.95000076293945,46.75,47.349998474121094,47.68000030517578,1702700.0,33.067996978759766
2005-02-14,47.61000061035156,46.70000076293945,47.599998474121094,46.77000045776367,1318100.0,32.436859130859375
2005-02-15,47.560001373291016,46.84000015258789,46.84000015258789,47.400001525878906,1258400.0,32.8737907409668
2005-02-16,47.97999954223633,47.06999969482422,47.099998474121094,47.97999954223633,1661400.0,33.27605438232422
2005-02-17,47.88999938964844,46.90999984741211,47.84000015258789,46.90999984741211,2080200.0,32.533973693847656
2005-02-18,47.0099983215332,46.36000061035156,46.970001220703125,46.630001068115234,1334800.0,32.33976364135742
2005-02-22,46.959999084472656,45.650001525878906,46.54999923706055,45.849998474121094,2189600.0,31.79880714416504
2005-02-23,46.77000045776367,45.09000015258789,46.099998474121094,46.20000076293945,1957000.0,32.04155349731445
2005-02-24,46.709999084472656,45.2599983215332,46.5,45.900001525878906,3830100.0,31.833492279052734
2005-02-25,48.29999923706055,47.279998779296875,48.0,47.79999923706055,6868000.0,33.151214599609375
2005-02-28,48.2400016784668,47.650001525878906,47.79999923706055,47.869998931884766,2953800.0,33.199771881103516
2005-03-01,50.09000015258789,48.099998474121094,48.099998474121094,49.93000030517578,4199300.0,34.62846374511719
2005-03-02,50.439998626708984,49.5099983215332,49.93000030517578,50.040000915527344,3585200.0,34.70474624633789
2005-03-03,53.47999954223633,51.7599983215332,53.47999954223633,52.189998626708984,9600000.0,36.19584655761719
2005-03-04,53.470001220703125,52.310001373291016,52.849998474121094,53.29999923706055,3923600.0,36.96568298339844
2005-03-07,53.779998779296875,53.130001068115234,53.29999923706055,53.400001525878906,2479000.0,37.03504943847656
2005-03-08,53.599998474121094,53.11000061035156,53.5,53.5,2151800.0,37.104400634765625
2005-03-09,53.5,52.65999984741211,53.20000076293945,52.849998474121094,2709900.0,36.65359115600586
2005-03-10,54.0,52.939998626708984,53.04999923706055,53.70000076293945,1891700.0,37.24309539794922
2005-03-11,53.900001525878906,52.93000030517578,53.5099983215332,52.959999084472656,2258700.0,36.72988510131836
2005-03-14,53.310001373291016,52.560001373291016,53.08000183105469,53.0,1987100.0,36.75762176513672
2005-03-15,53.099998474121094,52.529998779296875,53.08000183105469,52.54999923706055,1751000.0,36.445533752441406
2005-03-16,52.599998474121094,51.560001373291016,52.400001525878906,51.90999984741211,2372900.0,36.00165939331055
2005-03-17,52.38999938964844,51.2400016784668,52.0,52.11000061035156,1608900.0,36.14037322998047
2005-03-18,52.2400016784668,50.79999923706055,52.119998931884766,51.029998779296875,4196400.0,35.3913459777832
2005-03-21,50.959999084472656,50.22999954223633,50.79999923706055,50.349998474121094,2493600.0,34.919742584228516
2005-03-22,51.34000015258789,50.18000030517578,50.650001525878906,50.29999923706055,2232800.0,34.88505554199219
2005-03-23,50.43000030517578,49.75,50.0,50.08000183105469,3779400.0,34.732479095458984
2005-03-24,50.849998474121094,50.02000045776367,50.5,50.560001373291016,2086000.0,35.065391540527344
2005-03-28,51.75,50.34000015258789,50.650001525878906,51.5,2334500.0,35.71731185913086
2005-03-29,51.65999984741211,50.16999816894531,51.400001525878906,50.459999084472656,2657700.0,34.996036529541016
2005-03-30,51.4900016784668,50.4900016784668,50.5,51.31999969482422,1907300.0,35.59247589111328
2005-03-31,52.029998779296875,50.9900016784668,51.0,51.630001068115234,2175100.0,35.8074836730957
2005-04-01,52.04999923706055,50.709999084472656,52.04999923706055,50.970001220703125,3054500.0,35.3497428894043
2005-04-04,51.16999816894531,50.20000076293945,50.959999084472656,50.86000061035156,2341200.0,35.27345275878906
2005-04-05,50.95000076293945,50.65999984741211,50.939998626708984,50.77000045776367,2393300.0,35.211036682128906
2005-04-06,51.16999816894531,50.470001220703125,50.95000076293945,50.61000061035156,1705000.0,35.100059509277344
2005-04-07,52.18000030517578,50.0099983215332,50.75,52.029998779296875,3621100.0,36.08488464355469
2005-04-08,52.150001525878906,51.18000030517578,51.900001525878906,51.2599983215332,2702200.0,35.55086898803711
2005-04-11,52.099998474121094,51.380001068115234,51.5099983215332,51.720001220703125,2310000.0,35.86989212036133
2005-04-12,52.849998474121094,51.599998474121094,51.650001525878906,52.56999969482422,2341700.0,36.45939254760742
2005-04-13,52.54999923706055,51.630001068115234,52.54999923706055,51.86000061035156,1535400.0,35.96699142456055
2005-04-14,52.40999984741211,51.29999923706055,52.0,51.31999969482422,2576600.0,35.59247589111328
2005-04-15,51.4900016784668,49.58000183105469,51.33000183105469,49.849998474121094,4077300.0,34.57298278808594
2005-04-18,50.709999084472656,49.7400016784668,50.02000045776367,50.630001068115234,2544100.0,35.11392593383789
2005-04-19,51.25,50.459999084472656,50.95000076293945,50.54999923706055,2216200.0,35.05845642089844
2005-04-20,51.02000045776367,48.900001525878906,50.36000061035156,48.9900016784668,3330100.0,33.976531982421875
2005-04-21,50.20000076293945,49.36000061035156,49.689998626708984,49.939998626708984,2265000.0,34.6353874206543
2005-04-22,49.869998931884766,48.189998626708984,49.849998474121094,48.58000183105469,2769500.0,33.69218063354492
2005-04-25,49.90999984741211,48.86000061035156,49.02000045776367,49.81999969482422,2148900.0,34.55216979980469
2005-04-26,49.81999969482422,49.119998931884766,49.560001373291016,49.33000183105469,1637600.0,34.21234130859375
2005-04-27,50.70000076293945,48.400001525878906,49.099998474121094,49.40999984741211,4400000.0,34.26781463623047
2005-04-28,49.709999084472656,48.52000045776367,49.119998931884766,48.560001373291016,2199500.0,33.67829132080078
2005-04-29,48.70000076293945,46.18000030517578,48.54999923706055,47.599998474121094,4854300.0,33.01249694824219
2005-05-02,47.599998474121094,46.4900016784668,47.599998474121094,47.09000015258789,5478300.0,32.65879821777344
2005-05-03,48.22999954223633,46.97999954223633,47.0,48.150001525878906,3921900.0,33.39396286010742
2005-05-04,49.38999938964844,48.54999923706055,48.54999923706055,49.33000183105469,3222800.0,34.21234130859375
2005-05-05,50.29999923706055,47.83000183105469,50.25,48.09000015258789,7224300.0,33.35234451293945
2005-05-06,48.7400016784668,47.79999923706055,48.34000015258789,47.869998931884766,2655500.0,33.199771881103516
2005-05-09,48.4900016784668,47.79999923706055,47.869998931884766,48.04999923706055,1422400.0,33.32460021972656
2005-05-10,48.95000076293945,47.79999923706055,47.95000076293945,48.33000183105469,2374500.0,33.518775939941406
2005-05-11,49.7599983215332,48.849998474121094,49.43000030517578,49.63999938964844,2971100.0,34.42733383178711
2005-05-12,50.29999923706055,49.150001525878906,49.349998474121094,49.36000061035156,3121500.0,34.2331428527832
2005-05-13,48.25,46.93000030517578,47.849998474121094,47.58000183105469,5170700.0,32.998634338378906
2005-05-16,47.9900016784668,47.099998474121094,47.41999816894531,47.75,2377100.0,33.116546630859375
2005-05-17,48.209999084472656,47.5,47.5,48.150001525878906,2029100.0,33.39396286010742
2005-05-18,49.36000061035156,48.189998626708984,48.2400016784668,49.2599983215332,1907800.0,34.163787841796875
2005-05-19,49.52000045776367,48.83000183105469,49.209999084472656,49.400001525878906,1445500.0,34.2608757019043
2005-05-20,49.27000045776367,48.560001373291016,49.27000045776367,49.150001525878906,1540600.0,34.087501525878906
2005-05-23,49.5,48.869998931884766,49.5,49.20000076293945,1789600.0,34.122169494628906
2005-05-24,48.9900016784668,48.27000045776367,48.9900016784668,48.33000183105469,2177600.0,33.518775939941406
2005-05-25,49.04999923706055,48.11000061035156,48.29999923706055,48.81999969482422,1697200.0,33.85863494873047
2005-05-26,49.099998474121094,48.40999984741211,48.84000015258789,48.77000045776367,1590200.0,33.82394790649414
2005-05-27,49.18000030517578,48.61000061035156,48.849998474121094,48.66999816894531,796700.0,33.75458526611328
2005-05-31,49.189998626708984,48.279998779296875,48.650001525878906,48.689998626708984,2284700.0,33.768470764160156
2005-06-01,51.47999954223633,50.150001525878906,50.45000076293945,51.04999923706055,3690800.0,35.40521240234375
2005-06-02,51.790000915527344,51.06999969482422,51.130001068115234,51.63999938964844,2060100.0,35.81441116333008
2005-06-03,52.2400016784668,51.439998626708984,51.45000076293945,51.75,2973400.0,35.890708923339844
2005-06-06,52.20000076293945,51.459999084472656,51.70000076293945,52.13999938964844,1684100.0,36.16117477416992
2005-06-07,52.97999954223633,52.06999969482422,52.13999938964844,52.75,2779500.0,36.58425521850586
2005-06-08,53.25,52.619998931884766,52.79999923706055,52.95000076293945,2516400.0,36.72295379638672
2005-06-09,55.040000915527344,52.61000061035156,52.93000030517578,55.040000915527344,5846200.0,38.17244338989258
2005-06-10,56.95000076293945,54.09000015258789,55.0,56.72999954223633,5345300.0,39.34453201293945
2005-06-13,56.72999954223633,55.560001373291016,56.400001525878906,55.689998626708984,3541500.0,38.62324523925781
2005-06-14,58.5,55.70000076293945,55.75,57.650001525878906,6336100.0,39.98258590698242
2005-06-15,57.70000076293945,56.5099983215332,57.70000076293945,57.0099983215332,4161000.0,39.538719177246094
2005-06-16,58.119998931884766,56.5,57.900001525878906,56.91999816894531,3238000.0,39.476295471191406
2005-06-17,57.220001220703125,56.099998474121094,57.220001220703125,56.439998626708984,2435900.0,39.14339828491211
2005-06-20,56.47999954223633,55.880001068115234,56.20000076293945,56.029998779296875,2610400.0,38.85905456542969
2005-06-21,56.13999938964844,55.349998474121094,56.0,55.70000076293945,2415600.0,38.63018798828125
2005-06-22,56.400001525878906,55.75,55.75,56.060001373291016,3364800.0,38.879852294921875
2005-06-23,56.400001525878906,55.47999954223633,56.0,55.59000015258789,2390200.0,38.55388641357422
2005-06-24,55.61000061035156,54.56999969482422,55.59000015258789,55.43000030517578,2641400.0,38.44293975830078
2005-06-27,55.75,54.77000045776367,55.150001525878906,55.599998474121094,2351100.0,38.56081771850586
2005-06-28,56.369998931884766,55.65999984741211,55.66999816894531,56.13999938964844,2707100.0,38.93533706665039
2005-06-29,56.88999938964844,55.560001373291016,56.220001220703125,55.68000030517578,2016900.0,38.61630630493164
2005-06-30,58.189998626708984,55.470001220703125,56.5,55.90999984741211,2330200.0,38.77582550048828
2005-07-01,56.380001068115234,55.2400016784668,56.15999984741211,55.77000045776367,1590400.0,38.678741455078125
2005-07-05,57.56999969482422,55.54999923706055,55.54999923706055,57.47999954223633,3197300.0,39.864681243896484
2005-07-06,57.79999923706055,56.970001220703125,57.349998474121094,57.45000076293945,3124000.0,39.84387969970703
2005-07-07,58.5,56.5,56.5,58.369998931884766,5508400.0,40.48193359375
2005-07-08,58.900001525878906,57.779998779296875,58.18000030517578,58.22999954223633,2782200.0,40.38483810424805
2005-07-11,58.77000045776367,57.380001068115234,58.7400016784668,57.689998626708984,2821700.0,40.01032638549805
2005-07-12,58.119998931884766,57.34000015258789,57.689998626708984,57.93000030517578,2027800.0,40.17678451538086
2005-07-13,58.099998474121094,57.29999923706055,58.099998474121094,57.470001220703125,1545400.0,39.85774230957031
2005-07-14,57.869998931884766,57.06999969482422,57.58000183105469,57.29999923706055,2520900.0,39.739845275878906
2005-07-15,57.5,57.06999969482422,57.380001068115234,57.43000030517578,1712800.0,39.83000946044922
2005-07-18,58.18000030517578,57.279998779296875,57.400001525878906,58.09000015258789,2833700.0,40.28774642944336
2005-07-19,58.150001525878906,57.66999816894531,57.9900016784668,57.9900016784668,3525300.0,40.218387603759766
2005-07-20,58.7400016784668,58.0099983215332,58.54999923706055,58.63999938964844,3581800.0,40.669193267822266
2005-07-21,58.40999984741211,56.79999923706055,58.40999984741211,56.869998931884766,2456800.0,39.44162368774414
2005-07-22,57.209999084472656,56.2400016784668,57.04999923706055,56.95000076293945,2479600.0,39.49711990356445
2005-07-25,57.18000030517578,56.08000183105469,56.97999954223633,56.16999816894531,1373900.0,38.95614242553711
2005-07-26,56.56999969482422,55.939998626708984,56.25,56.0,1841700.0,38.8382453918457
2005-07-27,56.099998474121094,55.2599983215332,56.099998474121094,55.97999954223633,2118200.0,38.82437515258789
2005-07-28,56.22999954223633,55.06999969482422,56.20000076293945,56.04999923706055,3014800.0,38.872920989990234
2005-07-29,56.52000045776367,55.91999816894531,56.02000045776367,56.349998474121094,1898100.0,39.08097457885742
2005-08-01,57.18000030517578,56.369998931884766,56.459999084472656,57.04999923706055,2440800.0,39.56645965576172
2005-08-02,57.439998626708984,56.459999084472656,57.0099983215332,57.27000045776367,2201600.0,39.71903610229492
2005-08-03,57.40999984741211,56.04999923706055,57.0,56.43000030517578,1848200.0,39.136470794677734
2005-08-04,55.9900016784668,54.75,55.25,55.630001068115234,4238800.0,38.58163833618164
2005-08-05,55.900001525878906,54.25,55.630001068115234,54.310001373291016,2561700.0,37.666168212890625
2005-08-08,55.25,54.75,55.150001525878906,54.810001373291016,2732400.0,38.012939453125
2005-08-09,55.5099983215332,54.29999923706055,55.20000076293945,54.650001525878906,2006300.0,37.90196990966797
2005-08-10,56.0,54.689998626708984,54.95000076293945,54.900001525878906,2464700.0,38.07536315917969
2005-08-11,56.5,54.72999954223633,56.0,54.75,5209700.0,37.97132110595703
2005-08-12,56.279998779296875,54.0,55.0,56.0,5491500.0,38.8382453918457
2005-08-15,56.20000076293945,55.0099983215332,56.0,55.4900016784668,2541900.0,38.48454284667969
2005-08-16,55.25,53.36000061035156,55.25,53.36000061035156,4027800.0,37.00729751586914
2005-08-17,55.25,53.5099983215332,53.56999969482422,54.459999084472656,3950000.0,37.77018737792969
2005-08-18,54.9900016784668,53.81999969482422,54.400001525878906,54.83000183105469,3321700.0,38.026817321777344
2005-08-19,55.720001220703125,54.779998779296875,55.349998474121094,55.41999816894531,3558100.0,38.435997009277344
2005-08-22,55.939998626708984,55.189998626708984,55.470001220703125,55.83000183105469,2365400.0,38.72034454345703
2005-08-23,56.060001373291016,55.2599983215332,55.68000030517578,55.720001220703125,2059000.0,38.64405822753906
2005-08-24,56.36000061035156,55.54999923706055,55.81999969482422,56.0,2946000.0,38.8382453918457
2005-08-25,56.58000183105469,55.380001068115234,55.95000076293945,56.4900016784668,3139200.0,39.1780891418457
2005-08-26,56.400001525878906,54.849998474121094,56.25,54.849998474121094,2633100.0,38.04067611694336
2005-08-29,54.529998779296875,53.880001068115234,54.349998474121094,54.189998626708984,2598200.0,37.58293151855469
2005-08-30,54.220001220703125,52.47999954223633,54.220001220703125,52.9900016784668,3279400.0,36.75068283081055
2005-08-31,53.36000061035156,51.880001068115234,53.09000015258789,52.45000076293945,5468400.0,36.376182556152344
2005-09-01,53.41999816894531,51.2599983215332,53.349998474121094,51.380001068115234,4407400.0,35.63407897949219
2005-09-02,51.95000076293945,51.0,51.650001525878906,51.20000076293945,3021700.0,35.50925827026367
2005-09-06,52.40999984741211,51.54999923706055,51.650001525878906,51.93000030517578,3041600.0,36.015541076660156
2005-09-07,52.779998779296875,51.5099983215332,51.79999923706055,52.70000076293945,3541500.0,36.54955291748047
2005-09-08,53.439998626708984,52.369998931884766,52.369998931884766,53.34000015258789,3621000.0,36.99342346191406
2005-09-09,53.61000061035156,52.45000076293945,53.59000015258789,52.75,2899500.0,36.58425521850586
2005-09-12,54.2400016784668,53.29999923706055,53.75,54.130001068115234,3376700.0,37.541324615478516
2005-09-13,54.11000061035156,53.279998779296875,54.11000061035156,53.36000061035156,2337600.0,37.00729751586914
2005-09-14,53.869998931884766,52.060001373291016,53.599998474121094,52.06999969482422,2214600.0,36.11262893676758
2005-09-15,52.90999984741211,51.619998931884766,52.209999084472656,51.790000915527344,2560600.0,35.91844940185547
2005-09-16,52.630001068115234,51.810001373291016,52.099998474121094,52.54999923706055,4077900.0,36.445533752441406
2005-09-19,52.68000030517578,51.310001373291016,52.25,51.459999084472656,2600100.0,35.689571380615234
2005-09-20,51.540000915527344,49.38999938964844,51.5,49.900001525878906,5515700.0,34.60765838623047
2005-09-21,49.599998474121094,47.869998931884766,49.400001525878906,48.220001220703125,7409700.0,33.44249725341797
2005-09-22,49.540000915527344,47.970001220703125,48.38999938964844,49.310001373291016,4541500.0,34.19846725463867
2005-09-23,50.04999923706055,48.90999984741211,49.66999816894531,49.0,3769200.0,33.983463287353516
2005-09-26,50.11000061035156,48.7599983215332,49.650001525878906,49.099998474121094,3627100.0,34.052818298339844
2005-09-27,49.56999969482422,48.66999816894531,49.20000076293945,49.279998779296875,2210400.0,34.177650451660156
2005-09-28,49.58000183105469,48.68000030517578,49.27000045776367,49.060001373291016,2872600.0,34.02507781982422
2005-09-29,50.25,48.70000076293945,49.0099983215332,49.7400016784668,3460700.0,34.49668502807617
2005-09-30,50.43000030517578,49.470001220703125,49.54999923706055,50.18000030517578,2547100.0,34.801841735839844
2005-10-03,50.130001068115234,48.58000183105469,50.099998474121094,48.790000915527344,3622300.0,33.83782196044922
2005-10-04,49.0,48.0,48.75,48.099998474121094,3428600.0,33.35927963256836
2005-10-05,48.40999984741211,47.43000030517578,48.04999923706055,47.54999923706055,3138500.0,32.97784423828125
2005-10-06,48.790000915527344,46.5099983215332,48.25,47.25,4878000.0,32.76976776123047
2005-10-07,48.209999084472656,47.470001220703125,47.720001220703125,48.08000183105469,2385900.0,33.34541702270508
2005-10-10,48.380001068115234,47.349998474121094,48.119998931884766,47.400001525878906,2115100.0,32.8737907409668
2005-10-11,47.869998931884766,46.56999969482422,47.40999984741211,46.59000015258789,2733300.0,32.312034606933594
2005-10-12,46.5,45.22999954223633,46.5,46.08000183105469,3318100.0,31.958337783813477
2005-10-13,46.84000015258789,45.56999969482422,46.0,46.70000076293945,2375700.0,32.38832473754883
2005-10-14,48.0099983215332,46.709999084472656,47.25,47.599998474121094,3398900.0,33.01249694824219
2005-10-17,47.959999084472656,46.790000915527344,47.5,47.959999084472656,1967700.0,33.26219177246094
2005-10-18,47.7599983215332,46.849998474121094,47.720001220703125,47.119998931884766,2472400.0,32.67961120605469
2005-10-19,47.689998626708984,45.790000915527344,46.88999938964844,47.630001068115234,3502200.0,33.033302307128906
2005-10-20,49.38999938964844,47.16999816894531,47.5,47.560001373291016,4258900.0,32.984764099121094
2005-10-21,47.91999816894531,46.880001068115234,47.869998931884766,47.15999984741211,3264800.0,32.707359313964844
2005-10-24,47.04999923706055,46.40999984741211,46.79999923706055,47.02000045776367,3578500.0,32.61026382446289
2005-10-25,47.400001525878906,46.060001373291016,47.02000045776367,46.31999969482422,3156500.0,32.12477493286133
2005-10-26,46.5,45.54999923706055,46.04999923706055,45.650001525878906,2883800.0,31.660106658935547
2005-10-27,45.790000915527344,43.630001068115234,45.650001525878906,43.810001373291016,5483900.0,30.38399314880371
2005-10-28,46.04999923706055,44.38999938964844,44.5,45.59000015258789,5488200.0,31.618494033813477
2005-10-31,48.400001525878906,46.400001525878906,46.5,48.130001068115234,7851900.0,33.38008499145508
2005-11-01,47.95000076293945,47.2599983215332,47.75,47.56999969482422,3331000.0,32.99170684814453
2005-11-02,48.95000076293945,47.77000045776367,47.77000045776367,48.150001525878906,3961900.0,33.39396286010742
2005-11-03,52.279998779296875,48.650001525878906,49.93000030517578,48.81999969482422,5934300.0,33.85863494873047
2005-11-04,49.02000045776367,47.83000183105469,49.0,48.880001068115234,2654700.0,33.900230407714844
2005-11-07,49.130001068115234,48.02000045776367,49.0,48.630001068115234,3031900.0,33.72686004638672
2005-11-08,48.540000915527344,48.0,48.5,48.20000076293945,2371600.0,33.428627014160156
2005-11-09,48.959999084472656,48.15999984741211,48.900001525878906,48.40999984741211,2481400.0,33.57427978515625
2005-11-10,49.2400016784668,47.529998779296875,48.099998474121094,49.119998931884766,4663300.0,34.066688537597656
2005-11-11,50.97999954223633,50.15999984741211,50.599998474121094,50.68000030517578,4062400.0,35.14860534667969
2005-11-14,50.59000015258789,49.599998474121094,49.650001525878906,50.15999984741211,4223000.0,34.787967681884766
2005-11-15,49.79999923706055,46.650001525878906,49.790000915527344,47.40999984741211,9503000.0,32.88072967529297
2005-11-16,48.630001068115234,47.75,47.900001525878906,48.33000183105469,3493800.0,33.518775939941406
2005-11-17,49.060001373291016,48.04999923706055,48.5,48.91999816894531,2838600.0,33.92798614501953
2005-11-18,49.38999938964844,48.560001373291016,49.150001525878906,49.22999954223633,2523800.0,34.142974853515625
2005-11-21,49.34000015258789,48.68000030517578,49.0,49.08000183105469,2205100.0,34.038944244384766
2005-11-22,49.04999923706055,48.16999816894531,48.16999816894531,48.77000045776367,3814800.0,33.82394790649414
2005-11-23,49.439998626708984,48.630001068115234,48.689998626708984,49.06999969482422,2327800.0,34.03200912475586
2005-11-25,49.2400016784668,48.5,49.130001068115234,49.20000076293945,1923600.0,34.122169494628906
2005-11-28,49.33000183105469,46.90999984741211,49.33000183105469,47.02000045776367,5734600.0,32.61026382446289
2005-11-29,47.0,45.86000061035156,47.0,45.95000076293945,5294200.0,31.8681583404541
2005-11-30,46.70000076293945,45.400001525878906,46.150001525878906,46.0,4240000.0,31.90283966064453
2005-12-01,46.84000015258789,45.5,45.54999923706055,46.4900016784668,4928500.0,32.24268341064453
2005-12-02,47.2400016784668,46.27000045776367,46.93000030517578,46.959999084472656,3088800.0,32.56863784790039
2005-12-05,46.779998779296875,45.36000061035156,46.529998779296875,46.119998931884766,3865600.0,31.986064910888672
2005-12-06,46.77000045776367,45.84000015258789,46.29999923706055,45.970001220703125,2781000.0,31.88203239440918
2005-12-07,46.5,45.630001068115234,45.630001068115234,46.0,4544500.0,31.90283966064453
2005-12-08,46.20000076293945,45.599998474121094,46.04999923706055,45.790000915527344,2420800.0,31.757192611694336
2005-12-09,46.18000030517578,45.400001525878906,45.79999923706055,46.0,2758000.0,31.90283966064453
2005-12-12,46.36000061035156,45.68000030517578,46.04999923706055,45.88999938964844,3753100.0,31.82654571533203
2005-12-13,45.849998474121094,45.40999984741211,45.650001525878906,45.650001525878906,3856400.0,31.660106658935547
2005-12-14,46.54999923706055,45.459999084472656,45.599998474121094,46.38999938964844,4538500.0,32.17333221435547
2005-12-15,46.58000183105469,45.34000015258789,46.40999984741211,45.56999969482422,2676100.0,31.6046142578125
2005-12-16,45.97999954223633,44.7400016784668,45.83000183105469,45.68000030517578,4721400.0,31.680919647216797
2005-12-19,46.880001068115234,45.779998779296875,45.900001525878906,46.279998779296875,3923000.0,32.0970344543457
2005-12-20,46.970001220703125,45.75,46.5,46.72999954223633,2166800.0,32.409122467041016
2005-12-21,46.91999816894531,46.5,46.7400016784668,46.810001373291016,2440200.0,32.46461486816406
2005-12-22,47.04999923706055,46.08000183105469,46.5,46.599998474121094,3226500.0,32.318965911865234
2005-12-23,48.97999954223633,47.25,47.5,48.70000076293945,4998600.0,33.775394439697266
2005-12-27,49.33000183105469,48.77000045776367,49.20000076293945,49.2400016784668,4648400.0,34.149898529052734
2005-12-28,49.33000183105469,48.58000183105469,49.2400016784668,48.79999923706055,3167200.0,33.844749450683594
2005-12-29,49.18000030517578,48.599998474121094,48.849998474121094,48.810001373291016,2203100.0,33.85169219970703
2005-12-30,49.150001525878906,48.31999969482422,48.40999984741211,48.599998474121094,2417600.0,33.706050872802734
2006-01-03,49.33000183105469,47.029998779296875,49.33000183105469,47.369998931884766,7008500.0,32.85299301147461
2006-01-04,47.06999969482422,46.08000183105469,46.79999923706055,46.97999954223633,5243300.0,32.582515716552734
2006-01-05,46.0,43.900001525878906,46.0,43.939998626708984,15545000.0,30.474145889282227
2006-01-06,44.83000183105469,43.720001220703125,44.400001525878906,44.5,8868500.0,30.862531661987305
2006-01-09,44.65999984741211,44.119998931884766,44.5,44.380001068115234,4667200.0,30.77931022644043
2006-01-10,45.130001068115234,44.2599983215332,44.36000061035156,45.029998779296875,3265000.0,31.2301025390625
2006-01-11,45.88999938964844,44.7599983215332,45.06999969482422,45.720001220703125,5777500.0,31.708656311035156
2006-01-12,46.349998474121094,45.439998626708984,45.900001525878906,45.70000076293945,3180500.0,31.694778442382812
2006-01-13,46.119998931884766,45.560001373291016,45.900001525878906,45.970001220703125,2772200.0,31.88203239440918
2006-01-17,45.66999816894531,45.130001068115234,45.5,45.58000183105469,2526100.0,31.611562728881836
2006-01-18,45.5,44.33000183105469,45.0,44.58000183105469,16786400.0,30.918027877807617
2006-01-19,44.869998931884766,44.41999816894531,44.83000183105469,44.47999954223633,3786400.0,30.848663330078125
2006-01-20,44.689998626708984,43.40999984741211,44.5099983215332,43.619998931884766,5901800.0,30.252227783203125
2006-01-23,43.61000061035156,42.779998779296875,43.52000045776367,43.029998779296875,3656100.0,29.843027114868164
2006-01-24,43.65999984741211,43.04999923706055,43.25,43.650001525878906,5044400.0,30.273021697998047
2006-01-25,45.41999816894531,44.400001525878906,44.5,45.349998474121094,4593900.0,31.452041625976562
2006-01-26,45.47999954223633,44.630001068115234,45.439998626708984,44.849998474121094,3327900.0,31.10527992248535
2006-01-27,45.09000015258789,43.959999084472656,44.7599983215332,44.20000076293945,4898600.0,30.65447425842285
2006-01-30,45.2599983215332,44.31999969482422,44.349998474121094,44.869998931884766,3137500.0,31.119140625
2006-01-31,44.599998474121094,44.0,44.52000045776367,44.38999938964844,3415900.0,30.786245346069336
2006-02-01,44.75,44.150001525878906,44.150001525878906,44.52000045776367,3135700.0,30.876407623291016
2006-02-02,45.599998474121094,44.560001373291016,44.56999969482422,45.290000915527344,4928100.0,31.410432815551758
2006-02-03,45.72999954223633,44.95000076293945,45.2400016784668,45.2400016784668,2627000.0,31.37575340270996
2006-02-06,45.310001373291016,43.970001220703125,45.060001373291016,44.33000183105469,3192900.0,30.7446346282959
2006-02-07,44.75,44.0,44.33000183105469,44.130001068115234,1867200.0,30.60593032836914
2006-02-08,45.040000915527344,43.900001525878906,44.13999938964844,44.970001220703125,1982700.0,31.18849754333496
2006-02-09,45.439998626708984,44.79999923706055,45.04999923706055,44.869998931884766,2157100.0,31.119140625
2006-02-10,45.2400016784668,44.439998626708984,44.7400016784668,45.130001068115234,1275100.0,31.299461364746094
2006-02-13,45.459999084472656,44.619998931884766,44.91999816894531,45.150001525878906,1341300.0,31.313344955444336
2006-02-14,45.720001220703125,45.119998931884766,45.31999969482422,45.52000045776367,2002500.0,31.569944381713867
2006-02-15,47.040000915527344,45.52000045776367,45.7599983215332,46.79999923706055,3500800.0,32.45767593383789
2006-02-16,47.08000183105469,46.54999923706055,46.849998474121094,46.849998474121094,2460900.0,32.49235153198242
2006-02-17,46.959999084472656,45.900001525878906,46.810001373291016,46.0099983215332,2175900.0,31.909778594970703
2006-02-21,47.2599983215332,45.400001525878906,47.2599983215332,45.439998626708984,2667700.0,31.51445770263672
2006-02-22,45.5,44.619998931884766,45.5,45.0,5412200.0,31.209312438964844
2006-02-23,45.150001525878906,44.5,45.0,44.5099983215332,3333900.0,30.869470596313477
2006-02-24,47.20000076293945,45.459999084472656,45.459999084472656,46.86000061035156,6665900.0,32.49928665161133
2006-02-27,47.47999954223633,46.529998779296875,46.779998779296875,47.29999923706055,2537500.0,32.804443359375
2006-02-28,48.75,47.33000183105469,47.5,48.11000061035156,4321200.0,33.366214752197266
2006-03-01,48.84000015258789,47.7599983215332,48.0,48.77000045776367,3208500.0,33.82394790649414
2006-03-02,49.97999954223633,48.47999954223633,48.72999954223633,49.029998779296875,4839800.0,34.00426483154297
2006-03-03,49.689998626708984,48.43000030517578,49.689998626708984,48.79999923706055,1592400.0,33.844749450683594
2006-03-06,50.650001525878906,49.959999084472656,50.20000076293945,50.529998779296875,4495700.0,35.04457473754883
2006-03-07,50.7599983215332,49.86000061035156,50.54999923706055,50.709999084472656,2779600.0,35.169410705566406
2006-03-08,50.630001068115234,49.630001068115234,50.400001525878906,50.29999923706055,2394900.0,34.88505554199219
2006-03-09,50.400001525878906,49.720001220703125,50.25,50.029998779296875,1692900.0,34.69780731201172
2006-03-10,51.119998931884766,49.84000015258789,50.099998474121094,50.790000915527344,2177100.0,35.22490692138672
2006-03-13,51.779998779296875,50.650001525878906,50.790000915527344,51.16999816894531,1782300.0,35.488441467285156
2006-03-14,52.13999938964844,50.65999984741211,50.75,51.939998626708984,2982300.0,36.0224723815918
2006-03-15,52.900001525878906,52.099998474121094,52.18000030517578,52.54999923706055,3631000.0,36.445533752441406
2006-03-16,52.84000015258789,52.0099983215332,52.650001525878906,52.0099983215332,3113100.0,36.07102584838867
2006-03-17,53.0,52.2599983215332,52.5,52.9900016784668,3261900.0,36.75068283081055
2006-03-20,52.779998779296875,51.54999923706055,52.75,51.83000183105469,2620500.0,35.94618225097656
2006-03-21,51.97999954223633,51.02000045776367,51.70000076293945,51.36000061035156,1952600.0,35.62022399902344
2006-03-22,52.060001373291016,50.779998779296875,51.20000076293945,51.84000015258789,1689700.0,35.953121185302734
2006-03-23,51.81999969482422,51.04999923706055,51.65999984741211,51.20000076293945,1271700.0,35.50925827026367
2006-03-24,51.29999923706055,50.529998779296875,51.18000030517578,50.81999969482422,2711500.0,35.24570846557617
2006-03-27,51.93000030517578,50.720001220703125,51.2599983215332,51.810001373291016,2710400.0,35.93230438232422
2006-03-28,52.20000076293945,51.29999923706055,51.880001068115234,51.95000076293945,2467300.0,36.029415130615234
2006-03-29,52.779998779296875,51.54999923706055,51.849998474121094,52.650001525878906,2595800.0,36.51488494873047
2006-03-30,53.52000045776367,52.40999984741211,52.5,53.349998474121094,4572700.0,37.000362396240234
2006-03-31,53.54999923706055,52.9900016784668,53.25,53.0099983215332,2557900.0,36.76455307006836
2006-04-03,53.099998474121094,51.61000061035156,52.5,51.7400016784668,3364900.0,35.88376235961914
2006-04-04,52.650001525878906,51.5099983215332,51.70000076293945,52.619998931884766,2042300.0,36.494075775146484
2006-04-05,53.0099983215332,52.439998626708984,52.619998931884766,52.5099983215332,2349700.0,36.417781829833984
2006-04-06,54.47999954223633,52.09000015258789,52.09000015258789,54.439998626708984,4241200.0,37.756324768066406
2006-04-07,54.70000076293945,53.33000183105469,54.400001525878906,53.400001525878906,3289400.0,37.03504943847656
2006-04-10,54.08000183105469,53.619998931884766,53.75,53.95000076293945,2364200.0,37.4164924621582
2006-04-11,53.83000183105469,53.15999984741211,53.79999923706055,53.52000045776367,3126200.0,37.11825942993164
2006-04-12,53.4900016784668,52.61000061035156,53.349998474121094,53.27000045776367,2014700.0,36.94488525390625
2006-04-13,52.900001525878906,52.34000015258789,52.900001525878906,52.630001068115234,3162300.0,36.500999450683594
2006-04-17,52.599998474121094,51.86000061035156,51.86000061035156,52.04999923706055,1870400.0,36.0987663269043
2006-04-18,53.970001220703125,52.11000061035156,52.150001525878906,53.459999084472656,3642400.0,37.07665252685547
2006-04-19,53.81999969482422,52.779998779296875,53.70000076293945,53.720001220703125,2489300.0,37.25697708129883
2006-04-20,54.279998779296875,53.22999954223633,53.720001220703125,53.810001373291016,2402900.0,37.31937789916992
2006-04-21,54.939998626708984,53.970001220703125,54.29999923706055,54.36000061035156,3307600.0,37.70085144042969
2006-04-24,54.380001068115234,52.689998626708984,53.5,54.119998931884766,3834400.0,37.53439712524414
2006-04-25,55.189998626708984,53.61000061035156,53.900001525878906,55.18000030517578,4663600.0,38.26953125
2006-04-26,56.290000915527344,55.400001525878906,55.5,56.0,4346800.0,38.8382453918457
2006-04-27,56.45000076293945,55.5,55.599998474121094,55.91999816894531,3601700.0,38.78275680541992
2006-04-28,56.279998779296875,55.349998474121094,55.91999816894531,55.84000015258789,2957100.0,38.72727966308594
2006-05-01,57.13999938964844,55.66999816894531,57.0,55.869998931884766,4607300.0,38.74808883666992
2006-05-02,56.5,55.54999923706055,55.97999954223633,56.45000076293945,2636200.0,39.15035629272461
2006-05-03,56.79999923706055,56.09000015258789,56.349998474121094,56.79999923706055,2385600.0,39.39307403564453
2006-05-04,58.04999923706055,56.16999816894531,57.77000045776367,57.77000045776367,4818100.0,40.0658073425293
2006-05-05,58.0,56.93000030517578,57.29999923706055,57.4900016784668,3754000.0,39.871612548828125
2006-05-08,57.880001068115234,56.79999923706055,57.20000076293945,57.060001373291016,2536600.0,39.573402404785156
2006-05-09,57.099998474121094,56.58000183105469,56.81999969482422,56.790000915527344,1974400.0,39.386146545410156
2006-05-10,57.31999969482422,56.290000915527344,56.68000030517578,57.04999923706055,2386900.0,39.56645965576172
2006-05-11,57.029998779296875,56.0,56.900001525878906,56.849998474121094,2832800.0,39.42775344848633
2006-05-12,57.459999084472656,55.0,57.459999084472656,56.650001525878906,5223300.0,39.28903579711914
2006-05-15,57.45000076293945,56.099998474121094,56.25,57.34000015258789,3111400.0,39.76759719848633
2006-05-16,57.5,56.720001220703125,57.45000076293945,56.869998931884766,4460400.0,39.44162368774414
2006-05-17,57.650001525878906,56.599998474121094,56.75,57.20000076293945,5342700.0,39.67049026489258
2006-05-18,58.0,57.06999969482422,57.400001525878906,57.25,5064500.0,39.70516586303711
2006-05-19,57.7599983215332,57.290000915527344,57.349998474121094,57.7599983215332,2571500.0,40.058876037597656
2006-05-22,57.93000030517578,56.869998931884766,57.5099983215332,57.5099983215332,3931100.0,39.88548278808594
2006-05-23,57.97999954223633,56.91999816894531,57.79999923706055,56.97999954223633,4550600.0,39.51791763305664
2006-05-24,57.099998474121094,55.02000045776367,57.0,55.68000030517578,6769100.0,38.61630630493164
2006-05-25,55.09000015258789,53.790000915527344,55.0,54.45000076293945,6135100.0,37.763248443603516
2006-05-26,54.7599983215332,53.83000183105469,54.43000030517578,54.130001068115234,3462700.0,37.541324615478516
2006-05-30,53.810001373291016,52.779998779296875,53.75,52.93000030517578,4843100.0,36.70907974243164
2006-05-31,53.7400016784668,53.189998626708984,53.349998474121094,53.689998626708984,5150400.0,37.236167907714844
2006-06-01,54.630001068115234,52.689998626708984,52.75,54.540000915527344,6368500.0,37.825679779052734
2006-06-02,55.0,53.29999923706055,55.0,54.33000183105469,3489100.0,37.68003845214844
2006-06-05,55.18000030517578,53.75,54.380001068115234,53.90999984741211,3517700.0,37.38874435424805
2006-06-06,54.290000915527344,53.25,54.150001525878906,54.04999923706055,4685900.0,37.4858512878418
2006-06-07,55.38999938964844,54.220001220703125,54.29999923706055,54.810001373291016,3297800.0,38.012939453125
2006-06-08,55.25,53.9900016784668,54.79999923706055,54.650001525878906,5916600.0,37.90196990966797
2006-06-09,55.400001525878906,54.45000076293945,55.150001525878906,54.459999084472656,3762400.0,37.77018737792969
2006-06-12,55.5,54.310001373291016,54.560001373291016,54.720001220703125,4126900.0,37.95050811767578
2006-06-13,55.95000076293945,54.900001525878906,55.150001525878906,55.0,4806900.0,38.14469909667969
2006-06-14,56.31999969482422,55.150001525878906,55.20000076293945,55.779998779296875,5111800.0,38.6856689453125
2006-06-15,57.689998626708984,55.34000015258789,55.65999984741211,57.56999969482422,4574300.0,39.927101135253906
2006-06-16,58.220001220703125,57.130001068115234,57.7400016784668,57.5,5057600.0,39.87855911254883
2006-06-19,58.400001525878906,57.56999969482422,57.849998474121094,57.77000045776367,4045600.0,40.0658073425293
2006-06-20,58.04999923706055,57.22999954223633,57.70000076293945,57.56999969482422,3768600.0,39.927101135253906
2006-06-21,58.290000915527344,56.77000045776367,57.529998779296875,58.0,3590800.0,40.22532653808594
2006-06-22,58.22999954223633,57.459999084472656,57.95000076293945,58.0,3034600.0,40.22532653808594
2006-06-23,58.099998474121094,57.61000061035156,57.880001068115234,57.81999969482422,2456500.0,40.10048294067383
2006-06-26,58.790000915527344,57.79999923706055,57.79999923706055,58.0,3955300.0,40.22532653808594
2006-06-27,58.150001525878906,56.86000061035156,57.849998474121094,56.9900016784668,2208400.0,39.52485275268555
2006-06-28,57.459999084472656,55.959999084472656,57.060001373291016,56.91999816894531,2945900.0,39.476295471191406
2006-06-29,58.779998779296875,56.91999816894531,56.91999816894531,58.77000045776367,4264900.0,40.75935363769531
2006-06-30,59.72999954223633,58.900001525878906,58.95000076293945,59.119998931884766,3207000.0,41.0020866394043
2006-07-03,59.29999923706055,58.2599983215332,59.29999923706055,58.45000076293945,1079900.0,40.537410736083984
2006-07-05,59.25,57.40999984741211,58.0,59.18000030517578,3354400.0,41.043704986572266
2006-07-06,60.09000015258789,58.709999084472656,58.849998474121094,59.81999969482422,5769800.0,41.48756790161133
2006-07-07,59.650001525878906,58.36000061035156,59.650001525878906,58.68000030517578,2544100.0,40.69694137573242
2006-07-10,59.4900016784668,58.68000030517578,59.0,58.849998474121094,2571100.0,40.81482696533203
2006-07-11,59.25,58.13999938964844,58.849998474121094,58.9900016784668,3146400.0,40.91193389892578
2006-07-12,58.5,57.09000015258789,58.189998626708984,57.2400016784668,4505400.0,39.698246002197266
2006-07-13,57.18000030517578,55.33000183105469,57.0,55.720001220703125,3627900.0,38.64405822753906
2006-07-14,55.72999954223633,54.33000183105469,55.5,54.900001525878906,2570300.0,38.07536315917969
2006-07-17,56.25,53.849998474121094,55.029998779296875,55.77000045776367,2548600.0,38.678741455078125
2006-07-18,55.4900016784668,53.0099983215332,54.900001525878906,54.0099983215332,6480900.0,37.458106994628906
2006-07-19,55.7599983215332,54.45000076293945,54.45000076293945,54.9900016784668,5660400.0,38.13776779174805
2006-07-20,55.25,54.06999969482422,55.25,54.279998779296875,3391600.0,37.64535140991211
2006-07-21,54.41999816894531,53.400001525878906,53.79999923706055,54.08000183105469,2731400.0,37.506649017333984
2006-07-24,55.689998626708984,54.459999084472656,54.529998779296875,55.470001220703125,2250300.0,38.470672607421875
2006-07-25,56.099998474121094,54.86000061035156,55.220001220703125,55.81999969482422,1778500.0,38.713409423828125
2006-07-26,55.66999816894531,54.2599983215332,55.5,54.36000061035156,2993100.0,37.70085144042969
2006-07-27,54.790000915527344,54.060001373291016,54.36000061035156,54.25,3577800.0,37.62453842163086
2006-07-28,55.349998474121094,54.5,54.75,55.209999084472656,2714200.0,38.29034423828125
2006-07-31,57.400001525878906,55.83000183105469,56.25,56.630001068115234,3019900.0,39.27518081665039
2006-08-01,56.630001068115234,55.560001373291016,56.29999923706055,56.61000061035156,1608400.0,39.261314392089844
2006-08-02,57.400001525878906,56.36000061035156,56.849998474121094,57.0,2496300.0,39.53179168701172
2006-08-03,58.38999938964844,56.279998779296875,56.5,58.119998931884766,3918700.0,40.308555603027344
2006-08-04,59.34000015258789,58.22999954223633,58.900001525878906,58.790000915527344,2486800.0,40.773216247558594
2006-08-07,59.349998474121094,58.25,58.790000915527344,59.060001373291016,3052300.0,40.960479736328125
2006-08-08,59.25,58.0,59.25,58.400001525878906,2592100.0,40.50273132324219
2006-08-09,59.0,57.43000030517578,58.529998779296875,57.54999923706055,2431900.0,39.913230895996094
2006-08-10,58.5,56.86000061035156,57.599998474121094,58.189998626708984,4014700.0,40.35709762573242
2006-08-11,60.93000030517578,59.220001220703125,60.5,60.7599983215332,6942500.0,42.13949966430664
2006-08-14,61.25,59.869998931884766,60.880001068115234,61.130001068115234,4772100.0,42.39611053466797
2006-08-15,61.720001220703125,60.63999938964844,61.45000076293945,61.52000045776367,3776400.0,42.66658401489258
2006-08-16,62.040000915527344,60.849998474121094,61.79999923706055,61.939998626708984,2930200.0,42.957862854003906
2006-08-17,62.45000076293945,61.61000061035156,61.97999954223633,62.06999969482422,1840800.0,43.04803466796875
2006-08-18,62.47999954223633,61.119998931884766,62.400001525878906,61.72999954223633,2468300.0,42.812225341796875
2006-08-21,61.290000915527344,60.22999954223633,61.25,61.130001068115234,3238800.0,42.39611053466797
2006-08-22,61.22999954223633,60.400001525878906,61.22999954223633,60.400001525878906,4662900.0,41.88982391357422
2006-08-23,61.0,60.0,60.400001525878906,60.88999938964844,3711600.0,42.22966384887695
2006-08-24,60.90999984741211,60.099998474121094,60.75,60.810001373291016,2407700.0,42.174171447753906
2006-08-25,60.75,59.95000076293945,60.70000076293945,60.29999923706055,3709900.0,41.82046127319336
2006-08-28,61.5,60.5,60.5,60.95000076293945,2718600.0,42.271270751953125
2006-08-29,62.72999954223633,60.97999954223633,61.04999923706055,62.59000015258789,4440900.0,43.40867614746094
2006-08-30,62.95000076293945,61.880001068115234,62.95000076293945,62.369998931884766,2830300.0,43.25609588623047
2006-08-31,63.61000061035156,62.0099983215332,63.0,62.5099983215332,3042300.0,43.35319137573242
2006-09-01,63.45000076293945,62.310001373291016,62.75,63.45000076293945,2186200.0,44.00511932373047
2006-09-05,63.68000030517578,63.13999938964844,63.650001525878906,63.459999084472656,1552200.0,44.01205062866211
2006-09-06,63.779998779296875,62.79999923706055,63.279998779296875,63.560001373291016,2274300.0,44.08140563964844
2006-09-07,64.93000030517578,63.310001373291016,63.5,64.23999786376953,2714500.0,44.55302429199219
2006-09-08,65.16999816894531,64.30000305175781,64.9000015258789,65.08999633789062,2570400.0,45.14251708984375
2006-09-11,66.19000244140625,64.75,65.18000030517578,65.5199966430664,3845500.0,45.44072723388672
2006-09-12,67.04000091552734,65.25,65.4800033569336,66.66000366210938,4405000.0,46.23137664794922
2006-09-13,67.4000015258789,66.12000274658203,66.5999984741211,67.3499984741211,4142400.0,46.70991897583008
2006-09-14,67.7699966430664,65.7300033569336,66.5,67.6500015258789,4280100.0,46.917991638183594
2006-09-15,67.94999694824219,66.41999816894531,67.94999694824219,66.8499984741211,4669500.0,46.36315155029297
2006-09-18,67.66999816894531,65.81999969482422,66.0999984741211,67.19000244140625,3137100.0,46.59895706176758
2006-09-19,67.8499984741211,66.81999969482422,67.44000244140625,67.56999969482422,2203300.0,46.86250305175781
2006-09-20,68.44000244140625,67.41999816894531,68.0,67.80000305175781,3359000.0,47.02201461791992
2006-09-21,68.0999984741211,66.13999938964844,68.0999984741211,66.4800033569336,7452400.0,46.10653305053711
2006-09-22,66.94000244140625,65.62000274658203,66.55000305175781,66.13999938964844,3531400.0,45.87073516845703
2006-09-25,67.6500015258789,65.6500015258789,66.13999938964844,67.05000305175781,4174800.0,46.50186538696289
2006-09-26,66.5,65.19999694824219,66.3499984741211,65.88999938964844,6995500.0,45.697349548339844
2006-09-27,66.62000274658203,65.3499984741211,66.41999816894531,65.9800033569336,4941700.0,45.75977325439453
2006-09-28,66.70999908447266,65.56999969482422,65.94999694824219,66.44999694824219,5722600.0,46.08573532104492
2006-09-29,66.81999969482422,64.72000122070312,66.69999694824219,64.91999816894531,4695300.0,45.02462387084961
2006-10-02,66.19999694824219,64.5999984741211,64.83999633789062,65.48999786376953,5629000.0,45.41993713378906
2006-10-03,68.12999725341797,65.0999984741211,67.25,67.52999877929688,10205100.0,46.83476257324219
2006-10-04,69.25,66.98999786376953,67.05000305175781,69.13999938964844,6150700.0,47.95137023925781
2006-10-05,68.44999694824219,67.18000030517578,68.0,67.91999816894531,3709500.0,47.10523223876953
2006-10-06,68.5999984741211,67.02999877929688,67.69999694824219,67.62999725341797,2793900.0,46.904117584228516
2006-10-09,69.19000244140625,67.0,67.63999938964844,69.0199966430664,3047200.0,47.86814498901367
2006-10-10,69.88999938964844,68.8499984741211,69.33000183105469,69.76000213623047,2783500.0,48.38135528564453
2006-10-11,70.23999786376953,69.19999694824219,69.72000122070312,69.4000015258789,3671400.0,48.1317024230957
2006-10-12,70.69999694824219,69.30000305175781,69.94999694824219,70.51000213623047,5137000.0,48.90151596069336
2006-10-13,70.6500015258789,69.83000183105469,70.05000305175781,70.4800033569336,2717300.0,48.88070297241211
2006-10-16,70.5199966430664,69.7699966430664,70.30000305175781,70.01000213623047,2120800.0,48.55473709106445
2006-10-17,69.98999786376953,68.83000183105469,69.75,69.73999786376953,2726000.0,48.367496490478516
2006-10-18,71.5,70.05000305175781,70.3499984741211,71.2300033569336,4443200.0,49.40086364746094
2006-10-19,71.9800033569336,70.66999816894531,71.2300033569336,71.05000305175781,1890500.0,49.276023864746094
2006-10-20,71.70999908447266,70.25,71.69999694824219,70.8499984741211,2940100.0,49.13731384277344
2006-10-23,73.61000061035156,70.58999633789062,70.77999877929688,73.58000183105469,4407900.0,51.03068161010742
2006-10-24,73.6500015258789,72.25,72.83000183105469,73.4800033569336,4112700.0,50.96131896972656
2006-10-25,74.44000244140625,71.79000091552734,73.48999786376953,71.9800033569336,3805600.0,49.92101287841797
2006-10-26,73.16999816894531,71.5999984741211,71.77999877929688,72.58000183105469,2584200.0,50.3371467590332
2006-10-27,72.6500015258789,71.58000183105469,72.30000305175781,72.2300033569336,2396500.0,50.094398498535156
2006-10-30,74.4000015258789,71.5,71.79000091552734,73.97000122070312,5052400.0,51.30116653442383
2006-10-31,73.68000030517578,70.5999984741211,73.05000305175781,70.5999984741211,6153200.0,48.96392822265625
2006-11-01,71.9000015258789,69.4000015258789,70.8499984741211,71.06999969482422,5008600.0,49.289894104003906
2006-11-02,71.5,68.61000061035156,68.80000305175781,70.54000091552734,6690400.0,48.92232894897461
2006-11-03,70.79000091552734,69.04000091552734,70.76000213623047,69.87999725341797,2741200.0,48.464569091796875
2006-11-06,72.16000366210938,69.81999969482422,69.87999725341797,71.55000305175781,2548100.0,49.62278747558594
2006-11-07,72.68000030517578,71.22000122070312,71.75,72.41999816894531,2480500.0,50.22618103027344
2006-11-08,74.12000274658203,72.0,72.18000030517578,73.44999694824219,3263200.0,50.940521240234375
2006-11-09,74.19000244140625,72.55000305175781,73.8499984741211,72.94000244140625,3738700.0,50.586814880371094
2006-11-10,73.95999908447266,71.69000244140625,72.0999984741211,73.69000244140625,4316100.0,51.106964111328125
2006-11-13,75.54000091552734,71.9000015258789,73.8499984741211,72.16999816894531,5539300.0,50.05278015136719
2006-11-14,73.5,72.44000244140625,73.0,73.12000274658203,4645700.0,50.71165084838867
2006-11-15,73.86000061035156,73.02999877929688,73.30000305175781,73.19000244140625,2830500.0,50.76018142700195
2006-11-16,73.75,72.69000244140625,73.19999694824219,73.19999694824219,2779300.0,50.76712417602539
2006-11-17,73.68000030517578,72.80000305175781,73.1500015258789,73.2699966430664,2431400.0,50.81568908691406
2006-11-20,73.29000091552734,71.62000274658203,73.0,71.68000030517578,3088700.0,49.712947845458984
2006-11-21,72.63999938964844,71.55000305175781,72.05000305175781,72.63999938964844,2319400.0,50.378746032714844
2006-11-22,73.0,71.3499984741211,72.68000030517578,71.6500015258789,2425600.0,49.69215393066406
2006-11-24,71.51000213623047,70.61000061035156,71.2300033569336,71.05000305175781,960700.0,49.276023864746094
2006-11-27,72.22000122070312,69.88999938964844,71.05000305175781,69.94999694824219,4330900.0,48.51313018798828
2006-11-28,70.0999984741211,68.79000091552734,68.8499984741211,69.12999725341797,4295500.0,47.94441604614258
2006-11-29,71.5199966430664,69.2300033569336,69.2300033569336,70.68000030517578,4927700.0,49.0194091796875
2006-11-30,70.13999938964844,68.30999755859375,69.69999694824219,69.5999984741211,6139300.0,48.27037811279297
2006-12-01,70.7300033569336,68.70999908447266,69.44999694824219,69.08999633789062,3781500.0,47.91668701171875
2006-12-04,70.9800033569336,69.26000213623047,69.4800033569336,70.73999786376953,2848300.0,49.06101989746094
2006-12-05,72.02999877929688,70.41999816894531,70.73999786376953,71.81999969482422,2225000.0,49.810054779052734
2006-12-06,71.9000015258789,70.30999755859375,71.70999908447266,70.55999755859375,2782000.0,48.936180114746094
2006-12-07,71.27999877929688,70.04000091552734,71.25,70.91999816894531,2623400.0,49.18586349487305
2006-12-08,71.55999755859375,70.51000213623047,70.76000213623047,71.02999877929688,2416300.0,49.26215744018555
2006-12-11,71.68000030517578,69.98999786376953,70.87999725341797,71.16000366210938,2218400.0,49.35231399536133
2006-12-12,71.02999877929688,69.2699966430664,70.91000366210938,69.87000274658203,3552100.0,48.4576416015625
2006-12-13,70.44999694824219,68.80999755859375,69.9000015258789,68.88999938964844,4613100.0,47.777976989746094
2006-12-14,71.12999725341797,69.1500015258789,69.19999694824219,70.9800033569336,3347700.0,49.22748565673828
2006-12-15,72.48999786376953,70.55999755859375,71.55000305175781,70.70999908447266,2942400.0,49.040225982666016
2006-12-18,72.08000183105469,71.16999816894531,71.5999984741211,71.54000091552734,2261400.0,49.61587142944336
2006-12-19,72.11000061035156,70.58999633789062,71.37999725341797,71.88999938964844,3166100.0,49.85858917236328
2006-12-20,71.45999908447266,70.06999969482422,71.25,70.5,4496500.0,48.89458465576172
2006-12-21,70.68000030517578,69.16999816894531,70.5,69.19999694824219,3146400.0,47.99296951293945
2006-12-22,70.2699966430664,69.1500015258789,69.4000015258789,69.81999969482422,1985900.0,48.4229736328125
2006-12-26,70.61000061035156,68.27999877929688,70.61000061035156,68.88999938964844,2147500.0,47.777976989746094
2006-12-27,69.30999755859375,67.66000366210938,67.9000015258789,69.1500015258789,3347600.0,47.95828628540039
2006-12-28,69.7699966430664,68.56999969482422,69.1500015258789,68.6500015258789,2303800.0,47.611534118652344
2006-12-29,69.62999725341797,68.16999816894531,68.83000183105469,68.43000030517578,2964200.0,47.458953857421875
2007-01-03,69.22000122070312,66.44000244140625,68.19999694824219,67.08000183105469,6626900.0,46.522666931152344
2007-01-04,68.69999694824219,67.22000122070312,67.80000305175781,67.68000030517578,5410700.0,46.93878936767578
2007-01-05,68.47000122070312,66.55000305175781,68.37000274658203,66.80000305175781,3306200.0,46.32847595214844
2007-01-08,66.58000183105469,65.83999633789062,66.3499984741211,66.25,4351400.0,45.9470329284668
2007-01-09,66.9000015258789,66.22000122070312,66.23999786376953,66.6500015258789,3673700.0,46.22445297241211
2007-01-10,67.80000305175781,66.19000244140625,67.0,67.62000274658203,3241900.0,46.897186279296875
2007-01-11,68.20999908447266,67.4000015258789,67.4000015258789,68.08000183105469,2501500.0,47.216209411621094
2007-01-12,68.36000061035156,67.30999755859375,67.69999694824219,68.25,2090000.0,47.334110260009766
2007-01-16,68.87000274658203,67.83000183105469,68.55000305175781,67.94000244140625,2419000.0,47.11912536621094
2007-01-17,68.8499984741211,67.58000183105469,67.87000274658203,67.9800033569336,2230400.0,47.1468620300293
2007-01-18,69.93000030517578,68.0,68.0999984741211,69.83000183105469,5103100.0,48.42991638183594
2007-01-19,69.9000015258789,69.12999725341797,69.9000015258789,69.52999877929688,2172100.0,48.22184371948242
2007-01-22,69.48999786376953,67.62999725341797,69.33000183105469,68.58000183105469,2732800.0,47.56299591064453
2007-01-23,69.44999694824219,68.4800033569336,68.8499984741211,69.08000183105469,2100600.0,47.90974426269531
2007-01-24,69.95999908447266,69.23999786376953,69.44999694824219,69.58000183105469,1714100.0,48.256507873535156
2007-01-25,69.79000091552734,68.5,69.5,68.54000091552734,2351100.0,47.53523635864258
2007-01-26,69.27999877929688,68.23999786376953,68.54000091552734,68.94999694824219,1892600.0,47.819583892822266
2007-01-29,70.37000274658203,69.3499984741211,69.98999786376953,69.62000274658203,2331300.0,48.284271240234375
2007-01-30,69.83000183105469,68.8499984741211,69.5999984741211,69.26000213623047,1566900.0,48.03458786010742
2007-01-31,71.0999984741211,69.0999984741211,69.0999984741211,70.91000366210938,2450500.0,49.17893981933594
2007-02-01,72.9000015258789,70.7699966430664,71.05000305175781,72.81999969482422,3020300.0,50.50358963012695
2007-02-02,73.72000122070312,72.58999633789062,72.80000305175781,73.1500015258789,2825000.0,50.732460021972656
2007-02-05,73.08000183105469,71.91999816894531,73.0,72.01000213623047,1979000.0,49.94182586669922
2007-02-06,73.54000091552734,72.36000061035156,72.36000061035156,73.18000030517578,1641500.0,50.753265380859375
2007-02-07,73.47000122070312,72.63999938964844,73.19999694824219,73.41999816894531,1879700.0,50.919700622558594
2007-02-08,74.23999786376953,72.2699966430664,74.1500015258789,72.5,2912400.0,50.281654357910156
2007-02-09,73.05000305175781,72.23999786376953,72.9000015258789,72.47000122070312,1738400.0,50.2608528137207
2007-02-12,73.0199966430664,71.77999877929688,72.72000122070312,71.83000183105469,1741500.0,49.816986083984375
2007-02-13,72.37000274658203,71.80000305175781,71.98999786376953,72.31999969482422,1630200.0,50.15681457519531
2007-02-14,73.23999786376953,72.01000213623047,72.30000305175781,73.02999877929688,2031800.0,50.649227142333984
2007-02-15,73.62000274658203,72.55000305175781,73.0,73.58000183105469,1277000.0,51.03068161010742
2007-02-16,73.91999816894531,73.05000305175781,73.3499984741211,73.81999969482422,1416000.0,51.1971321105957
2007-02-20,74.62999725341797,73.0199966430664,73.45999908447266,74.23999786376953,1595300.0,51.48843765258789
2007-02-21,74.08999633789062,73.38999938964844,73.70999908447266,73.63999938964844,1461700.0,51.072288513183594
2007-02-22,73.30000305175781,71.80000305175781,73.1500015258789,72.91999816894531,2886600.0,50.57292938232422
2007-02-23,73.30000305175781,72.3499984741211,72.97000122070312,72.5999984741211,1304800.0,50.351016998291016
2007-02-26,72.81999969482422,71.43000030517578,72.5999984741211,71.86000061035156,2207400.0,49.837791442871094
2007-02-27,70.86000061035156,68.55999755859375,70.61000061035156,69.0199966430664,3523900.0,47.86814498901367
2007-02-28,69.55000305175781,68.30999755859375,69.0,69.0,3680200.0,47.8542594909668
2007-03-01,68.69000244140625,65.55999755859375,68.0199966430664,67.52999877929688,4423400.0,46.83476257324219
2007-03-02,71.94000244140625,69.06999969482422,69.9000015258789,71.26000213623047,8196300.0,49.421661376953125
2007-03-05,71.48999786376953,70.19000244140625,70.51000213623047,70.19000244140625,2864800.0,48.679569244384766
2007-03-06,71.66000366210938,70.02999877929688,70.68000030517578,70.72000122070312,4012700.0,49.047142028808594
2007-03-07,71.2699966430664,70.2300033569336,70.75,71.0,2631100.0,49.2413444519043
2007-03-08,73.44000244140625,71.48999786376953,71.5999984741211,72.76000213623047,3914000.0,50.46198272705078
2007-03-09,73.4000015258789,72.26000213623047,73.19000244140625,72.81999969482422,1865300.0,50.50358963012695
2007-03-12,73.7300033569336,72.6500015258789,73.72000122070312,73.0,2317600.0,50.62842559814453
2007-03-13,72.79000091552734,70.9800033569336,72.41999816894531,71.52999877929688,3244900.0,49.60891342163086
2007-03-14,71.94999694824219,69.61000061035156,71.77999877929688,70.75,4058900.0,49.06796646118164
2007-03-15,72.98999786376953,71.0999984741211,72.0999984741211,72.7699966430664,2937300.0,50.468910217285156
2007-03-16,72.9000015258789,71.81999969482422,72.79000091552734,71.95999908447266,2956900.0,49.90714645385742
2007-03-19,73.08999633789062,72.37000274658203,72.6500015258789,72.97000122070312,2039200.0,50.60762023925781
2007-03-20,73.97000122070312,72.3499984741211,72.8499984741211,73.73999786376953,2622400.0,51.141639709472656
2007-03-21,74.58000183105469,73.26000213623047,73.66000366210938,74.05999755859375,2757100.0,51.363582611083984
2007-03-22,74.75,73.22000122070312,73.22000122070312,74.19999694824219,2654500.0,51.4606819152832
2007-03-23,75.79000091552734,73.87999725341797,75.0,75.43000030517578,3904700.0,52.313716888427734
2007-03-26,76.04000091552734,74.2300033569336,74.69999694824219,75.94999694824219,3228800.0,52.67436599731445
2007-03-27,76.18000030517578,74.62000274658203,75.45999908447266,76.02999877929688,4237700.0,52.729854583740234
2007-03-28,76.19999694824219,74.62999725341797,75.0999984741211,75.75,4682900.0,52.53565216064453
2007-03-29,76.41000366210938,75.18000030517578,76.1500015258789,76.22000122070312,3643700.0,52.86161804199219
2007-03-30,77.0,76.1500015258789,76.20999908447266,76.61000061035156,3091400.0,53.13211441040039
2007-04-02,77.61000061035156,76.05000305175781,76.5,77.48999786376953,2652200.0,53.74241638183594
2007-04-03,78.55999755859375,77.73999786376953,77.77999877929688,78.0,3619400.0,54.096134185791016
2007-04-04,78.12999725341797,77.58999633789062,78.04000091552734,77.9800033569336,2074000.0,54.08224105834961
2007-04-05,78.51000213623047,77.75,77.80000305175781,78.37999725341797,1598200.0,54.35967254638672
2007-04-09,78.75,77.48999786376953,78.11000061035156,78.47000122070312,2491800.0,54.422096252441406
2007-04-10,78.52999877929688,77.52999877929688,78.4000015258789,77.75,2730800.0,53.92274475097656
2007-04-11,78.06999969482422,76.58999633789062,77.80000305175781,77.19999694824219,2782200.0,53.54130172729492
2007-04-12,78.80000305175781,75.77999877929688,76.70999908447266,77.9800033569336,3250200.0,54.08224105834961
2007-04-13,78.29000091552734,76.7699966430664,78.0,77.23999786376953,2372700.0,53.569026947021484
2007-04-16,77.30000305175781,76.25,77.30000305175781,76.7699966430664,2796700.0,53.243064880371094
2007-04-17,78.0,76.66000366210938,77.06999969482422,77.94999694824219,2158000.0,54.061458587646484
2007-04-18,78.69999694824219,77.70999908447266,77.91999816894531,78.30999755859375,2047600.0,54.311134338378906
2007-04-19,79.0199966430664,77.7699966430664,79.0199966430664,78.58000183105469,1744900.0,54.49837112426758
2007-04-20,79.55000305175781,78.2300033569336,79.2300033569336,78.88999938964844,3113400.0,54.713382720947266
2007-04-23,78.87000274658203,77.83999633789062,78.80000305175781,77.91999816894531,1386700.0,54.0406379699707
2007-04-24,77.12999725341797,75.80000305175781,77.0,76.88999938964844,2687100.0,53.326290130615234
2007-04-25,77.9000015258789,76.83999633789062,77.33000183105469,77.7300033569336,1589600.0,53.90887451171875
2007-04-26,77.69999694824219,76.55000305175781,77.61000061035156,77.13999938964844,1349300.0,53.49967575073242
2007-04-27,77.19000244140625,75.87999725341797,76.77999877929688,76.33999633789062,1525300.0,52.94485092163086
2007-04-30,76.5199966430664,73.88999938964844,76.4000015258789,74.04000091552734,3763600.0,51.349708557128906
2007-05-01,74.94000244140625,72.76000213623047,73.55000305175781,74.63999938964844,5354300.0,51.765830993652344
2007-05-02,74.7699966430664,73.76000213623047,74.68000030517578,73.93000030517578,3868900.0,51.27342224121094
2007-05-03,74.4000015258789,72.66999816894531,74.1500015258789,73.19999694824219,4408700.0,50.76712417602539
2007-05-04,74.19999694824219,72.68000030517578,73.1500015258789,73.9800033569336,3283900.0,51.308109283447266
2007-05-07,74.76000213623047,73.68000030517578,74.01000213623047,74.52999877929688,2510800.0,51.68954849243164
2007-05-08,74.4000015258789,72.80000305175781,74.0199966430664,72.87999725341797,3299600.0,50.54519271850586
2007-05-09,73.56999969482422,72.48999786376953,72.69000244140625,73.55000305175781,4406100.0,51.00988006591797
2007-05-10,75.48999786376953,73.6500015258789,74.25,73.66000366210938,4421400.0,51.08615493774414
2007-05-11,74.01000213623047,72.0199966430664,73.76000213623047,72.5999984741211,3006100.0,50.351016998291016
2007-05-14,73.41999816894531,71.9000015258789,72.88999938964844,72.08999633789062,3071000.0,49.9973030090332
2007-05-15,72.79000091552734,71.4800033569336,72.08999633789062,71.62000274658203,3186100.0,49.67134475708008
2007-05-16,72.4800033569336,71.41000366210938,72.18000030517578,71.95999908447266,2296200.0,49.90714645385742
2007-05-17,74.33000183105469,73.0,73.44999694824219,74.16000366210938,3758100.0,51.43293762207031
2007-05-18,75.5,74.16000366210938,75.08999633789062,75.02999877929688,4518900.0,52.03630828857422
2007-05-21,75.1500015258789,73.5999984741211,74.75,73.8499984741211,3246700.0,51.21793746948242
2007-05-22,74.0,72.76000213623047,73.8499984741211,73.11000061035156,3200500.0,50.704708099365234
2007-05-23,75.4800033569336,73.31999969482422,73.56999969482422,73.80999755859375,5005400.0,51.19020462036133
2007-05-24,75.0,73.5199966430664,73.94999694824219,73.9800033569336,4503200.0,51.308109283447266
2007-05-25,74.87000274658203,73.08999633789062,73.1500015258789,73.56999969482422,1972500.0,51.02375411987305
2007-05-29,74.69999694824219,73.52999877929688,73.72000122070312,74.16999816894531,2769600.0,51.43985366821289
2007-05-30,75.01000213623047,73.27999877929688,73.55999755859375,75.01000213623047,2589800.0,52.0224494934082
2007-05-31,76.44000244140625,75.30000305175781,75.5,75.31999969482422,3248300.0,52.23744201660156
2007-06-01,76.2300033569336,75.30000305175781,75.72000122070312,76.0999984741211,3001900.0,52.77839279174805
2007-06-04,76.58999633789062,75.25,76.2699966430664,76.43000030517578,2011400.0,53.007266998291016
2007-06-05,76.43000030517578,75.2699966430664,76.43000030517578,75.88999938964844,3150800.0,52.63275146484375
2007-06-06,75.68000030517578,74.5999984741211,75.20999908447266,74.75,4015300.0,51.842105865478516
2007-06-07,74.75,72.19999694824219,74.2699966430664,72.22000122070312,4953700.0,50.08746337890625
2007-06-08,72.80999755859375,71.95999908447266,72.22000122070312,72.41000366210938,2699700.0,50.21923065185547
2007-06-11,72.33000183105469,71.43000030517578,72.05999755859375,72.05000305175781,3235700.0,49.96957015991211
2007-06-12,71.86000061035156,70.52999877929688,71.22000122070312,70.6500015258789,4523800.0,48.99862289428711
2007-06-13,71.01000213623047,69.55000305175781,71.01000213623047,70.8499984741211,6655600.0,49.13731384277344
2007-06-14,72.97000122070312,71.66999816894531,71.9000015258789,72.5,4021100.0,50.281654357910156
2007-06-15,73.37999725341797,71.37999725341797,72.55000305175781,71.43000030517578,4943400.0,49.53956604003906
2007-06-18,71.66999816894531,70.30000305175781,71.4800033569336,70.8499984741211,3979500.0,49.13731384277344
2007-06-19,71.4800033569336,69.80999755859375,70.48999786376953,71.0199966430664,4295600.0,49.255226135253906
2007-06-20,71.6500015258789,70.5199966430664,71.3499984741211,70.5199966430664,4117100.0,48.9084358215332
2007-06-21,71.4800033569336,69.3499984741211,70.48999786376953,71.37000274658203,4507600.0,49.497962951660156
2007-06-22,71.5,70.0199966430664,70.9000015258789,70.26000213623047,3570400.0,48.72814178466797
2007-06-25,71.12999725341797,69.52999877929688,70.25,69.62999725341797,3467200.0,48.29119110107422
2007-06-26,69.69999694824219,68.0999984741211,69.6500015258789,68.18000030517578,5358700.0,47.28554916381836
2007-06-27,71.20999908447266,69.25,69.25,71.19999694824219,6018300.0,49.38004684448242
2007-06-28,72.37999725341797,70.95999908447266,71.62000274658203,71.30999755859375,4421200.0,49.45634841918945
2007-06-29,71.63999938964844,70.4000015258789,71.4000015258789,71.02999877929688,2971800.0,49.26215744018555
2007-07-02,71.62000274658203,69.87999725341797,71.58000183105469,70.20999908447266,3237100.0,48.693443298339844
2007-07-03,70.55999755859375,69.0199966430664,70.48999786376953,69.70999908447266,2300300.0,48.3466796875
2007-07-05,70.43000030517578,69.44999694824219,69.69999694824219,70.1500015258789,2697400.0,48.65184020996094
2007-07-06,71.16000366210938,69.66999816894531,70.16000366210938,70.45999908447266,2548700.0,48.8668327331543
2007-07-09,70.43000030517578,68.58999633789062,70.1500015258789,69.44999694824219,4034900.0,48.166351318359375
2007-07-10,69.19999694824219,66.41999816894531,69.19999694824219,68.12000274658203,7375400.0,47.24394989013672
2007-07-11,68.95999908447266,67.80999755859375,68.38999938964844,68.44000244140625,4882400.0,47.46588897705078
2007-07-12,69.55000305175781,68.05000305175781,69.08999633789062,69.27999877929688,6053100.0,48.048458099365234
2007-07-13,69.0,68.30999755859375,68.83999633789062,68.68000030517578,2552500.0,47.63233947753906
2007-07-16,68.83999633789062,67.62000274658203,67.87999725341797,68.11000061035156,2474000.0,47.23701858520508
2007-07-17,68.94999694824219,65.81999969482422,68.94999694824219,66.95999908447266,7651400.0,46.4394416809082
2007-07-18,68.23999786376953,66.4000015258789,67.22000122070312,66.83000183105469,5381200.0,46.34929275512695
2007-07-19,67.31999969482422,66.0,67.19999694824219,66.61000061035156,3719600.0,46.19671630859375
2007-07-20,66.30000305175781,65.11000061035156,66.1500015258789,65.31999969482422,5284000.0,45.30204772949219
2007-07-23,66.08999633789062,64.7300033569336,65.83000183105469,65.02999877929688,3563000.0,45.100914001464844
2007-07-24,65.80999755859375,63.810001373291016,65.4000015258789,64.13999938964844,4672300.0,44.48366928100586
2007-07-25,64.9000015258789,63.779998779296875,64.9000015258789,64.22000122070312,5814800.0,44.53913879394531
2007-07-26,63.619998931884766,61.369998931884766,63.5,62.349998474121094,6663000.0,43.242218017578125
2007-07-27,62.849998474121094,61.79999923706055,61.93000030517578,61.88999938964844,4662900.0,42.923187255859375
2007-07-30,62.849998474121094,60.0,61.130001068115234,62.400001525878906,4170200.0,43.27689743041992
2007-07-31,63.18000030517578,60.75,63.06999969482422,60.79999923706055,5650300.0,42.167236328125
2007-08-01,61.439998626708984,58.86000061035156,60.869998931884766,59.900001525878906,6211800.0,41.543052673339844
2007-08-02,61.380001068115234,58.16999816894531,59.79999923706055,60.40999984741211,5443700.0,41.89675521850586
2007-08-03,60.63999938964844,57.31999969482422,60.22999954223633,57.31999969482422,7249500.0,39.75371551513672
2007-08-06,60.630001068115234,56.400001525878906,57.060001373291016,60.310001373291016,6070900.0,41.8274040222168
2007-08-07,61.81999969482422,58.79999923706055,59.83000183105469,60.540000915527344,6966800.0,41.98691177368164
2007-08-08,61.2400016784668,58.470001220703125,59.77000045776367,59.36000061035156,6687000.0,41.16853713989258
2007-08-09,61.63999938964844,58.40999984741211,58.58000183105469,59.63999938964844,7989000.0,41.362728118896484
2007-08-10,59.900001525878906,56.25,58.5,58.18000030517578,6871200.0,40.35015869140625
2007-08-13,60.630001068115234,59.029998779296875,59.06999969482422,59.220001220703125,4988600.0,41.071441650390625
2007-08-14,58.56999969482422,56.04999923706055,58.16999816894531,56.40999984741211,7023300.0,39.12258529663086
2007-08-15,58.45000076293945,55.81999969482422,56.119998931884766,55.939998626708984,4358100.0,38.796630859375
2007-08-16,59.0,54.939998626708984,55.939998626708984,58.25,4667400.0,40.398712158203125
2007-08-17,63.43000030517578,58.31999969482422,60.619998931884766,62.880001068115234,9586000.0,43.609806060791016
2007-08-20,63.20000076293945,59.970001220703125,63.0,60.56999969482422,8022000.0,42.00773239135742
2007-08-21,61.27000045776367,59.27000045776367,60.56999969482422,60.54999923706055,4427600.0,41.99384689331055
2007-08-22,61.5,59.400001525878906,61.15999984741211,59.95000076293945,4799000.0,41.577728271484375
2007-08-23,60.709999084472656,58.11000061035156,60.599998474121094,58.369998931884766,7626100.0,40.48193359375
2007-08-24,59.0,57.5,58.40999984741211,58.91999816894531,6106200.0,40.863372802734375
2007-08-27,59.31999969482422,57.02000045776367,58.58000183105469,57.04999923706055,5130400.0,39.56645965576172
2007-08-28,57.349998474121094,56.06999969482422,57.349998474121094,56.380001068115234,6156900.0,39.10179138183594
2007-08-29,57.77000045776367,56.2400016784668,56.959999084472656,57.75,6937200.0,40.05194091796875
2007-08-30,57.58000183105469,56.2599983215332,56.849998474121094,57.43000030517578,4920900.0,39.83000946044922
2007-08-31,59.59000015258789,57.86000061035156,58.25,59.29999923706055,5650700.0,41.12692642211914
2007-09-04,59.43000030517578,56.779998779296875,59.220001220703125,57.0099983215332,9678100.0,39.538719177246094
2007-09-05,56.880001068115234,54.0099983215332,56.880001068115234,55.2599983215332,10495500.0,38.32503128051758
2007-09-06,55.0,54.09000015258789,54.25,54.400001525878906,8149300.0,37.728580474853516
2007-09-07,54.63999938964844,52.66999816894531,53.400001525878906,53.939998626708984,5322900.0,37.4095573425293
2007-09-10,54.22999954223633,52.880001068115234,54.15999984741211,53.150001525878906,4114900.0,36.86165237426758
2007-09-11,54.349998474121094,52.5,53.45000076293945,53.7599983215332,4333600.0,37.28471755981445
2007-09-12,53.790000915527344,53.0099983215332,53.369998931884766,53.27000045776367,6053200.0,36.94488525390625
2007-09-13,57.279998779296875,53.83000183105469,54.0,56.5,8546100.0,39.18501281738281
2007-09-14,57.02000045776367,55.29999923706055,55.97999954223633,56.869998931884766,3734600.0,39.44162368774414
2007-09-17,57.349998474121094,55.06999969482422,56.880001068115234,55.88999938964844,5094200.0,38.7619514465332
2007-09-18,59.779998779296875,56.060001373291016,56.060001373291016,59.61000061035156,8438000.0,41.34192657470703
2007-09-19,61.54999923706055,59.15999984741211,60.0,59.31999969482422,7331500.0,41.140804290771484
2007-09-20,61.720001220703125,57.91999816894531,60.470001220703125,58.54999923706055,3654600.0,40.60676193237305
2007-09-21,60.900001525878906,58.54999923706055,59.15999984741211,60.27000045776367,6400900.0,41.79965591430664
2007-09-24,60.40999984741211,58.75,60.27000045776367,59.0,3550300.0,40.91885757446289
2007-09-25,57.90999984741211,56.75,57.90999984741211,57.709999084472656,4462900.0,40.024192810058594
2007-09-26,57.849998474121094,55.61000061035156,57.75,57.099998474121094,4346300.0,39.601139068603516
2007-09-27,57.779998779296875,56.119998931884766,57.779998779296875,56.810001373291016,3606700.0,39.4000129699707
2007-09-28,58.27000045776367,56.72999954223633,56.72999954223633,57.33000183105469,4197000.0,39.760650634765625
2007-10-01,58.349998474121094,56.130001068115234,57.08000183105469,57.599998474121094,4257900.0,39.947906494140625
2007-10-02,59.18000030517578,57.79999923706055,57.959999084472656,58.630001068115234,5909100.0,40.66225051879883
2007-10-03,60.790000915527344,58.650001525878906,58.779998779296875,60.02000045776367,5693300.0,41.62628173828125
2007-10-04,60.5,58.529998779296875,60.470001220703125,58.93000030517578,3238800.0,40.87031555175781
2007-10-05,61.2400016784668,59.599998474121094,59.939998626708984,61.16999816894531,4814900.0,42.42384338378906
2007-10-08,61.040000915527344,59.630001068115234,61.029998779296875,60.45000076293945,3454600.0,41.92449951171875
2007-10-09,61.43000030517578,59.540000915527344,60.810001373291016,60.2599983215332,4839600.0,41.792724609375
2007-10-10,61.70000076293945,59.529998779296875,60.130001068115234,61.11000061035156,3886900.0,42.382240295410156
2007-10-11,63.970001220703125,60.5099983215332,61.220001220703125,61.11000061035156,7987600.0,42.382240295410156
2007-10-12,61.5,59.95000076293945,61.38999938964844,60.619998931884766,3070600.0,42.042396545410156
2007-10-15,60.83000183105469,56.5,60.83000183105469,58.540000915527344,5333600.0,40.59983825683594
2007-10-16,58.599998474121094,56.41999816894531,58.18000030517578,57.560001373291016,4492900.0,39.920169830322266
2007-10-17,58.75,56.52000045776367,58.369998931884766,57.56999969482422,4924500.0,39.927101135253906
2007-10-18,57.150001525878906,55.220001220703125,57.150001525878906,55.939998626708984,6894400.0,38.796630859375
2007-10-19,56.79999923706055,54.72999954223633,55.709999084472656,54.869998931884766,5655400.0,38.05453872680664
2007-10-22,56.15999984741211,54.13999938964844,54.709999084472656,55.91999816894531,4496900.0,38.78275680541992
2007-10-23,56.84000015258789,53.43000030517578,56.619998931884766,55.13999938964844,8144100.0,38.24178695678711
2007-10-24,56.540000915527344,54.52000045776367,55.08000183105469,56.439998626708984,5629200.0,39.14339828491211
2007-10-25,58.09000015258789,55.36000061035156,56.81999969482422,55.849998474121094,5848100.0,38.73421096801758
2007-10-26,56.70000076293945,55.84000015258789,56.41999816894531,56.459999084472656,3473600.0,39.157264709472656
2007-10-29,57.4900016784668,56.27000045776367,56.27000045776367,57.099998474121094,3038100.0,39.601139068603516
2007-10-30,57.349998474121094,55.959999084472656,56.970001220703125,56.0099983215332,3576500.0,38.845176696777344
2007-10-31,56.36000061035156,54.25,56.209999084472656,54.970001220703125,6827400.0,38.123905181884766
2007-11-01,55.61000061035156,53.04999923706055,54.779998779296875,53.099998474121094,5906900.0,36.82697296142578
2007-11-02,53.849998474121094,51.84000015258789,53.849998474121094,52.810001373291016,6569300.0,36.625850677490234
2007-11-05,52.77000045776367,50.849998474121094,52.0,50.93000030517578,5444000.0,35.32199478149414
2007-11-06,52.060001373291016,50.11000061035156,51.380001068115234,50.880001068115234,5493700.0,35.287322998046875
2007-11-07,52.209999084472656,50.0,50.04999923706055,50.869998931884766,5519000.0,35.28038024902344
2007-11-08,50.31999969482422,48.11000061035156,50.0,49.15999984741211,8907200.0,34.09443664550781
2007-11-09,48.75,47.06999969482422,48.40999984741211,47.58000183105469,5692900.0,32.998634338378906
2007-11-12,50.36000061035156,47.529998779296875,47.529998779296875,48.59000015258789,6448600.0,33.69911575317383
2007-11-13,51.43000030517578,49.779998779296875,50.349998474121094,51.220001220703125,5840400.0,35.523128509521484
2007-11-14,52.91999816894531,49.0,52.91999816894531,49.380001068115234,5298200.0,34.24700927734375
2007-11-15,49.61000061035156,47.779998779296875,48.060001373291016,48.91999816894531,7012100.0,33.92798614501953
2007-11-16,49.79999923706055,48.0,48.16999816894531,49.68000030517578,9297400.0,34.45506286621094
2007-11-19,49.52000045776367,47.349998474121094,49.470001220703125,47.59000015258789,5739300.0,33.00556945800781
2007-11-20,49.41999816894531,46.9900016784668,47.7599983215332,48.7599983215332,8891600.0,33.8170166015625
2007-11-21,48.7599983215332,47.41999816894531,48.369998931884766,47.59000015258789,5159300.0,33.00556945800781
2007-11-23,49.13999938964844,48.220001220703125,48.29999923706055,48.720001220703125,3341900.0,33.789276123046875
2007-11-26,49.68000030517578,47.349998474121094,49.150001525878906,47.4900016784668,5480500.0,32.936222076416016
2007-11-27,48.77000045776367,47.38999938964844,47.54999923706055,48.060001373291016,4465900.0,33.33153533935547
2007-11-28,51.220001220703125,48.099998474121094,48.25,50.72999954223633,5911400.0,35.18328094482422
2007-11-29,50.630001068115234,48.63999938964844,50.630001068115234,49.34000015258789,4526400.0,34.21925735473633
2007-11-30,51.470001220703125,48.79999923706055,50.029998779296875,49.279998779296875,7203400.0,34.177650451660156
2007-12-03,50.36000061035156,48.7400016784668,49.7400016784668,49.220001220703125,6060800.0,34.136043548583984
2007-12-04,51.16999816894531,48.5,48.83000183105469,50.58000183105469,6093300.0,35.079261779785156
2007-12-05,52.2400016784668,50.119998931884766,51.02000045776367,50.70000076293945,4872500.0,35.1624870300293
2007-12-06,51.5,49.0,51.5,51.20000076293945,5216300.0,35.50925827026367
2007-12-07,52.45000076293945,51.099998474121094,51.400001525878906,52.16999816894531,3955000.0,36.18199157714844
2007-12-10,52.900001525878906,51.43000030517578,52.880001068115234,52.540000915527344,2698200.0,36.438602447509766
2007-12-11,52.7599983215332,48.970001220703125,52.72999954223633,49.400001525878906,4592600.0,34.2608757019043
2007-12-12,51.040000915527344,47.83000183105469,50.5,48.689998626708984,5888100.0,33.768470764160156
2007-12-13,48.810001373291016,47.16999816894531,47.9900016784668,47.84000015258789,5536300.0,33.178955078125
2007-12-14,47.75,46.59000015258789,47.75,46.689998626708984,3888000.0,32.38138198852539
2007-12-17,47.689998626708984,46.099998474121094,46.099998474121094,47.310001373291016,5057000.0,32.81138229370117
2007-12-18,47.849998474121094,46.5099983215332,47.56999969482422,47.36000061035156,3695900.0,32.84606170654297
2007-12-19,47.81999969482422,45.25,47.81999969482422,45.52000045776367,5868400.0,31.569944381713867
2007-12-20,46.119998931884766,44.22999954223633,45.7599983215332,45.31999969482422,4912900.0,31.43122673034668
2007-12-21,46.36000061035156,45.349998474121094,45.7599983215332,46.15999984741211,4545800.0,32.01380157470703
2007-12-24,47.0099983215332,46.16999816894531,46.650001525878906,46.400001525878906,1507800.0,32.18026351928711
2007-12-26,46.209999084472656,44.810001373291016,46.209999084472656,45.25,3219100.0,31.382686614990234
2007-12-27,45.33000183105469,44.15999984741211,44.84000015258789,44.95000076293945,4411500.0,31.174633026123047
2007-12-28,45.7400016784668,44.279998779296875,44.7400016784668,45.209999084472656,3371800.0,31.354955673217773
2007-12-31,46.119998931884766,44.86000061035156,44.970001220703125,45.79999923706055,4029600.0,31.764131546020508
2008-01-02,45.9900016784668,44.720001220703125,45.86000061035156,44.88999938964844,5100800.0,31.13301658630371
2008-01-03,45.130001068115234,43.08000183105469,44.95000076293945,43.119998931884766,4920900.0,29.905447006225586
2008-01-04,42.599998474121094,40.0,42.599998474121094,40.900001525878906,9890900.0,28.365793228149414
2008-01-07,41.72999954223633,40.58000183105469,41.220001220703125,41.22999954223633,6548200.0,28.594654083251953
2008-01-08,41.72999954223633,39.66999816894531,41.52000045776367,39.779998779296875,7415900.0,27.58902359008789
2008-01-09,40.880001068115234,38.16999816894531,39.84000015258789,40.869998931884766,7348700.0,28.344989776611328
2008-01-10,41.54999923706055,39.209999084472656,39.2400016784668,40.33000183105469,11295200.0,27.9704647064209
2008-01-11,40.040000915527344,38.16999816894531,40.040000915527344,38.33000183105469,8767100.0,26.583396911621094
2008-01-14,38.95000076293945,37.91999816894531,38.2400016784668,38.79999923706055,5712700.0,26.90935707092285
2008-01-15,38.72999954223633,37.310001373291016,38.400001525878906,38.43000030517578,6699100.0,26.652734756469727
2008-01-16,40.43000030517578,37.86000061035156,38.18000030517578,39.56999969482422,6573600.0,27.44338035583496
2008-01-17,41.0099983215332,38.7400016784668,40.13999938964844,39.2400016784668,8204300.0,27.21451759338379
2008-01-18,40.61000061035156,39.349998474121094,39.599998474121094,40.0,8873200.0,27.741605758666992
2008-01-22,43.59000015258789,38.13999938964844,38.13999938964844,42.88999938964844,12545600.0,29.745933532714844
2008-01-23,45.18000030517578,41.0,41.7599983215332,44.029998779296875,13302000.0,30.53656768798828
2008-01-24,45.13999938964844,42.689998626708984,44.25,43.06999969482422,9840600.0,29.87076759338379
2008-01-25,44.75,41.27000045776367,43.56999969482422,41.84000015258789,7290500.0,29.017719268798828
2008-01-28,43.630001068115234,41.08000183105469,41.810001373291016,43.470001220703125,5925100.0,30.14817237854004
2008-01-29,44.689998626708984,41.900001525878906,43.66999816894531,43.529998779296875,5124800.0,30.189804077148438
2008-01-30,44.029998779296875,42.279998779296875,43.27000045776367,43.119998931884766,7829800.0,29.905447006225586
2008-01-31,46.5,42.439998626708984,42.529998779296875,45.529998779296875,8304200.0,31.576871871948242
2008-02-01,46.27000045776367,44.90999984741211,45.560001373291016,45.93000030517578,7325600.0,31.85429573059082
2008-02-04,46.75,44.36000061035156,46.7400016784668,44.91999816894531,6741000.0,31.15382957458496
2008-02-05,45.560001373291016,43.16999816894531,43.2599983215332,43.25,7004000.0,29.99560546875
2008-02-06,44.5,42.400001525878906,43.65999984741211,42.91999816894531,10453800.0,29.766735076904297
2008-02-07,46.7599983215332,43.33000183105469,43.38999938964844,45.849998474121094,10833500.0,31.79880714416504
2008-02-08,47.349998474121094,44.56999969482422,45.52000045776367,44.66999816894531,7212700.0,30.980432510375977
2008-02-11,47.099998474121094,44.66999816894531,44.75,47.06999969482422,5484300.0,32.64493179321289
2008-02-12,48.38999938964844,46.619998931884766,47.810001373291016,47.22999954223633,6572900.0,32.75590515136719
2008-02-13,47.93000030517578,46.150001525878906,47.68000030517578,46.27000045776367,4869900.0,32.090087890625
2008-02-14,46.369998931884766,44.84000015258789,46.369998931884766,44.900001525878906,6413500.0,31.13994598388672
2008-02-15,45.20000076293945,44.130001068115234,44.81999969482422,44.70000076293945,5351400.0,31.001243591308594
2008-02-19,45.34000015258789,43.630001068115234,45.29999923706055,43.68000030517578,3946800.0,30.29383087158203
2008-02-20,46.18000030517578,43.25,43.38999938964844,46.06999969482422,5459100.0,31.951387405395508
2008-02-21,46.7599983215332,44.40999984741211,46.29999923706055,44.59000015258789,4590100.0,30.924938201904297
2008-02-22,45.11000061035156,43.58000183105469,44.369998931884766,45.04999923706055,3306100.0,31.243974685668945
2008-02-25,45.86000061035156,44.13999938964844,44.93000030517578,45.83000183105469,4611400.0,31.784936904907227
2008-02-26,48.04999923706055,45.790000915527344,45.790000915527344,47.25,5325600.0,32.76976776123047
2008-02-27,47.5,45.97999954223633,46.65999984741211,46.88999938964844,4854300.0,32.52009201049805
2008-02-28,46.81999969482422,44.61000061035156,46.81999969482422,45.2400016784668,5819300.0,31.37575340270996
2008-02-29,46.2400016784668,44.0,45.189998626708984,44.439998626708984,7930600.0,30.820932388305664
2008-03-03,45.77000045776367,44.08000183105469,45.29999923706055,45.310001373291016,6012700.0,31.424301147460938
2008-03-04,45.5,44.290000915527344,44.790000915527344,44.97999954223633,5096900.0,31.195430755615234
2008-03-05,45.900001525878906,44.25,45.060001373291016,44.68000030517578,4058200.0,30.98737335205078
2008-03-06,45.0,42.5,44.540000915527344,42.630001068115234,5391600.0,29.565614700317383
2008-03-07,43.5099983215332,41.619998931884766,42.20000076293945,42.83000183105469,5386600.0,29.704313278198242
2008-03-10,43.279998779296875,41.900001525878906,42.7599983215332,42.25,4831800.0,29.302078247070312
2008-03-11,44.27000045776367,41.9900016784668,43.119998931884766,43.439998626708984,4304800.0,30.127378463745117
2008-03-12,44.4900016784668,42.2599983215332,43.619998931884766,42.279998779296875,4356100.0,29.322872161865234
2008-03-13,42.189998626708984,40.779998779296875,41.61000061035156,41.56999969482422,7561900.0,28.830459594726562
2008-03-14,42.099998474121094,40.45000076293945,41.79999923706055,41.36000061035156,5073000.0,28.684816360473633
2008-03-17,40.59000015258789,38.400001525878906,40.38999938964844,39.970001220703125,7598400.0,27.720796585083008
2008-03-18,42.560001373291016,40.40999984741211,40.65999984741211,42.529998779296875,6074900.0,29.496259689331055
2008-03-19,43.779998779296875,42.47999954223633,42.65999984741211,42.79999923706055,6782000.0,29.683507919311523
2008-03-20,45.810001373291016,42.95000076293945,43.02000045776367,45.54999923706055,6804400.0,31.59075927734375
2008-03-24,47.56999969482422,45.5,45.63999938964844,46.56999969482422,4899900.0,32.29816818237305
2008-03-25,47.06999969482422,45.66999816894531,46.83000183105469,46.7400016784668,3951000.0,32.41605758666992
2008-03-26,46.40999984741211,44.79999923706055,46.40999984741211,45.16999816894531,3974600.0,31.32720184326172
2008-03-27,46.25,44.5099983215332,45.189998626708984,44.52000045776367,4947800.0,30.876407623291016
2008-03-28,43.290000915527344,41.58000183105469,42.06999969482422,42.33000183105469,7249600.0,29.357547760009766
2008-03-31,43.40999984741211,41.79999923706055,42.130001068115234,42.88999938964844,5244300.0,29.745933532714844
2008-04-01,45.97999954223633,43.209999084472656,43.209999084472656,45.59000015258789,6508700.0,31.618494033813477
2008-04-02,46.689998626708984,44.810001373291016,45.689998626708984,45.439998626708984,5749900.0,31.51445770263672
2008-04-03,45.13999938964844,43.880001068115234,44.91999816894531,44.75,5210700.0,31.03591537475586
2008-04-04,45.529998779296875,44.25,44.900001525878906,44.81999969482422,4159700.0,31.084470748901367
2008-04-07,45.560001373291016,43.52000045776367,45.06999969482422,43.630001068115234,5534800.0,30.259159088134766
2008-04-08,43.72999954223633,43.099998474121094,43.33000183105469,43.36000061035156,4563300.0,30.07189178466797
2008-04-09,44.029998779296875,42.02000045776367,43.29999923706055,42.400001525878906,5597000.0,29.40609359741211
2008-04-10,44.20000076293945,41.65999984741211,41.84000015258789,43.720001220703125,10261600.0,30.321569442749023
2008-04-11,43.619998931884766,42.349998474121094,43.18000030517578,42.61000061035156,7454900.0,29.55175018310547
2008-04-14,43.72999954223633,42.56999969482422,43.040000915527344,43.15999984741211,3978100.0,29.93318748474121
2008-04-15,44.150001525878906,43.09000015258789,43.310001373291016,43.970001220703125,3371900.0,30.49496078491211
2008-04-16,44.560001373291016,43.70000076293945,44.349998474121094,44.06999969482422,4053900.0,30.56430435180664
2008-04-17,44.72999954223633,43.630001068115234,44.02000045776367,44.54999923706055,4337600.0,30.89720916748047
2008-04-18,46.130001068115234,45.27000045776367,45.38999938964844,45.790000915527344,4680200.0,31.757192611694336
2008-04-21,46.310001373291016,45.13999938964844,45.630001068115234,46.09000015258789,3037200.0,31.96527862548828
2008-04-22,46.29999923706055,45.220001220703125,45.97999954223633,46.09000015258789,6634400.0,31.96527862548828
2008-04-23,47.70000076293945,45.599998474121094,46.18000030517578,47.63999938964844,7188000.0,33.0402717590332
2008-04-24,49.349998474121094,47.61000061035156,47.65999984741211,48.2599983215332,6722300.0,33.47024154663086
2008-04-25,50.900001525878906,48.58000183105469,48.58000183105469,50.650001525878906,8789100.0,35.127811431884766
2008-04-28,50.58000183105469,49.02000045776367,50.0099983215332,49.91999816894531,4411100.0,34.621517181396484
2008-04-29,50.93000030517578,49.18000030517578,49.7599983215332,50.459999084472656,4797700.0,34.996036529541016
2008-04-30,50.81999969482422,48.54999923706055,50.5,48.849998474121094,5959300.0,33.87942123413086
2008-05-01,50.11000061035156,47.0,48.650001525878906,48.97999954223633,8104300.0,33.96959686279297
2008-05-02,50.70000076293945,49.08000183105469,49.70000076293945,50.11000061035156,5928200.0,34.75328826904297
2008-05-05,49.95000076293945,48.150001525878906,49.75,48.20000076293945,6510000.0,33.428627014160156
2008-05-06,49.040000915527344,47.209999084472656,47.95000076293945,48.810001373291016,5424500.0,33.85169219970703
2008-05-07,50.2599983215332,48.459999084472656,48.7400016784668,48.720001220703125,5130000.0,33.789276123046875
2008-05-08,49.70000076293945,47.220001220703125,49.4900016784668,47.619998931884766,8681100.0,33.02637481689453
2008-05-09,48.77000045776367,46.779998779296875,47.04999923706055,47.7400016784668,4199200.0,33.10960006713867
2008-05-12,49.25,47.54999923706055,47.779998779296875,49.06999969482422,4370800.0,34.03200912475586
2008-05-13,49.15999984741211,48.16999816894531,49.06999969482422,48.58000183105469,4709400.0,33.69218063354492
2008-05-14,50.2400016784668,48.58000183105469,48.91999816894531,49.59000015258789,5795300.0,34.392662048339844
2008-05-15,50.810001373291016,48.5,50.31999969482422,50.4900016784668,7183600.0,35.01683807373047
2008-05-16,49.599998474121094,47.95000076293945,49.599998474121094,49.27000045776367,13269800.0,34.170711517333984
2008-05-19,49.47999954223633,48.0,49.47999954223633,48.130001068115234,4670500.0,33.38008499145508
2008-05-20,47.90999984741211,46.75,47.779998779296875,47.5,5433300.0,32.943153381347656
2008-05-21,47.9900016784668,44.88999938964844,47.4900016784668,45.2599983215332,6526700.0,31.389631271362305
2008-05-22,45.7599983215332,44.470001220703125,45.54999923706055,44.7400016784668,5709900.0,31.02899932861328
2008-05-23,44.560001373291016,42.560001373291016,44.560001373291016,43.220001220703125,6064000.0,29.974802017211914
2008-05-27,44.720001220703125,43.18000030517578,43.70000076293945,43.9900016784668,5355800.0,30.508832931518555
2008-05-28,45.099998474121094,43.900001525878906,44.65999984741211,44.34000015258789,7157300.0,30.751571655273438
2008-05-29,45.529998779296875,44.209999084472656,44.75,45.33000183105469,5709300.0,31.438167572021484
2008-05-30,45.58000183105469,44.31999969482422,45.369998931884766,44.79999923706055,3936900.0,31.070589065551758
2008-06-02,45.18000030517578,43.54999923706055,44.779998779296875,44.310001373291016,5960900.0,30.73076820373535
2008-06-03,45.08000183105469,44.0099983215332,44.47999954223633,44.7400016784668,5059400.0,31.02899932861328
2008-06-04,46.20000076293945,44.630001068115234,44.7599983215332,45.2400016784668,7201900.0,31.37575340270996
2008-06-05,47.099998474121094,45.810001373291016,45.95000076293945,46.93000030517578,8807300.0,32.5478401184082
2008-06-06,46.45000076293945,44.18000030517578,46.45000076293945,44.36000061035156,6695300.0,30.765438079833984
2008-06-09,45.04999923706055,43.02000045776367,44.75,43.349998474121094,5190800.0,30.0649471282959
2008-06-10,44.279998779296875,42.5,43.08000183105469,43.95000076293945,7493500.0,30.48108673095703
2008-06-11,44.11000061035156,42.59000015258789,43.75,42.59000015258789,6155700.0,29.537866592407227
2008-06-12,44.95000076293945,42.91999816894531,42.91999816894531,43.880001068115234,6474500.0,30.432540893554688
2008-06-13,45.599998474121094,43.9900016784668,44.08000183105469,45.56999969482422,6516800.0,31.6046142578125
2008-06-16,45.22999954223633,43.880001068115234,44.790000915527344,44.720001220703125,5329900.0,31.015111923217773
2008-06-17,45.220001220703125,44.099998474121094,44.9900016784668,44.709999084472656,5291600.0,31.008174896240234
2008-06-18,44.720001220703125,43.040000915527344,44.34000015258789,43.459999084472656,10999800.0,30.141246795654297
2008-06-19,45.310001373291016,43.349998474121094,43.349998474121094,45.20000076293945,9279100.0,31.348003387451172
2008-06-20,45.380001068115234,43.2400016784668,44.7400016784668,43.38999938964844,7976300.0,30.09271240234375
2008-06-23,44.52000045776367,41.790000915527344,43.599998474121094,41.970001220703125,8329600.0,29.107881546020508
2008-06-24,42.04999923706055,39.869998931884766,41.900001525878906,41.11000061035156,9262600.0,28.511432647705078
2008-06-25,43.20000076293945,41.13999938964844,41.36000061035156,42.04999923706055,7231600.0,29.163360595703125
2008-06-26,41.58000183105469,40.529998779296875,41.58000183105469,40.529998779296875,5238100.0,28.10918426513672
2008-06-27,41.59000015258789,40.529998779296875,40.529998779296875,41.380001068115234,8437300.0,28.698688507080078
2008-06-30,42.02000045776367,39.849998474121094,41.369998931884766,40.040000915527344,6782000.0,27.769344329833984
2008-07-01,41.150001525878906,38.86000061035156,39.5,41.0099983215332,8005100.0,28.44208526611328
2008-07-02,43.15999984741211,41.0,41.43000030517578,41.11000061035156,9620300.0,28.511432647705078
2008-07-03,42.900001525878906,41.2599983215332,41.380001068115234,42.52000045776367,5084300.0,29.48932456970215
2008-07-07,43.9900016784668,42.459999084472656,42.790000915527344,43.150001525878906,9568400.0,29.926244735717773
2008-07-08,44.56999969482422,43.09000015258789,43.34000015258789,44.439998626708984,7236800.0,30.820932388305664
2008-07-09,44.93000030517578,41.90999984741211,44.58000183105469,42.18000030517578,6939300.0,29.25351905822754
2008-07-10,42.22999954223633,38.9900016784668,42.22999954223633,39.939998626708984,14085200.0,27.69998550415039
2008-07-11,40.060001373291016,37.58000183105469,39.52000045776367,39.11000061035156,9643700.0,27.12435531616211
2008-07-14,40.0099983215332,38.0,39.66999816894531,38.29999923706055,4728700.0,26.562583923339844
2008-07-15,39.33000183105469,36.810001373291016,38.0,38.29999923706055,9030500.0,26.562583923339844
2008-07-16,40.619998931884766,37.900001525878906,38.279998779296875,40.349998474121094,9865400.0,27.98434066772461
2008-07-17,43.11000061035156,39.380001068115234,40.27000045776367,42.70000076293945,10467900.0,29.614158630371094
2008-07-18,43.93000030517578,41.86000061035156,43.93000030517578,42.939998626708984,8180400.0,29.78059959411621
2008-07-21,43.689998626708984,41.400001525878906,43.029998779296875,41.540000915527344,4999700.0,28.809650421142578
2008-07-22,42.939998626708984,40.47999954223633,41.470001220703125,42.90999984741211,6613600.0,29.759798049926758
2008-07-23,45.540000915527344,41.790000915527344,42.04999923706055,44.060001373291016,6564400.0,30.557384490966797
2008-07-24,44.65999984741211,42.369998931884766,44.65999984741211,42.61000061035156,4679400.0,29.55175018310547
2008-07-25,44.04999923706055,42.369998931884766,42.88999938964844,42.68000030517578,4244800.0,29.600296020507812
2008-07-28,43.04999923706055,41.209999084472656,42.61000061035156,41.59000015258789,5033800.0,28.84433364868164
2008-07-29,42.400001525878906,40.56999969482422,41.38999938964844,42.31999969482422,7395500.0,29.350624084472656
2008-07-30,43.38999938964844,41.349998474121094,42.529998779296875,42.099998474121094,7949200.0,29.19803237915039
2008-07-31,42.79999923706055,41.150001525878906,41.380001068115234,41.90999984741211,6421700.0,29.066265106201172
2008-08-01,42.36000061035156,40.900001525878906,42.25,42.11000061035156,4124300.0,29.204973220825195
2008-08-04,42.0,40.599998474121094,42.0,41.58000183105469,4900900.0,28.837404251098633
2008-08-05,45.099998474121094,41.939998626708984,41.939998626708984,44.560001373291016,9488700.0,30.904144287109375
2008-08-06,45.11000061035156,42.810001373291016,44.43000030517578,44.83000183105469,6239100.0,31.091400146484375
2008-08-07,45.150001525878906,42.5,42.880001068115234,44.13999938964844,7718100.0,30.612852096557617
2008-08-08,47.22999954223633,44.08000183105469,44.43000030517578,46.869998931884766,10030900.0,32.50621032714844
2008-08-11,52.70000076293945,46.2400016784668,46.869998931884766,51.0,22731900.0,35.37055206298828
2008-08-12,51.38999938964844,48.560001373291016,50.33000183105469,49.13999938964844,11231900.0,34.08055877685547
2008-08-13,48.869998931884766,46.70000076293945,48.84000015258789,47.59000015258789,8341800.0,33.00556945800781
2008-08-14,49.130001068115234,46.630001068115234,47.880001068115234,48.27000045776367,7021700.0,33.4771842956543
2008-08-15,52.25,49.70000076293945,49.70000076293945,51.790000915527344,17257700.0,35.91844940185547
2008-08-18,52.0,50.540000915527344,51.900001525878906,50.720001220703125,7865500.0,35.17636489868164
2008-08-19,50.5,48.38999938964844,50.5,48.81999969482422,6776500.0,33.85863494873047
2008-08-20,48.900001525878906,47.43000030517578,47.880001068115234,47.7400016784668,7605400.0,33.10960006713867
2008-08-21,48.0,46.02000045776367,47.20000076293945,47.959999084472656,7914200.0,33.26219177246094
2008-08-22,49.849998474121094,48.209999084472656,48.209999084472656,49.79999923706055,5625500.0,34.538307189941406
2008-08-25,49.630001068115234,48.060001373291016,48.97999954223633,48.11000061035156,3207300.0,33.366214752197266
2008-08-26,48.70000076293945,47.36000061035156,47.9900016784668,48.45000076293945,4269700.0,33.602012634277344
2008-08-27,48.93000030517578,47.56999969482422,47.86000061035156,48.310001373291016,4062600.0,33.504920959472656
2008-08-28,50.0,48.2400016784668,48.2400016784668,49.93000030517578,4915200.0,34.62846374511719
2008-08-29,49.84000015258789,48.959999084472656,49.5,49.16999816894531,3256500.0,34.101356506347656
2008-09-02,51.68000030517578,50.22999954223633,50.369998931884766,51.040000915527344,9723600.0,35.39828872680664
2008-09-03,52.470001220703125,50.720001220703125,51.68000030517578,52.459999084472656,9140900.0,36.38310623168945
2008-09-04,52.72999954223633,50.560001373291016,51.88999938964844,50.7400016784668,9854400.0,35.190223693847656
2008-09-05,51.209999084472656,49.189998626708984,50.099998474121094,51.040000915527344,6693500.0,35.39828872680664
2008-09-08,53.86000061035156,51.75,52.11000061035156,53.86000061035156,9902300.0,37.354061126708984
2008-09-09,55.029998779296875,52.40999984741211,53.459999084472656,52.58000183105469,11254400.0,36.466339111328125
2008-09-10,53.38999938964844,51.650001525878906,52.869998931884766,52.439998626708984,8989100.0,36.369239807128906
2008-09-11,52.560001373291016,51.150001525878906,51.400001525878906,52.529998779296875,8322300.0,36.431663513183594
2008-09-12,51.939998626708984,50.380001068115234,51.939998626708984,51.189998626708984,6826600.0,35.502315521240234
2008-09-15,52.099998474121094,49.779998779296875,49.790000915527344,50.06999969482422,10222600.0,34.72555160522461
2008-09-16,51.650001525878906,49.20000076293945,49.2400016784668,51.54999923706055,7949500.0,35.75198745727539
2008-09-17,51.2599983215332,48.88999938964844,50.63999938964844,48.9900016784668,8737700.0,33.976531982421875
2008-09-18,51.2400016784668,47.27000045776367,48.38999938964844,51.08000183105469,12453300.0,35.426029205322266
2008-09-19,56.0,49.0,54.060001373291016,49.97999954223633,10307400.0,34.66313171386719
2008-09-22,50.0,46.58000183105469,49.63999938964844,46.84000015258789,6908100.0,32.48542022705078
2008-09-23,48.25,46.33000183105469,46.470001220703125,46.5,4500800.0,32.2496223449707
2008-09-24,47.65999984741211,46.34000015258789,46.810001373291016,46.7599983215332,3949200.0,32.429931640625
2008-09-25,48.77000045776367,46.2400016784668,47.52000045776367,47.900001525878906,6562000.0,33.22056198120117
2008-09-26,49.20000076293945,46.33000183105469,46.900001525878906,49.130001068115234,6285600.0,34.073631286621094
2008-09-29,48.130001068115234,43.970001220703125,47.709999084472656,45.380001068115234,10178200.0,31.472848892211914
2008-09-30,46.45000076293945,44.599998474121094,46.130001068115234,46.08000183105469,4352100.0,31.958337783813477
2008-10-01,45.849998474121094,44.20000076293945,45.38999938964844,44.47999954223633,5982900.0,30.848663330078125
2008-10-02,44.349998474121094,41.720001220703125,44.13999938964844,42.38999938964844,7955700.0,29.399168014526367
2008-10-03,43.47999954223633,41.310001373291016,43.0099983215332,41.470001220703125,7980700.0,28.761110305786133
2008-10-06,41.68000030517578,37.810001373291016,40.279998779296875,40.599998474121094,10791300.0,28.157726287841797
2008-10-07,41.540000915527344,38.0,40.779998779296875,38.15999984741211,8536500.0,26.46548843383789
2008-10-08,40.08000183105469,36.7400016784668,36.95000076293945,37.150001525878906,14649300.0,25.7650203704834
2008-10-09,38.52000045776367,32.599998474121094,38.52000045776367,33.15999984741211,9076900.0,22.997787475585938
2008-10-10,33.58000183105469,29.8700008392334,31.420000076293945,31.709999084472656,14555500.0,21.99215316772461
2008-10-13,34.84000015258789,31.950000762939453,33.470001220703125,33.709999084472656,11720500.0,23.379236221313477
2008-10-14,35.959999084472656,31.540000915527344,35.41999816894531,32.5,7682000.0,22.54005241394043
2008-10-15,32.5,29.0,31.889999389648438,29.09000015258789,7480300.0,20.175079345703125
2008-10-16,30.6200008392334,27.100000381469727,29.079999923706055,30.43000030517578,11912500.0,21.10442352294922
2008-10-17,31.940000534057617,29.6200008392334,30.09000015258789,30.489999771118164,7220700.0,21.146038055419922
2008-10-20,31.540000915527344,30.360000610351562,30.780000686645508,31.540000915527344,6336700.0,21.874252319335938
2008-10-21,32.790000915527344,30.989999771118164,30.989999771118164,32.08000183105469,8152200.0,22.248769760131836
2008-10-22,31.790000915527344,28.829999923706055,31.290000915527344,30.239999771118164,10024500.0,20.972652435302734
2008-10-23,30.34000015258789,27.1299991607666,30.34000015258789,28.260000228881836,10973600.0,19.599445343017578
2008-10-24,28.3700008392334,25.18000030517578,25.989999771118164,27.360000610351562,8393100.0,18.97525405883789
2008-10-27,28.969999313354492,26.6299991607666,26.899999618530273,27.260000228881836,7073600.0,18.905906677246094
2008-10-28,30.34000015258789,27.459999084472656,28.290000915527344,29.799999237060547,11551700.0,20.667491912841797
2008-10-29,33.400001525878906,28.920000076293945,28.920000076293945,31.049999237060547,10250400.0,21.534420013427734
2008-10-30,33.970001220703125,32.119998931884766,32.119998931884766,33.86000061035156,9602800.0,23.4832706451416
2008-10-31,36.720001220703125,33.650001525878906,33.65999984741211,35.130001068115234,9456700.0,24.364070892333984
2008-11-03,35.540000915527344,33.150001525878906,35.029998779296875,33.41999816894531,4553200.0,23.17810821533203
2008-11-04,35.63999938964844,33.72999954223633,34.150001525878906,35.060001373291016,6167800.0,24.31551742553711
2008-11-05,35.400001525878906,33.0,34.650001525878906,33.33000183105469,5986600.0,23.11568832397461
2008-11-06,35.2599983215332,32.5,33.38999938964844,33.380001068115234,9343700.0,23.150371551513672
2008-11-07,34.61000061035156,32.66999816894531,33.720001220703125,34.209999084472656,4963900.0,23.726001739501953
2008-11-10,34.9900016784668,32.529998779296875,34.97999954223633,33.08000183105469,6476700.0,22.942306518554688
2008-11-11,32.400001525878906,29.950000762939453,32.25,30.690000534057617,9477200.0,21.284744262695312
2008-11-12,30.719999313354492,28.489999771118164,30.0,28.8700008392334,6039900.0,20.022504806518555
2008-11-13,30.56999969482422,26.850000381469727,28.799999237060547,30.56999969482422,7804300.0,21.201519012451172
2008-11-14,31.889999389648438,28.889999389648438,29.6200008392334,29.09000015258789,9004100.0,20.175079345703125
2008-11-17,29.56999969482422,27.399999618530273,28.68000030517578,27.450000762939453,5187200.0,19.037681579589844
2008-11-18,28.760000228881836,27.1200008392334,27.3799991607666,28.1299991607666,6030300.0,19.50928497314453
2008-11-19,28.290000915527344,26.15999984741211,27.93000030517578,26.389999389648438,6164500.0,18.302518844604492
2008-11-20,28.68000030517578,24.799999237060547,26.0,24.979999542236328,11710700.0,17.32463264465332
2008-11-21,26.309999465942383,24.280000686645508,26.110000610351562,26.149999618530273,9804700.0,18.136075973510742
2008-11-24,30.93000030517578,25.65999984741211,26.579999923706055,30.020000457763672,8480900.0,20.820070266723633
2008-11-25,30.809999465942383,28.5,30.209999084472656,30.030000686645508,6635400.0,20.827009201049805
2008-11-26,33.0,29.350000381469727,29.350000381469727,32.709999084472656,6152400.0,22.68569564819336
2008-11-28,32.88999938964844,31.969999313354492,32.54999923706055,32.65999984741211,2291600.0,22.651023864746094
2008-12-01,31.8700008392334,28.899999618530273,31.459999084472656,29.09000015258789,5399200.0,20.175079345703125
2008-12-02,30.979999542236328,28.350000381469727,29.309999465942383,30.700000762939453,5300400.0,21.29167938232422
2008-12-03,33.81999969482422,29.729999542236328,29.940000534057617,33.369998931884766,7108500.0,23.143434524536133
2008-12-04,35.619998931884766,32.310001373291016,32.310001373291016,34.31999969482422,8459800.0,23.80229377746582
2008-12-05,35.65999984741211,32.150001525878906,33.43000030517578,35.619998931884766,6431400.0,24.70389747619629
2008-12-08,38.66999816894531,36.20000076293945,36.5,37.619998931884766,7419500.0,26.090972900390625
2008-12-09,37.58000183105469,35.939998626708984,37.13999938964844,36.439998626708984,5688700.0,25.27259635925293
2008-12-10,37.31999969482422,35.72999954223633,36.58000183105469,37.0099983215332,4486400.0,25.667917251586914
2008-12-11,36.91999816894531,34.939998626708984,36.709999084472656,35.220001220703125,5567200.0,24.426490783691406
2008-12-12,35.959999084472656,33.91999816894531,34.150001525878906,35.349998474121094,4760000.0,24.516647338867188
2008-12-15,35.88999938964844,33.61000061035156,35.439998626708984,34.84000015258789,4554500.0,24.16292953491211
2008-12-16,37.54999923706055,35.400001525878906,35.40999984741211,37.439998626708984,5796800.0,25.966144561767578
2008-12-17,38.0,36.56999969482422,37.130001068115234,37.470001220703125,6294200.0,25.986953735351562
2008-12-18,37.61000061035156,36.060001373291016,37.61000061035156,36.540000915527344,5306300.0,25.341949462890625
2008-12-19,37.400001525878906,34.779998779296875,37.2400016784668,35.68000030517578,7674800.0,24.74550437927246
2008-12-22,35.88999938964844,33.59000015258789,35.529998779296875,33.9900016784668,4829300.0,23.57343101501465
2008-12-23,34.72999954223633,32.459999084472656,34.119998931884766,32.66999816894531,6597300.0,22.657949447631836
2008-12-24,33.790000915527344,32.59000015258789,32.88999938964844,33.540000915527344,1748500.0,23.261333465576172
2008-12-26,33.849998474121094,33.0,33.4900016784668,33.36000061035156,1697400.0,23.136499404907227
2008-12-29,34.08000183105469,32.7400016784668,33.439998626708984,33.7599983215332,3288100.0,23.413915634155273
2008-12-30,34.79999923706055,33.119998931884766,34.08000183105469,34.79999923706055,3708000.0,24.135189056396484
2008-12-31,36.5,34.47999954223633,34.79999923706055,36.20000076293945,3263700.0,25.10614776611328
2009-01-02,37.720001220703125,35.77000045776367,36.31999969482422,37.560001373291016,3423200.0,26.04936408996582
2009-01-05,37.91999816894531,36.77000045776367,37.18000030517578,37.560001373291016,5191400.0,26.04936408996582
2009-01-06,39.470001220703125,37.29999923706055,37.939998626708984,39.209999084472656,6553600.0,27.193710327148438
2009-01-07,38.959999084472656,37.189998626708984,38.650001525878906,37.72999954223633,5933400.0,26.16726303100586
2009-01-08,39.540000915527344,36.720001220703125,38.650001525878906,39.33000183105469,8657600.0,27.276935577392578
2009-01-09,39.5,37.15999984741211,39.4900016784668,37.290000915527344,6920800.0,25.862110137939453
2009-01-12,37.68000030517578,36.290000915527344,37.119998931884766,36.72999954223633,4079200.0,25.473724365234375
2009-01-13,37.689998626708984,36.0,36.4900016784668,36.45000076293945,5135100.0,25.2795352935791
2009-01-14,36.130001068115234,35.04999923706055,35.810001373291016,35.66999816894531,4873000.0,24.738574981689453
2009-01-15,38.27000045776367,35.56999969482422,36.33000183105469,37.689998626708984,6232400.0,26.139514923095703
2009-01-16,38.459999084472656,37.15999984741211,38.43000030517578,38.150001525878906,5524800.0,26.458555221557617
2009-01-20,38.25,35.66999816894531,37.939998626708984,35.97999954223633,5058100.0,24.95357322692871
2009-01-21,37.810001373291016,35.810001373291016,36.65999984741211,37.650001525878906,6911400.0,26.111778259277344
2009-01-22,38.47999954223633,36.52000045776367,36.59000015258789,37.68000030517578,4598000.0,26.132587432861328
2009-01-23,38.75,36.70000076293945,36.959999084472656,38.099998474121094,4291800.0,26.423879623413086
2009-01-26,39.7400016784668,38.0,38.220001220703125,38.869998931884766,5135800.0,26.957902908325195
2009-01-27,39.0,36.9900016784668,38.279998779296875,37.52000045776367,7270000.0,26.021623611450195
2009-01-28,39.119998931884766,38.209999084472656,38.209999084472656,38.75,5099900.0,26.874683380126953
2009-01-29,39.31999969482422,37.529998779296875,38.47999954223633,37.77000045776367,4937900.0,26.195009231567383
2009-01-30,38.29999923706055,36.439998626708984,38.20000076293945,36.709999084472656,4068400.0,25.459850311279297
2009-02-02,38.02000045776367,36.060001373291016,36.130001068115234,37.18000030517578,6664000.0,25.78582191467285
2009-02-03,39.279998779296875,37.0099983215332,37.58000183105469,38.599998474121094,7786500.0,26.77065086364746
2009-02-04,38.58000183105469,36.880001068115234,38.099998474121094,36.95000076293945,7733600.0,25.62630271911621
2009-02-05,39.18000030517578,37.36000061035156,38.0,38.20000076293945,8530300.0,26.493236541748047
2009-02-06,39.279998779296875,38.04999923706055,38.15999984741211,38.47999954223633,6672600.0,26.687421798706055
2009-02-09,38.75,37.720001220703125,38.369998931884766,38.36000061035156,4260700.0,26.60419464111328
2009-02-10,38.36000061035156,37.0099983215332,38.060001373291016,37.36000061035156,6159200.0,25.91065788269043
2009-02-11,38.349998474121094,36.86000061035156,37.65999984741211,37.93000030517578,5503000.0,26.305978775024414
2009-02-12,36.599998474121094,35.0,35.61000061035156,36.540000915527344,12176100.0,25.341949462890625
2009-02-13,37.54999923706055,36.060001373291016,36.2400016784668,36.130001068115234,6277900.0,25.057605743408203
2009-02-17,35.650001525878906,34.540000915527344,35.13999938964844,35.029998779296875,6890300.0,24.294708251953125
2009-02-18,36.11000061035156,33.95000076293945,35.25,34.2400016784668,8440500.0,23.7468204498291
2009-02-19,35.599998474121094,34.189998626708984,34.310001373291016,34.709999084472656,7095400.0,24.072776794433594
2009-02-20,35.459999084472656,33.93000030517578,34.09000015258789,34.84000015258789,7976900.0,24.16292953491211
2009-02-23,35.790000915527344,33.720001220703125,35.31999969482422,33.959999084472656,7452400.0,23.552616119384766
2009-02-24,35.81999969482422,34.029998779296875,34.22999954223633,35.52000045776367,7177300.0,24.63454246520996
2009-02-25,36.130001068115234,34.400001525878906,35.22999954223633,35.25,7700900.0,24.44729232788086
2009-02-26,36.33000183105469,34.59000015258789,35.7400016784668,34.70000076293945,7577200.0,24.06585121154785
2009-02-27,35.599998474121094,32.5,32.529998779296875,35.13999938964844,14313000.0,24.37099838256836
2009-03-02,35.810001373291016,34.33000183105469,34.869998931884766,34.689998626708984,8557400.0,24.058902740478516
2009-03-03,35.310001373291016,33.869998931884766,34.810001373291016,34.36000061035156,8625400.0,23.83003044128418
2009-03-04,36.47999954223633,34.650001525878906,34.880001068115234,35.810001373291016,8011800.0,24.83567237854004
2009-03-05,36.689998626708984,34.75,35.68000030517578,35.709999084472656,10807600.0,24.766321182250977
2009-03-06,35.93000030517578,33.36000061035156,35.529998779296875,34.5,9311800.0,23.9271297454834
2009-03-09,35.25,33.2599983215332,34.040000915527344,33.58000183105469,6420500.0,23.289073944091797
2009-03-10,37.13999938964844,34.599998474121094,34.68000030517578,37.0,10987100.0,25.660980224609375
2009-03-11,37.630001068115234,36.529998779296875,37.0099983215332,37.2400016784668,8651900.0,25.827438354492188
2009-03-12,38.529998779296875,36.5,37.2400016784668,38.349998474121094,7669400.0,26.597261428833008
2009-03-13,38.63999938964844,37.38999938964844,38.2599983215332,38.220001220703125,7521900.0,26.507099151611328
2009-03-16,38.7599983215332,37.290000915527344,38.18000030517578,37.400001525878906,6343800.0,25.938396453857422
2009-03-17,39.70000076293945,38.220001220703125,38.34000015258789,39.70000076293945,12578700.0,27.53354263305664
2009-03-18,42.18000030517578,39.02000045776367,39.380001068115234,41.09000015258789,10198600.0,28.49756622314453
2009-03-19,41.97999954223633,40.33000183105469,41.560001373291016,41.16999816894531,7770700.0,28.553043365478516
2009-03-20,41.380001068115234,39.83000183105469,41.060001373291016,40.47999954223633,7739000.0,28.07451057434082
2009-03-23,42.7599983215332,40.599998474121094,41.470001220703125,42.70000076293945,6847900.0,29.614158630371094
2009-03-24,42.9900016784668,41.599998474121094,42.209999084472656,42.779998779296875,8974700.0,29.66964340209961
2009-03-25,43.31999969482422,39.790000915527344,42.52000045776367,41.13999938964844,12663400.0,28.532238006591797
2009-03-26,43.349998474121094,41.36000061035156,41.619998931884766,43.040000915527344,10492500.0,29.84996223449707
2009-03-27,43.5,42.25,42.79999923706055,43.13999938964844,7334600.0,29.9193115234375
2009-03-30,42.59000015258789,40.880001068115234,42.040000915527344,41.630001068115234,7388500.0,28.8720760345459
2009-03-31,43.150001525878906,40.58000183105469,41.70000076293945,42.31999969482422,7541700.0,29.350624084472656
2009-04-01,44.150001525878906,41.43000030517578,41.630001068115234,43.59000015258789,9796000.0,30.23141098022461
2009-04-02,46.16999816894531,44.400001525878906,44.560001373291016,45.099998474121094,7889300.0,31.278654098510742
2009-04-03,45.619998931884766,44.70000076293945,45.04999923706055,45.310001373291016,5507100.0,31.424301147460938
2009-04-06,45.88999938964844,44.47999954223633,44.869998931884766,45.79999923706055,6523300.0,31.764131546020508
2009-04-07,45.34000015258789,43.209999084472656,45.27000045776367,43.65999984741211,6799800.0,30.27996253967285
2009-04-08,45.290000915527344,44.02000045776367,44.040000915527344,45.119998931884766,6932900.0,31.29252815246582
2009-04-09,45.90999984741211,44.2400016784668,45.150001525878906,45.400001525878906,8166500.0,31.486719131469727
2009-04-13,45.13999938964844,43.810001373291016,45.06999969482422,44.619998931884766,5101900.0,30.945751190185547
2009-04-14,44.689998626708984,43.310001373291016,43.77000045776367,44.400001525878906,4801700.0,30.793170928955078
2009-04-15,44.40999984741211,43.04999923706055,43.88999938964844,43.869998931884766,5178300.0,30.425600051879883
2009-04-16,45.65999984741211,43.869998931884766,44.099998474121094,45.02000045776367,4582200.0,31.223167419433594
2009-04-17,45.279998779296875,44.58000183105469,44.84000015258789,44.779998779296875,4918600.0,31.056730270385742
2009-04-20,43.95000076293945,42.38999938964844,43.880001068115234,43.029998779296875,3912400.0,29.843027114868164
2009-04-21,44.209999084472656,42.52000045776367,42.88999938964844,43.959999084472656,4201700.0,30.488021850585938
2009-04-22,46.5,43.08000183105469,43.45000076293945,44.849998474121094,5483000.0,31.10527992248535
2009-04-23,45.29999923706055,43.060001373291016,44.90999984741211,44.29999923706055,4967900.0,30.723825454711914
2009-04-24,46.33000183105469,44.29999923706055,44.5099983215332,45.43000030517578,5157500.0,31.50752067565918
2009-04-27,45.79999923706055,44.29999923706055,44.560001373291016,44.86000061035156,4334800.0,31.112207412719727
2009-04-28,45.529998779296875,43.59000015258789,44.310001373291016,43.81999969482422,5716700.0,30.390926361083984
2009-04-29,44.81999969482422,43.2400016784668,44.209999084472656,43.72999954223633,5388700.0,30.328500747680664
2009-04-30,45.66999816894531,43.869998931884766,44.13999938964844,45.349998474121094,5633300.0,31.452041625976562
2009-05-01,45.099998474121094,42.29999923706055,45.099998474121094,42.560001373291016,7035600.0,29.517070770263672
2009-05-04,44.790000915527344,42.45000076293945,42.959999084472656,43.77000045776367,6620900.0,30.356243133544922
2009-05-05,45.560001373291016,43.369998931884766,43.5099983215332,44.279998779296875,6671200.0,30.7099609375
2009-05-06,45.9900016784668,42.939998626708984,44.70000076293945,43.72999954223633,6758300.0,30.328500747680664
2009-05-07,45.75,43.70000076293945,45.02000045776367,44.25,9081700.0,30.68915367126465
2009-05-08,45.189998626708984,43.0,44.459999084472656,43.900001525878906,5785600.0,30.4464168548584
2009-05-11,45.41999816894531,43.09000015258789,43.20000076293945,44.84000015258789,5936000.0,31.098344802856445
2009-05-12,45.27000045776367,43.27000045776367,44.900001525878906,44.0099983215332,4911700.0,30.522693634033203
2009-05-13,43.189998626708984,41.84000015258789,43.11000061035156,41.95000076293945,6656200.0,29.094009399414062
2009-05-14,43.95000076293945,40.970001220703125,41.939998626708984,41.2400016784668,9380000.0,28.601593017578125
2009-05-15,42.470001220703125,40.95000076293945,41.84000015258789,41.33000183105469,7358500.0,28.66401481628418
2009-05-18,42.790000915527344,41.650001525878906,41.84000015258789,42.77000045776367,4407900.0,29.662710189819336
2009-05-19,44.36000061035156,42.439998626708984,42.560001373291016,43.81999969482422,4856800.0,30.390926361083984
2009-05-20,45.25,41.93000030517578,44.29999923706055,42.189998626708984,5726300.0,29.260454177856445
2009-05-21,42.70000076293945,40.91999816894531,41.7400016784668,41.27000045776367,5905900.0,28.622407913208008
2009-05-22,41.630001068115234,40.70000076293945,41.45000076293945,40.939998626708984,5247200.0,28.393531799316406
2009-05-26,43.88999938964844,40.720001220703125,41.02000045776367,43.79999923706055,6857300.0,30.377052307128906
2009-05-27,44.40999984741211,42.95000076293945,43.720001220703125,43.040000915527344,5612600.0,29.84996223449707
2009-05-28,43.970001220703125,41.56999969482422,43.470001220703125,41.97999954223633,8578800.0,29.114805221557617
2009-05-29,42.9900016784668,41.31999969482422,42.20000076293945,42.470001220703125,7072400.0,29.454654693603516
2009-06-01,46.91999816894531,43.47999954223633,43.810001373291016,46.47999954223633,10572800.0,32.23574447631836
2009-06-02,47.77000045776367,46.0,46.099998474121094,47.0,6655200.0,32.596378326416016
2009-06-03,46.91999816894531,45.79999923706055,46.459999084472656,46.650001525878906,4960100.0,32.3536376953125
2009-06-04,46.81999969482422,45.310001373291016,46.779998779296875,45.849998474121094,5822900.0,31.79880714416504
2009-06-05,47.099998474121094,45.290000915527344,46.400001525878906,45.970001220703125,3639300.0,31.88203239440918
2009-06-08,46.61000061035156,45.099998474121094,45.43000030517578,46.25,3177100.0,32.07623291015625
2009-06-09,47.099998474121094,46.20000076293945,46.20000076293945,46.66999816894531,3026300.0,32.36751937866211
2009-06-10,47.79999923706055,46.220001220703125,47.27000045776367,46.83000183105469,4670200.0,32.47848892211914
2009-06-11,47.25,45.869998931884766,46.630001068115234,45.91999816894531,4900100.0,31.847362518310547
2009-06-12,46.68000030517578,45.150001525878906,46.33000183105469,46.59000015258789,3469400.0,32.312034606933594
2009-06-15,46.08000183105469,44.91999816894531,45.97999954223633,45.650001525878906,2932300.0,31.660106658935547
2009-06-16,45.58000183105469,43.65999984741211,45.58000183105469,44.0,4554600.0,30.515766143798828
2009-06-17,44.90999984741211,43.25,44.0099983215332,44.2599983215332,5071300.0,30.696081161499023
2009-06-18,44.279998779296875,43.0099983215332,44.040000915527344,43.689998626708984,6167600.0,30.30076789855957
2009-06-19,44.16999816894531,43.400001525878906,43.9900016784668,43.7400016784668,5096700.0,30.33545684814453
2009-06-22,43.81999969482422,42.470001220703125,43.599998474121094,43.439998626708984,4606100.0,30.127378463745117
2009-06-23,44.0,42.470001220703125,43.56999969482422,42.75,3607100.0,29.648836135864258
2009-06-24,44.130001068115234,43.029998779296875,43.20000076293945,43.45000076293945,3049400.0,30.134319305419922
2009-06-25,44.779998779296875,43.22999954223633,43.45000076293945,44.43000030517578,4024700.0,30.81397819519043
2009-06-26,45.09000015258789,43.77000045776367,44.349998474121094,44.099998474121094,4378500.0,30.58511734008789
2009-06-29,44.400001525878906,43.20000076293945,44.2400016784668,43.40999984741211,5546100.0,30.106578826904297
2009-06-30,43.72999954223633,42.279998779296875,43.45000076293945,42.75,5287000.0,29.648836135864258
2009-07-01,43.61000061035156,42.470001220703125,43.2400016784668,42.59000015258789,3593100.0,29.537866592407227
2009-07-02,42.45000076293945,41.25,42.2400016784668,41.25,4224400.0,28.60852813720703
2009-07-06,42.79999923706055,40.63999938964844,40.869998931884766,42.68000030517578,7372200.0,29.600296020507812
2009-07-07,43.79999923706055,42.209999084472656,43.70000076293945,42.29999923706055,5296700.0,29.336742401123047
2009-07-08,43.470001220703125,42.349998474121094,42.560001373291016,43.349998474121094,7438800.0,30.0649471282959
2009-07-09,44.29999923706055,42.40999984741211,43.65999984741211,43.02000045776367,4921100.0,29.836090087890625
2009-07-10,43.599998474121094,42.38999938964844,42.66999816894531,42.720001220703125,2714000.0,29.62803077697754
2009-07-13,43.86000061035156,42.099998474121094,42.869998931884766,43.84000015258789,3364100.0,30.404802322387695
2009-07-14,44.66999816894531,43.2400016784668,43.79999923706055,44.470001220703125,3082200.0,30.841733932495117
2009-07-15,45.9900016784668,44.7400016784668,45.060001373291016,45.939998626708984,4781000.0,31.861230850219727
2009-07-16,46.2599983215332,45.09000015258789,45.970001220703125,46.060001373291016,3236000.0,31.9444522857666
2009-07-17,46.31999969482422,45.61000061035156,46.040000915527344,46.2599983215332,3351100.0,32.083160400390625
2009-07-20,48.4900016784668,46.31999969482422,46.43000030517578,48.36000061035156,5216400.0,33.53959655761719
2009-07-21,48.4900016784668,47.130001068115234,48.4900016784668,47.81999969482422,3615400.0,33.16507339477539
2009-07-22,48.81999969482422,47.5,47.5,48.31999969482422,2925100.0,33.511863708496094
2009-07-23,49.88999938964844,47.58000183105469,48.36000061035156,48.97999954223633,4483200.0,33.96959686279297
2009-07-24,49.439998626708984,48.119998931884766,48.7400016784668,49.099998474121094,2812600.0,34.052818298339844
2009-07-27,49.310001373291016,48.349998474121094,48.900001525878906,49.15999984741211,2371100.0,34.09443664550781
2009-07-28,49.77000045776367,48.380001068115234,48.93000030517578,49.61000061035156,4627800.0,34.406524658203125
2009-07-29,50.2400016784668,49.029998779296875,49.11000061035156,49.52000045776367,3581000.0,34.34410858154297
2009-07-30,50.38999938964844,49.279998779296875,49.97999954223633,49.400001525878906,3287800.0,34.2608757019043
2009-07-31,49.959999084472656,48.439998626708984,49.09000015258789,48.54999923706055,4178800.0,33.671363830566406
2009-08-03,50.060001373291016,48.540000915527344,48.97999954223633,50.02000045776367,4075600.0,34.690879821777344
2009-08-04,50.45000076293945,48.95000076293945,49.9900016784668,49.36000061035156,4232500.0,34.2331428527832
2009-08-05,49.83000183105469,48.43000030517578,49.7400016784668,49.5099983215332,3420600.0,34.337162017822266
2009-08-06,51.41999816894531,49.09000015258789,50.040000915527344,51.02000045776367,7998900.0,35.38441467285156
2009-08-07,53.849998474121094,51.0099983215332,51.470001220703125,53.5099983215332,6378200.0,37.11132049560547
2009-08-10,53.22999954223633,51.790000915527344,53.22999954223633,52.529998779296875,4290600.0,36.431663513183594
2009-08-11,53.209999084472656,51.709999084472656,52.06999969482422,52.5099983215332,3127900.0,36.417781829833984
2009-08-12,52.7400016784668,51.790000915527344,52.45000076293945,52.27000045776367,3003100.0,36.2513427734375
2009-08-13,52.86000061035156,50.0,50.75,52.38999938964844,8233000.0,36.33456802368164
2009-08-14,52.959999084472656,51.439998626708984,52.25,51.72999954223633,3875300.0,35.8768310546875
2009-08-17,51.16999816894531,50.439998626708984,51.16999816894531,50.599998474121094,3689900.0,35.0931282043457
2009-08-18,51.560001373291016,50.56999969482422,50.72999954223633,51.38999938964844,3391300.0,35.64101028442383
2009-08-19,51.59000015258789,50.529998779296875,50.63999938964844,51.470001220703125,4069800.0,35.69651412963867
2009-08-20,51.65999984741211,51.060001373291016,51.279998779296875,51.52000045776367,3575000.0,35.73119354248047
2009-08-21,52.81999969482422,51.619998931884766,51.7599983215332,52.36000061035156,2698800.0,36.31376266479492
2009-08-24,52.47999954223633,51.52000045776367,52.43000030517578,51.630001068115234,2848400.0,35.8074836730957
2009-08-25,53.4900016784668,51.369998931884766,52.130001068115234,52.9900016784668,5055400.0,36.75068283081055
2009-08-26,53.7400016784668,52.5099983215332,52.790000915527344,52.939998626708984,2933200.0,36.71599578857422
2009-08-27,53.33000183105469,52.04999923706055,52.849998474121094,53.099998474121094,2559800.0,36.82697296142578
2009-08-28,53.560001373291016,52.130001068115234,53.560001373291016,52.54999923706055,2844200.0,36.445533752441406
2009-08-31,52.38999938964844,51.27000045776367,52.38999938964844,51.59000015258789,2604700.0,35.77973175048828
2009-09-01,52.90999984741211,50.880001068115234,51.66999816894531,51.040000915527344,5016100.0,35.39828872680664
2009-09-02,52.150001525878906,51.060001373291016,51.08000183105469,51.86000061035156,4949800.0,35.96699142456055
2009-09-03,54.11000061035156,52.16999816894531,52.470001220703125,54.0099983215332,5250900.0,37.458106994628906
2009-09-04,54.84000015258789,53.79999923706055,54.11000061035156,54.58000183105469,3176400.0,37.85342025756836
2009-09-08,55.619998931884766,53.79999923706055,54.91999816894531,55.58000183105469,5392400.0,38.54695510864258
2009-09-09,56.630001068115234,55.40999984741211,55.880001068115234,55.86000061035156,5379500.0,38.741153717041016
2009-09-10,55.959999084472656,55.060001373291016,55.70000076293945,55.779998779296875,5120500.0,38.6856689453125
2009-09-11,55.95000076293945,54.81999969482422,55.77000045776367,55.18000030517578,3968000.0,38.26953125
2009-09-14,54.9900016784668,53.63999938964844,54.70000076293945,54.869998931884766,4561900.0,38.05453872680664
2009-09-15,54.95000076293945,53.790000915527344,54.849998474121094,54.75,4321300.0,37.97132110595703
2009-09-16,55.310001373291016,54.47999954223633,54.77000045776367,54.84000015258789,4546100.0,38.03373718261719
2009-09-17,55.720001220703125,54.58000183105469,54.72999954223633,54.79999923706055,4529200.0,38.00599670410156
2009-09-18,55.540000915527344,54.939998626708984,54.970001220703125,55.0099983215332,3529400.0,38.15163803100586
2009-09-21,56.13999938964844,54.560001373291016,54.709999084472656,55.540000915527344,4973900.0,38.51921081542969
2009-09-22,56.209999084472656,55.25,55.7400016784668,55.38999938964844,5310700.0,38.41517639160156
2009-09-23,55.45000076293945,54.540000915527344,55.38999938964844,54.709999084472656,4769300.0,37.943580627441406
2009-09-24,54.93000030517578,54.0,54.81999969482422,54.7599983215332,3954000.0,37.97825622558594
2009-09-25,54.95000076293945,54.279998779296875,54.630001068115234,54.369998931884766,3964700.0,37.7077751159668
2009-09-28,55.189998626708984,54.43000030517578,54.58000183105469,54.90999984741211,2117700.0,38.082298278808594
2009-09-29,56.529998779296875,55.099998474121094,55.099998474121094,56.38999938964844,4500400.0,39.10872268676758
2009-09-30,57.369998931884766,55.77000045776367,56.43000030517578,57.04999923706055,6495000.0,39.56645965576172
2009-10-01,57.099998474121094,55.16999816894531,56.900001525878906,55.22999954223633,4486700.0,38.3042106628418
2009-10-02,55.81999969482422,54.709999084472656,54.81999969482422,54.86000061035156,3871200.0,38.04761505126953
2009-10-05,56.45000076293945,55.0099983215332,55.209999084472656,56.209999084472656,4403600.0,38.983890533447266
2009-10-06,57.650001525878906,56.36000061035156,56.36000061035156,57.459999084472656,4112500.0,39.85081481933594
2009-10-07,58.709999084472656,57.689998626708984,58.369998931884766,58.540000915527344,4378100.0,40.59983825683594
2009-10-08,59.9900016784668,57.560001373291016,58.060001373291016,59.970001220703125,7201900.0,41.59159851074219
2009-10-09,60.349998474121094,59.4900016784668,59.93000030517578,60.029998779296875,4214300.0,41.63320541381836
2009-10-12,60.560001373291016,59.2599983215332,60.119998931884766,59.369998931884766,3526900.0,41.175479888916016
2009-10-13,59.970001220703125,59.209999084472656,59.41999816894531,59.619998931884766,3157600.0,41.348873138427734
2009-10-14,60.7400016784668,59.52000045776367,60.15999984741211,60.72999954223633,3555900.0,42.11868667602539
2009-10-15,60.88999938964844,59.849998474121094,60.25,60.22999954223633,2836900.0,41.771915435791016
2009-10-16,60.06999969482422,59.11000061035156,59.88999938964844,59.68000030517578,3027700.0,41.39047622680664
2009-10-19,60.84000015258789,59.5,59.88999938964844,60.45000076293945,2244500.0,41.92449951171875
2009-10-20,60.689998626708984,59.810001373291016,60.47999954223633,59.86000061035156,2572700.0,41.51530075073242
2009-10-21,60.689998626708984,57.650001525878906,59.5099983215332,57.779998779296875,4485600.0,40.07273483276367
2009-10-22,60.279998779296875,57.959999084472656,58.150001525878906,59.869998931884766,5925200.0,41.522239685058594
2009-10-23,60.290000915527344,58.90999984741211,60.130001068115234,59.189998626708984,2905600.0,41.05063247680664
2009-10-26,60.41999816894531,58.65999984741211,59.220001220703125,58.880001068115234,3602500.0,40.83564758300781
2009-10-27,59.11000061035156,57.77000045776367,59.04999923706055,57.91999816894531,4623200.0,40.169837951660156
2009-10-28,58.349998474121094,56.7599983215332,57.790000915527344,56.81999969482422,3539000.0,39.40693664550781
2009-10-29,58.79999923706055,57.099998474121094,57.63999938964844,58.22999954223633,4254200.0,40.38483810424805
2009-10-30,58.689998626708984,56.959999084472656,58.459999084472656,57.220001220703125,5377200.0,39.68436050415039
2009-11-02,58.06999969482422,56.22999954223633,57.5099983215332,57.72999954223633,4119300.0,40.038063049316406
2009-11-03,57.65999984741211,55.59000015258789,57.279998779296875,56.709999084472656,6518600.0,39.330657958984375
2009-11-04,57.779998779296875,56.130001068115234,57.0,56.540000915527344,5000400.0,39.21276092529297
2009-11-05,56.41999816894531,53.36000061035156,54.349998474121094,55.95000076293945,11647400.0,38.803565979003906
2009-11-06,56.81999969482422,55.130001068115234,55.68000030517578,56.68000030517578,3057000.0,39.30985641479492
2009-11-09,57.5,55.61000061035156,56.33000183105469,56.970001220703125,3913400.0,39.510982513427734
2009-11-10,57.7400016784668,56.2599983215332,56.880001068115234,56.36000061035156,3347300.0,39.087913513183594
2009-11-11,56.400001525878906,53.93000030517578,56.400001525878906,54.59000015258789,8110300.0,37.86035919189453
2009-11-12,55.599998474121094,54.400001525878906,55.5,54.63999938964844,6487500.0,37.895023345947266
2009-11-13,55.599998474121094,54.61000061035156,55.119998931884766,55.52000045776367,3272500.0,38.505332946777344
2009-11-16,56.47999954223633,55.61000061035156,55.9900016784668,56.02000045776367,3625200.0,38.852108001708984
2009-11-17,56.540000915527344,54.77000045776367,56.040000915527344,55.41999816894531,4720400.0,38.435997009277344
2009-11-18,55.540000915527344,54.58000183105469,55.130001068115234,54.70000076293945,3187600.0,37.9366569519043
2009-11-19,54.63999938964844,53.81999969482422,54.5,54.33000183105469,2948200.0,37.68003845214844
2009-11-20,54.93000030517578,53.7400016784668,54.119998931884766,53.959999084472656,3685300.0,37.42341995239258
2009-11-23,54.72999954223633,53.439998626708984,54.34000015258789,53.599998474121094,3494100.0,37.17374801635742
2009-11-24,54.400001525878906,53.54999923706055,53.54999923706055,53.810001373291016,3460100.0,37.31937789916992
2009-11-25,55.560001373291016,53.84000015258789,54.16999816894531,55.540000915527344,4810200.0,38.51921081542969
2009-11-27,54.880001068115234,53.75,54.400001525878906,54.45000076293945,2399700.0,37.763248443603516
2009-11-30,54.970001220703125,52.939998626708984,54.88999938964844,53.13999938964844,5879800.0,36.85471725463867
2009-12-01,54.099998474121094,52.70000076293945,53.4900016784668,52.970001220703125,4982200.0,36.736820220947266
2009-12-02,53.93000030517578,52.650001525878906,52.93000030517578,53.72999954223633,3696400.0,37.263912200927734
2009-12-03,55.33000183105469,53.63999938964844,53.79999923706055,54.18000030517578,6979700.0,37.57600402832031
2009-12-04,55.400001525878906,53.41999816894531,55.0,53.70000076293945,5003900.0,37.24309539794922
2009-12-07,55.0099983215332,54.04999923706055,55.0099983215332,54.52000045776367,4161900.0,37.81181335449219
2009-12-08,54.58000183105469,53.63999938964844,54.290000915527344,53.810001373291016,2517100.0,37.31937789916992
2009-12-09,53.93000030517578,53.380001068115234,53.84000015258789,53.68000030517578,2340400.0,37.2292366027832
2009-12-10,55.29999923706055,54.029998779296875,54.029998779296875,54.849998474121094,5096200.0,38.04067611694336
2009-12-11,55.7400016784668,54.970001220703125,55.41999816894531,55.599998474121094,3264100.0,38.56081771850586
2009-12-14,56.38999938964844,55.2599983215332,56.08000183105469,56.18000030517578,3121900.0,38.963077545166016
2009-12-15,55.810001373291016,54.790000915527344,55.790000915527344,54.869998931884766,3579800.0,38.05453872680664
2009-12-16,55.310001373291016,54.33000183105469,55.25,54.41999816894531,2904400.0,37.74245071411133
2009-12-17,54.119998931884766,53.220001220703125,53.939998626708984,53.2400016784668,2844600.0,36.924072265625
2009-12-18,53.630001068115234,52.2400016784668,53.630001068115234,53.38999938964844,4169800.0,37.028106689453125
2009-12-21,54.720001220703125,53.369998931884766,53.47999954223633,54.61000061035156,3642800.0,37.874229431152344
2009-12-22,55.630001068115234,54.470001220703125,54.9900016784668,55.150001525878906,2954000.0,38.24873352050781
2009-12-23,55.709999084472656,54.81999969482422,55.33000183105469,55.150001525878906,1781500.0,38.24873352050781
2009-12-24,55.33000183105469,54.540000915527344,55.2599983215332,54.650001525878906,755700.0,37.90196990966797
2009-12-28,55.45000076293945,54.56999969482422,54.83000183105469,55.45000076293945,2359900.0,38.45679473876953
2009-12-29,55.84000015258789,55.099998474121094,55.81999969482422,55.560001373291016,2122800.0,38.533103942871094
2009-12-30,55.52000045776367,54.959999084472656,55.38999938964844,55.13999938964844,1415700.0,38.24178695678711
2009-12-31,55.25,53.93000030517578,55.25,53.93000030517578,1612900.0,37.40261459350586
2010-01-04,54.75,53.900001525878906,54.5,53.97999954223633,3239900.0,37.437294006347656
2010-01-05,54.189998626708984,53.4900016784668,53.880001068115234,54.02000045776367,2539600.0,37.46504211425781
2010-01-06,55.02000045776367,53.90999984741211,54.18000030517578,54.720001220703125,3207800.0,37.95050811767578
2010-01-07,54.599998474121094,52.279998779296875,54.599998474121094,53.459999084472656,8330300.0,37.07665252685547
2010-01-08,53.45000076293945,52.5099983215332,53.45000076293945,52.83000183105469,3438100.0,36.63972091674805
2010-01-11,53.220001220703125,52.08000183105469,53.04999923706055,52.75,2474500.0,36.58425521850586
2010-01-12,52.5099983215332,50.86000061035156,52.4900016784668,51.56999969482422,5313900.0,35.765865325927734
2010-01-13,52.349998474121094,51.61000061035156,51.66999816894531,52.20000076293945,3496400.0,36.20279312133789
2010-01-14,51.900001525878906,51.369998931884766,51.689998626708984,51.689998626708984,3808000.0,35.84907913208008
2010-01-15,52.150001525878906,51.220001220703125,51.58000183105469,51.5099983215332,4142800.0,35.72425079345703
2010-01-19,52.27000045776367,51.20000076293945,51.380001068115234,52.18000030517578,7446700.0,36.18891143798828
2010-01-20,52.08000183105469,51.13999938964844,51.900001525878906,51.5,3799700.0,35.71731185913086
2010-01-21,52.5,50.81999969482422,51.630001068115234,51.27000045776367,5178200.0,35.557796478271484
2010-01-22,52.08000183105469,50.34000015258789,51.220001220703125,50.45000076293945,5391000.0,34.98910140991211
2010-01-25,51.060001373291016,49.91999816894531,50.90999984741211,50.290000915527344,3675900.0,34.878135681152344
2010-01-26,51.04999923706055,49.869998931884766,50.209999084472656,50.25,3879100.0,34.85038375854492
2010-01-27,50.83000183105469,50.0099983215332,50.20000076293945,50.5099983215332,3953200.0,35.030696868896484
2010-01-28,51.04999923706055,50.36000061035156,50.77000045776367,50.529998779296875,5394400.0,35.04457473754883
2010-01-29,51.31999969482422,50.33000183105469,50.75,50.369998931884766,3870600.0,34.93361282348633
2010-02-01,50.95000076293945,50.189998626708984,50.61000061035156,50.91999816894531,2953600.0,35.315059661865234
2010-02-02,52.150001525878906,51.06999969482422,51.06999969482422,51.91999816894531,3979000.0,36.008602142333984
2010-02-03,52.34000015258789,51.43000030517578,51.91999816894531,52.13999938964844,4669300.0,36.16117477416992
2010-02-04,51.95000076293945,49.97999954223633,51.709999084472656,50.06999969482422,6902100.0,34.72555160522461
2010-02-05,50.349998474121094,48.400001525878906,50.150001525878906,49.31999969482422,6202800.0,34.20539855957031
2010-02-08,49.970001220703125,48.84000015258789,49.34000015258789,49.20000076293945,4472800.0,34.122169494628906
2010-02-09,50.20000076293945,49.20000076293945,49.720001220703125,49.849998474121094,4549700.0,34.57298278808594
2010-02-10,50.2599983215332,49.459999084472656,49.86000061035156,49.70000076293945,3253500.0,34.46894073486328
2010-02-11,49.790000915527344,49.11000061035156,49.4900016784668,49.439998626708984,3765400.0,34.28861999511719
2010-02-12,50.029998779296875,48.77000045776367,49.04999923706055,49.83000183105469,2976600.0,34.559112548828125
2010-02-16,50.72999954223633,49.91999816894531,50.130001068115234,50.650001525878906,2610000.0,35.127811431884766
2010-02-17,51.31999969482422,50.779998779296875,50.900001525878906,51.209999084472656,2202500.0,35.516178131103516
2010-02-18,51.5099983215332,50.560001373291016,51.029998779296875,51.36000061035156,2721000.0,35.62022399902344
2010-02-19,51.939998626708984,51.29999923706055,51.31999969482422,51.7400016784668,2528300.0,35.88376235961914
2010-02-22,51.77000045776367,51.06999969482422,51.77000045776367,51.130001068115234,2983300.0,35.46071243286133
2010-02-23,51.540000915527344,50.38999938964844,50.529998779296875,50.93000030517578,2924000.0,35.32199478149414
2010-02-24,51.66999816894531,50.5,51.150001525878906,51.59000015258789,4503500.0,35.77973175048828
2010-02-25,54.45000076293945,51.0099983215332,51.0099983215332,54.08000183105469,10299500.0,37.506649017333984
2010-02-26,54.560001373291016,53.81999969482422,54.130001068115234,53.81999969482422,3269800.0,37.326324462890625
2010-03-01,54.349998474121094,53.75,54.06999969482422,53.939998626708984,2632600.0,37.4095573425293
2010-03-02,54.20000076293945,53.029998779296875,53.9900016784668,53.22999954223633,4071700.0,36.91714859008789
2010-03-03,53.40999984741211,52.650001525878906,53.34000015258789,53.099998474121094,3111600.0,36.82697296142578
2010-03-04,53.84000015258789,52.40999984741211,52.40999984741211,53.790000915527344,5647800.0,37.3055305480957
2010-03-05,54.77000045776367,53.68000030517578,54.13999938964844,54.70000076293945,3651700.0,37.9366569519043
2010-03-08,54.880001068115234,54.31999969482422,54.77000045776367,54.459999084472656,2248800.0,37.77018737792969
2010-03-09,54.439998626708984,53.93000030517578,54.130001068115234,54.099998474121094,2312300.0,37.5205192565918
2010-03-10,54.560001373291016,52.880001068115234,54.09000015258789,53.130001068115234,5911800.0,36.8477783203125
2010-03-11,53.25,52.59000015258789,52.91999816894531,53.25,4532500.0,36.93101119995117
2010-03-12,53.81999969482422,53.13999938964844,53.5099983215332,53.66999816894531,2484100.0,37.2222900390625
2010-03-15,54.40999984741211,53.5,53.5,54.40999984741211,2921600.0,37.73551559448242
2010-03-16,55.060001373291016,54.130001068115234,54.459999084472656,55.029998779296875,3955200.0,38.16551971435547
2010-03-17,55.5099983215332,54.79999923706055,55.16999816894531,54.9900016784668,3807300.0,38.13776779174805
2010-03-18,55.13999938964844,54.22999954223633,55.08000183105469,54.47999954223633,2195100.0,37.78407287597656
2010-03-19,55.66999816894531,54.86000061035156,55.2599983215332,55.2599983215332,4787200.0,38.32503128051758
2010-03-22,55.93000030517578,54.61000061035156,54.810001373291016,55.720001220703125,3145000.0,38.64405822753906
2010-03-23,56.439998626708984,55.34000015258789,55.790000915527344,56.369998931884766,2398200.0,39.0948600769043
2010-03-24,56.529998779296875,55.7599983215332,56.25,56.060001373291016,2734700.0,38.879852294921875
2010-03-25,56.81999969482422,55.9900016784668,56.40999984741211,56.220001220703125,3034700.0,38.99081802368164
2010-03-26,56.59000015258789,55.86000061035156,56.31999969482422,56.18000030517578,3343800.0,38.963077545166016
2010-03-29,56.619998931884766,55.38999938964844,56.560001373291016,55.7400016784668,2066300.0,38.65791320800781
2010-03-30,56.13999938964844,55.060001373291016,55.77000045776367,55.25,2428700.0,38.31808853149414
2010-03-31,55.189998626708984,54.290000915527344,55.11000061035156,54.779998779296875,4454200.0,37.992122650146484
2010-04-01,55.58000183105469,55.0099983215332,55.060001373291016,55.34000015258789,2142800.0,38.380516052246094
2010-04-05,57.66999816894531,55.52000045776367,55.52000045776367,57.41999816894531,4862200.0,39.823062896728516
2010-04-06,57.7599983215332,57.130001068115234,57.349998474121094,57.5,3727200.0,39.87855911254883
2010-04-07,57.5,56.5,57.31999969482422,57.13999938964844,3920700.0,39.62887191772461
2010-04-08,57.40999984741211,55.560001373291016,56.81999969482422,56.630001068115234,7671600.0,39.27518081665039
2010-04-09,57.060001373291016,56.40999984741211,56.93000030517578,56.84000015258789,3207900.0,39.42081832885742
2010-04-12,56.970001220703125,55.959999084472656,56.56999969482422,55.97999954223633,3528200.0,38.82437515258789
2010-04-13,56.77000045776367,55.91999816894531,56.18000030517578,56.4900016784668,4312100.0,39.1780891418457
2010-04-14,57.209999084472656,56.0,56.43000030517578,56.900001525878906,3791500.0,39.46243667602539
2010-04-15,57.95000076293945,56.59000015258789,56.720001220703125,57.68000030517578,4272100.0,40.00338363647461
2010-04-16,57.93000030517578,56.91999816894531,57.59000015258789,57.13999938964844,3582400.0,39.62887191772461
2010-04-19,57.52000045776367,55.810001373291016,57.130001068115234,56.7599983215332,2603500.0,39.36533737182617
2010-04-20,57.36000061035156,55.869998931884766,56.81999969482422,56.25,3649800.0,39.011619567871094
2010-04-21,56.84000015258789,56.02000045776367,56.13999938964844,56.34000015258789,3622300.0,39.07404708862305
2010-04-22,58.9900016784668,55.79999923706055,56.099998474121094,58.56999969482422,4960000.0,40.620643615722656
2010-04-23,58.7400016784668,57.810001373291016,58.66999816894531,58.47999954223633,3292700.0,40.55821990966797
2010-04-26,58.630001068115234,57.68000030517578,58.619998931884766,57.86000061035156,3461100.0,40.128238677978516
2010-04-27,58.11000061035156,56.7599983215332,57.58000183105469,56.79999923706055,3487800.0,39.39307403564453
2010-04-28,57.5099983215332,56.189998626708984,56.83000183105469,56.41999816894531,3231200.0,39.1295280456543
2010-04-29,57.5,56.279998779296875,56.66999816894531,56.560001373291016,2593400.0,39.22663497924805
2010-04-30,56.720001220703125,54.79999923706055,56.560001373291016,54.9900016784668,3743800.0,38.13776779174805
2010-05-03,57.2400016784668,55.06999969482422,55.06999969482422,56.970001220703125,3621500.0,39.510982513427734
2010-05-04,56.65999984741211,55.470001220703125,56.63999938964844,55.65999984741211,4300300.0,38.602439880371094
2010-05-05,57.310001373291016,55.04999923706055,55.09000015258789,56.099998474121094,3717700.0,38.90760040283203
2010-05-06,56.84000015258789,53.029998779296875,55.810001373291016,54.56999969482422,5541900.0,37.84648513793945
2010-05-07,57.09000015258789,52.66999816894531,54.29999923706055,53.68000030517578,6525400.0,37.2292366027832
2010-05-10,56.54999923706055,55.279998779296875,55.54999923706055,56.54999923706055,4838900.0,39.219688415527344
2010-05-11,57.349998474121094,55.900001525878906,55.900001525878906,56.720001220703125,3818500.0,39.33758544921875
2010-05-12,57.290000915527344,56.2400016784668,56.959999084472656,57.150001525878906,3661000.0,39.63580322265625
2010-05-13,56.63999938964844,53.61000061035156,56.63999938964844,53.810001373291016,13095400.0,37.31937789916992
2010-05-14,54.4900016784668,52.970001220703125,54.27000045776367,53.45000076293945,5006700.0,37.0697135925293
2010-05-17,53.9900016784668,52.72999954223633,53.45000076293945,53.63999938964844,4161100.0,37.20148849487305
2010-05-18,54.470001220703125,52.5,54.060001373291016,52.66999816894531,3856400.0,36.52873992919922
2010-05-19,53.34000015258789,51.900001525878906,52.41999816894531,52.529998779296875,3981800.0,36.431663513183594
2010-05-20,52.130001068115234,50.88999938964844,51.2400016784668,51.02000045776367,4963400.0,35.38441467285156
2010-05-21,52.209999084472656,50.290000915527344,50.290000915527344,51.77000045776367,6204000.0,35.90456008911133
2010-05-24,52.040000915527344,50.93000030517578,51.630001068115234,50.970001220703125,3573300.0,35.3497428894043
2010-05-25,50.900001525878906,49.43000030517578,49.900001525878906,50.779998779296875,5940400.0,35.217960357666016
2010-05-26,51.029998779296875,49.220001220703125,51.029998779296875,49.40999984741211,5341400.0,34.26781463623047
2010-05-27,50.560001373291016,49.22999954223633,50.08000183105469,50.52000045776367,6582700.0,35.03764343261719
2010-05-28,51.66999816894531,50.369998931884766,50.61000061035156,50.75,4660000.0,35.19715881347656
2010-06-01,51.63999938964844,50.22999954223633,50.4900016784668,50.7599983215332,5073200.0,35.20409393310547
2010-06-02,51.619998931884766,50.619998931884766,50.86000061035156,51.619998931884766,5369600.0,35.800540924072266
2010-06-03,53.20000076293945,51.59000015258789,52.650001525878906,52.099998474121094,5772100.0,36.13344192504883
2010-06-04,51.45000076293945,49.88999938964844,50.790000915527344,50.08000183105469,4992500.0,34.732479095458984
2010-06-07,50.650001525878906,48.900001525878906,50.25,49.0,3520100.0,33.983463287353516
2010-06-08,49.7599983215332,48.529998779296875,48.97999954223633,49.5099983215332,4342200.0,34.337162017822266
2010-06-09,50.93000030517578,49.779998779296875,49.869998931884766,50.189998626708984,4588700.0,34.808773040771484
2010-06-10,51.47999954223633,50.59000015258789,51.029998779296875,51.290000915527344,4197400.0,35.57167053222656
2010-06-11,51.81999969482422,50.470001220703125,50.619998931884766,51.65999984741211,4091000.0,35.82828140258789
2010-06-14,52.779998779296875,51.7599983215332,52.040000915527344,52.290000915527344,4522500.0,36.26520919799805
2010-06-15,53.68000030517578,51.599998474121094,52.29999923706055,53.65999984741211,7442800.0,37.21535873413086
2010-06-16,53.66999816894531,52.91999816894531,53.34000015258789,53.2400016784668,5422100.0,36.924072265625
2010-06-17,53.310001373291016,52.08000183105469,53.310001373291016,52.77000045776367,3568500.0,36.598106384277344
2010-06-18,53.25,52.52000045776367,52.93000030517578,52.70000076293945,3363900.0,36.54955291748047
2010-06-21,53.279998779296875,51.68000030517578,53.029998779296875,51.970001220703125,4230900.0,36.04327392578125
2010-06-22,52.459999084472656,50.56999969482422,51.7599983215332,50.65999984741211,4096700.0,35.134742736816406
2010-06-23,51.47999954223633,50.150001525878906,50.599998474121094,51.13999938964844,2789500.0,35.4676399230957
2010-06-24,50.75,49.56999969482422,50.599998474121094,49.7400016784668,4067100.0,34.49668502807617
2010-06-25,50.220001220703125,49.41999816894531,49.849998474121094,49.52000045776367,4607800.0,34.34410858154297
2010-06-28,50.119998931884766,49.209999084472656,49.709999084472656,49.52000045776367,2783500.0,34.34410858154297
2010-06-29,48.93000030517578,47.36000061035156,48.93000030517578,47.68000030517578,4724300.0,33.067996978759766
2010-06-30,48.47999954223633,47.34000015258789,47.72999954223633,47.5,5225800.0,32.943153381347656
2010-07-01,48.810001373291016,47.279998779296875,47.310001373291016,48.65999984741211,5500100.0,33.74765396118164
2010-07-02,49.36000061035156,48.20000076293945,48.72999954223633,48.279998779296875,3430300.0,33.4841194152832
2010-07-06,49.150001525878906,47.06999969482422,48.83000183105469,47.560001373291016,4164400.0,32.984764099121094
2010-07-07,48.54999923706055,47.380001068115234,47.560001373291016,48.529998779296875,3365900.0,33.65750503540039
2010-07-08,48.13999938964844,46.18000030517578,48.130001068115234,47.970001220703125,11351100.0,33.269126892089844
2010-07-09,48.20000076293945,47.5099983215332,48.0,48.02000045776367,4335200.0,33.30379867553711
2010-07-12,47.869998931884766,46.709999084472656,47.79999923706055,47.20000076293945,4510200.0,32.735084533691406
2010-07-13,48.16999816894531,47.34000015258789,47.75,47.880001068115234,4725800.0,33.20669174194336
2010-07-14,47.900001525878906,46.90999984741211,47.86000061035156,47.20000076293945,3729300.0,32.735084533691406
2010-07-15,47.869998931884766,46.84000015258789,47.060001373291016,47.70000076293945,4243800.0,33.081851959228516
2010-07-16,47.63999938964844,46.310001373291016,47.540000915527344,46.41999816894531,3220200.0,32.19412612915039
2010-07-19,46.970001220703125,45.72999954223633,46.52000045776367,46.16999816894531,5293800.0,32.0207405090332
2010-07-20,47.41999816894531,45.290000915527344,45.630001068115234,47.310001373291016,6437200.0,32.81138229370117
2010-07-21,47.52000045776367,46.369998931884766,47.52000045776367,46.56999969482422,4723600.0,32.29816818237305
2010-07-22,48.20000076293945,47.06999969482422,47.06999969482422,47.95000076293945,3411700.0,33.255245208740234
2010-07-23,48.560001373291016,47.5,47.81999969482422,48.540000915527344,3219200.0,33.664432525634766
2010-07-26,49.630001068115234,48.33000183105469,48.63999938964844,49.400001525878906,4462500.0,34.2608757019043
2010-07-27,49.65999984741211,48.34000015258789,49.58000183105469,48.5,3454200.0,33.63669204711914
2010-07-28,48.63999938964844,47.79999923706055,48.369998931884766,47.900001525878906,2654600.0,33.22056198120117
2010-07-29,48.380001068115234,46.630001068115234,48.25,47.25,4295300.0,32.76976776123047
2010-07-30,47.880001068115234,46.5099983215332,46.88999938964844,47.689998626708984,3807500.0,33.07493209838867
2010-08-02,49.40999984741211,48.040000915527344,48.290000915527344,48.9900016784668,5231700.0,33.976531982421875
2010-08-03,49.119998931884766,46.779998779296875,49.11000061035156,46.95000076293945,5212100.0,32.56171417236328
2010-08-04,47.470001220703125,46.790000915527344,47.189998626708984,47.09000015258789,4307100.0,32.65879821777344
2010-08-05,49.040000915527344,46.79999923706055,47.08000183105469,49.0,9008600.0,33.983463287353516
2010-08-06,49.02000045776367,47.93000030517578,48.18000030517578,48.630001068115234,4552700.0,33.72686004638672
2010-08-09,49.0099983215332,48.47999954223633,48.810001373291016,48.86000061035156,3663600.0,33.88636016845703
2010-08-10,48.650001525878906,47.97999954223633,48.54999923706055,48.43000030517578,4052900.0,33.588134765625
2010-08-11,48.349998474121094,47.439998626708984,48.349998474121094,47.779998779296875,3880700.0,33.13734817504883
2010-08-12,46.9900016784668,45.56999969482422,46.459999084472656,46.5,15119200.0,32.2496223449707
2010-08-13,46.459999084472656,44.939998626708984,46.27000045776367,44.9900016784668,5964600.0,31.202363967895508
2010-08-16,44.779998779296875,44.06999969482422,44.58000183105469,44.27000045776367,4898900.0,30.703022003173828
2010-08-17,45.5099983215332,44.470001220703125,44.66999816894531,45.310001373291016,4348600.0,31.424301147460938
2010-08-18,47.290000915527344,44.9900016784668,45.25,47.0,6347200.0,32.596378326416016
2010-08-19,47.130001068115234,46.4900016784668,46.75,46.720001220703125,5215700.0,32.402198791503906
2010-08-20,46.63999938964844,45.810001373291016,46.38999938964844,46.31999969482422,4930200.0,32.12477493286133
2010-08-23,46.93000030517578,45.970001220703125,46.38999938964844,46.63999938964844,3564700.0,32.34671401977539
2010-08-24,46.45000076293945,45.83000183105469,46.11000061035156,46.209999084472656,5587700.0,32.048492431640625
2010-08-25,47.97999954223633,45.88999938964844,45.88999938964844,47.619998931884766,6219900.0,33.02637481689453
2010-08-26,47.93000030517578,46.970001220703125,47.70000076293945,46.970001220703125,4836300.0,32.5755729675293
2010-08-27,47.630001068115234,46.369998931884766,47.27000045776367,47.209999084472656,5111400.0,32.742034912109375
2010-08-30,47.209999084472656,46.47999954223633,47.09000015258789,46.54999923706055,4312900.0,32.28428268432617
2010-08-31,47.31999969482422,46.33000183105469,46.369998931884766,46.939998626708984,4796100.0,32.55477523803711
2010-09-01,48.619998931884766,47.31999969482422,47.33000183105469,48.400001525878906,4710500.0,33.56733322143555
2010-09-02,49.400001525878906,48.47999954223633,48.95000076293945,49.310001373291016,5642900.0,34.19846725463867
2010-09-03,50.25,49.369998931884766,49.939998626708984,49.560001373291016,4110000.0,34.37184524536133
2010-09-07,49.900001525878906,48.93000030517578,49.33000183105469,49.060001373291016,3647800.0,34.02507781982422
2010-09-08,49.529998779296875,48.349998474121094,49.13999938964844,48.900001525878906,3944500.0,33.91410827636719
2010-09-09,49.63999938964844,48.279998779296875,49.380001068115234,48.45000076293945,2569300.0,33.602012634277344
2010-09-10,48.9900016784668,48.41999816894531,48.529998779296875,48.65999984741211,2370700.0,33.74765396118164
2010-09-13,49.380001068115234,48.290000915527344,49.130001068115234,48.4900016784668,4658000.0,33.629764556884766
2010-09-14,50.79999923706055,48.810001373291016,48.810001373291016,50.130001068115234,5781800.0,34.76715087890625
2010-09-15,50.18000030517578,49.279998779296875,49.95000076293945,50.13999938964844,5014900.0,34.77409362792969
2010-09-16,50.63999938964844,49.880001068115234,50.060001373291016,50.63999938964844,3250000.0,35.12086486816406
2010-09-17,50.959999084472656,49.7599983215332,50.72999954223633,50.900001525878906,5703800.0,35.30119705200195
2010-09-20,51.91999816894531,50.75,51.099998474121094,51.790000915527344,3037300.0,35.91844940185547
2010-09-21,51.9900016784668,51.130001068115234,51.83000183105469,51.5,2620300.0,35.71731185913086
2010-09-22,51.75,51.0099983215332,51.34000015258789,51.119998931884766,3479200.0,35.45376968383789
2010-09-23,51.7400016784668,50.5,50.77000045776367,50.90999984741211,2119800.0,35.30813217163086
2010-09-24,52.630001068115234,51.33000183105469,51.720001220703125,52.310001373291016,4241700.0,36.279083251953125
2010-09-27,52.56999969482422,52.119998931884766,52.16999816894531,52.13999938964844,3353100.0,36.16117477416992
2010-09-28,53.189998626708984,51.4900016784668,52.13999938964844,52.97999954223633,3192000.0,36.743751525878906
2010-09-29,53.15999984741211,52.72999954223633,52.95000076293945,52.959999084472656,2379300.0,36.72988510131836
2010-09-30,53.439998626708984,52.2599983215332,53.33000183105469,52.68000030517578,2864700.0,36.53569030761719
2010-10-01,53.5099983215332,52.5,53.220001220703125,52.63999938964844,2812500.0,36.5079460144043
2010-10-04,52.900001525878906,51.91999816894531,52.290000915527344,52.38999938964844,3540000.0,36.33456802368164
2010-10-05,52.869998931884766,52.130001068115234,52.75,52.599998474121094,4728900.0,36.48020553588867
2010-10-06,53.06999969482422,52.2599983215332,52.61000061035156,53.06999969482422,4586900.0,36.80615997314453
2010-10-07,53.099998474121094,51.90999984741211,53.099998474121094,52.779998779296875,5220600.0,36.605037689208984
2010-10-08,54.220001220703125,52.77000045776367,53.0,53.7599983215332,3856100.0,37.28471755981445
2010-10-11,54.119998931884766,53.31999969482422,53.86000061035156,53.560001373291016,2392500.0,37.14601135253906
2010-10-12,53.709999084472656,52.959999084472656,53.599998474121094,53.459999084472656,2589000.0,37.07665252685547
2010-10-13,53.83000183105469,52.939998626708984,53.72999954223633,53.0099983215332,3001500.0,36.76455307006836
2010-10-14,53.58000183105469,51.869998931884766,53.029998779296875,52.33000183105469,5694400.0,36.29296112060547
2010-10-15,53.2400016784668,51.970001220703125,52.810001373291016,53.16999816894531,4613400.0,36.875518798828125
2010-10-18,53.45000076293945,52.45000076293945,53.31999969482422,52.93000030517578,3514400.0,36.70907974243164
2010-10-19,52.619998931884766,51.63999938964844,52.380001068115234,51.9900016784668,3716300.0,36.05715560913086
2010-10-20,52.279998779296875,51.7599983215332,52.11000061035156,51.939998626708984,3232400.0,36.0224723815918
2010-10-21,53.25,52.0,52.11000061035156,52.72999954223633,5514900.0,36.57036209106445
2010-10-22,53.16999816894531,52.18000030517578,52.720001220703125,52.88999938964844,2704700.0,36.68133544921875
2010-10-25,53.9900016784668,52.7400016784668,53.11000061035156,52.849998474121094,3594700.0,36.65359115600586
2010-10-26,53.11000061035156,51.93000030517578,52.619998931884766,52.47999954223633,3817400.0,36.3969841003418
2010-10-27,52.189998626708984,51.2599983215332,52.099998474121094,51.90999984741211,3831900.0,36.00165939331055
2010-10-28,52.41999816894531,51.400001525878906,52.16999816894531,51.9900016784668,2621000.0,36.05715560913086
2010-10-29,51.91999816894531,51.0,51.79999923706055,51.220001220703125,4634000.0,35.523128509521484
2010-11-01,52.029998779296875,51.02000045776367,51.45000076293945,51.63999938964844,4544800.0,35.81441116333008
2010-11-02,51.900001525878906,50.97999954223633,51.7400016784668,51.22999954223633,6139200.0,35.530052185058594
2010-11-03,51.47999954223633,50.09000015258789,51.369998931884766,50.7599983215332,6549600.0,35.20409393310547
2010-11-04,52.18000030517578,48.9900016784668,50.970001220703125,51.91999816894531,24136800.0,36.008602142333984
2010-11-05,53.349998474121094,51.29999923706055,52.0,53.29999923706055,6575500.0,36.96568298339844
2010-11-08,53.349998474121094,52.619998931884766,53.349998474121094,53.25,3812500.0,36.93101119995117
2010-11-09,53.349998474121094,52.0,53.2400016784668,52.290000915527344,3481700.0,36.26520919799805
2010-11-10,52.84000015258789,51.5099983215332,52.56999969482422,52.2599983215332,4351900.0,36.24440002441406
2010-11-11,52.880001068115234,51.70000076293945,52.20000076293945,52.40999984741211,7198500.0,36.348426818847656
2010-11-12,52.5,50.77000045776367,52.0,51.41999816894531,5813000.0,35.66183090209961
2010-11-15,51.91999816894531,50.810001373291016,51.43000030517578,50.95000076293945,3356700.0,35.33585739135742
2010-11-16,51.220001220703125,50.25,50.630001068115234,50.650001525878906,5406900.0,35.127811431884766
2010-11-17,52.849998474121094,50.709999084472656,50.720001220703125,52.79999923706055,8585300.0,36.61891555786133
2010-11-18,54.31999969482422,53.470001220703125,53.91999816894531,53.619998931884766,5648800.0,37.187618255615234
2010-11-19,55.09000015258789,53.400001525878906,53.650001525878906,55.0099983215332,6131400.0,38.15163803100586
2010-11-22,55.95000076293945,54.540000915527344,54.72999954223633,55.369998931884766,5293500.0,38.40131378173828
2010-11-23,55.97999954223633,54.86000061035156,54.91999816894531,55.84000015258789,5353300.0,38.72727966308594
2010-11-24,57.58000183105469,56.04999923706055,56.18000030517578,57.54999923706055,5667900.0,39.913230895996094
2010-11-26,58.0,57.0,57.029998779296875,57.34000015258789,3023200.0,39.76759719848633
2010-11-29,57.20000076293945,55.959999084472656,56.97999954223633,56.439998626708984,4842200.0,39.14339828491211
2010-11-30,57.099998474121094,55.560001373291016,55.599998474121094,56.41999816894531,5321800.0,39.1295280456543
2010-12-01,57.2400016784668,55.70000076293945,57.040000915527344,56.02000045776367,6731600.0,38.852108001708984
2010-12-02,56.20000076293945,54.939998626708984,55.79999923706055,55.029998779296875,8160300.0,38.16551971435547
2010-12-03,55.040000915527344,54.04999923706055,54.97999954223633,55.0099983215332,4635800.0,38.15163803100586
2010-12-06,55.41999816894531,54.7599983215332,55.41999816894531,55.0,3246600.0,38.14469909667969
2010-12-07,55.939998626708984,54.349998474121094,55.5099983215332,54.58000183105469,6608100.0,37.85342025756836
2010-12-08,54.83000183105469,53.369998931884766,54.560001373291016,54.40999984741211,7148400.0,37.73551559448242
2010-12-09,54.77000045776367,53.70000076293945,54.709999084472656,54.220001220703125,3498700.0,37.6037483215332
2010-12-10,54.61000061035156,53.470001220703125,54.130001068115234,53.63999938964844,5588600.0,37.20148849487305
2010-12-13,53.970001220703125,53.27000045776367,53.849998474121094,53.400001525878906,5981200.0,37.03504943847656
2010-12-14,54.0,53.16999816894531,53.369998931884766,53.58000183105469,3844000.0,37.15987777709961
2010-12-15,53.7599983215332,53.060001373291016,53.459999084472656,53.70000076293945,3901100.0,37.24309539794922
2010-12-16,54.36000061035156,53.36000061035156,53.66999816894531,54.220001220703125,4366900.0,37.6037483215332
2010-12-17,54.0,53.43000030517578,53.880001068115234,53.79999923706055,8336700.0,37.312461853027344
2010-12-20,54.36000061035156,53.65999984741211,54.09000015258789,54.29999923706055,3727700.0,37.65923309326172
2010-12-21,54.869998931884766,53.7599983215332,54.529998779296875,54.11000061035156,2684600.0,37.52745056152344
2010-12-22,54.189998626708984,53.599998474121094,54.0,53.779998779296875,2020500.0,37.298583984375
2010-12-23,53.880001068115234,53.25,53.7599983215332,53.68000030517578,2551000.0,37.2292366027832
2010-12-27,53.7400016784668,52.900001525878906,53.58000183105469,53.650001525878906,2665800.0,37.20841979980469
2010-12-28,54.16999816894531,53.439998626708984,53.75,54.099998474121094,3056000.0,37.5205192565918
2010-12-29,54.779998779296875,54.060001373291016,54.150001525878906,54.2599983215332,5381800.0,37.631492614746094
2010-12-30,54.70000076293945,54.209999084472656,54.25,54.54999923706055,1957600.0,37.83260726928711
2010-12-31,54.45000076293945,53.970001220703125,54.369998931884766,54.34000015258789,2159000.0,37.68695831298828
2011-01-03,54.779998779296875,54.189998626708984,54.61000061035156,54.27000045776367,2788700.0,37.638423919677734
2011-01-04,54.5,53.77000045776367,54.279998779296875,54.34000015258789,3462000.0,37.68695831298828
2011-01-05,54.130001068115234,53.75,53.83000183105469,53.900001525878906,4160800.0,37.38181686401367
2011-01-06,53.4900016784668,51.97999954223633,53.4900016784668,52.22999954223633,14819000.0,36.22359848022461
2011-01-07,52.06999969482422,51.06999969482422,52.04999923706055,51.900001525878906,11479600.0,35.99473571777344
2011-01-10,52.34000015258789,51.439998626708984,51.81999969482422,52.27000045776367,4286600.0,36.2513427734375
2011-01-11,52.4900016784668,51.66999816894531,52.33000183105469,52.29999923706055,4586400.0,36.272151947021484
2011-01-12,52.400001525878906,51.599998474121094,52.369998931884766,51.70000076293945,4767900.0,35.856021881103516
2011-01-13,51.810001373291016,51.130001068115234,51.810001373291016,51.47999954223633,5390400.0,35.70344161987305
2011-01-14,51.630001068115234,51.310001373291016,51.52000045776367,51.5099983215332,3177800.0,35.72425079345703
2011-01-18,52.0,51.22999954223633,51.599998474121094,51.290000915527344,3341400.0,35.57167053222656
2011-01-19,51.5,50.93000030517578,51.36000061035156,50.970001220703125,3859100.0,35.3497428894043
2011-01-20,51.77000045776367,50.81999969482422,50.869998931884766,51.29999923706055,5471900.0,35.57860565185547
2011-01-21,51.810001373291016,50.970001220703125,51.43000030517578,51.75,5751000.0,35.890708923339844
2011-01-24,52.060001373291016,51.470001220703125,51.63999938964844,52.029998779296875,3013900.0,36.08488464355469
2011-01-25,52.81999969482422,51.90999984741211,52.099998474121094,52.54999923706055,3907200.0,36.445533752441406
2011-01-26,52.72999954223633,52.04999923706055,52.72999954223633,52.16999816894531,4155200.0,36.18199157714844
2011-01-27,52.369998931884766,51.900001525878906,52.13999938964844,51.9900016784668,3655100.0,36.05715560913086
2011-01-28,52.040000915527344,50.970001220703125,52.0,51.20000076293945,2851600.0,35.50925827026367
2011-01-31,51.43000030517578,50.61000061035156,50.86000061035156,50.779998779296875,3032000.0,35.217960357666016
2011-02-01,51.540000915527344,50.45000076293945,51.11000061035156,51.31999969482422,3017400.0,35.59247589111328
2011-02-02,51.25,50.5099983215332,51.060001373291016,50.75,2878900.0,35.19715881347656
2011-02-03,51.65999984741211,50.560001373291016,51.33000183105469,51.060001373291016,2741100.0,35.412166595458984
2011-02-04,51.5,50.779998779296875,51.119998931884766,51.18000030517578,2278400.0,35.495384216308594
2011-02-07,51.93000030517578,51.20000076293945,51.5099983215332,51.77000045776367,2956500.0,35.90456008911133
2011-02-08,52.310001373291016,51.400001525878906,51.619998931884766,52.29999923706055,4243300.0,36.272151947021484
2011-02-09,53.29999923706055,52.209999084472656,52.29999923706055,52.79999923706055,3923600.0,36.61891555786133
2011-02-10,53.040000915527344,52.290000915527344,52.47999954223633,53.0,2529900.0,36.75762176513672
2011-02-11,52.869998931884766,52.41999816894531,52.81999969482422,52.75,2607200.0,36.58425521850586
2011-02-14,52.849998474121094,52.099998474121094,52.79999923706055,52.33000183105469,2357200.0,36.29296112060547
2011-02-15,52.459999084472656,52.0,52.25,52.36000061035156,2833200.0,36.31376266479492
2011-02-16,53.27000045776367,52.0099983215332,52.54999923706055,53.20000076293945,5052400.0,36.896324157714844
2011-02-17,53.630001068115234,52.650001525878906,52.97999954223633,53.540000915527344,4367600.0,37.13213348388672
2011-02-18,53.619998931884766,53.16999816894531,53.540000915527344,53.41999816894531,3667800.0,37.048912048339844
2011-02-22,53.18000030517578,52.02000045776367,52.95000076293945,52.22999954223633,4625300.0,36.22359848022461
2011-02-23,52.209999084472656,51.029998779296875,52.099998474121094,52.02000045776367,5162100.0,36.077964782714844
2011-02-24,54.619998931884766,52.5099983215332,53.63999938964844,53.79999923706055,7895300.0,37.312461853027344
2011-02-25,54.779998779296875,53.0099983215332,54.099998474121094,53.34000015258789,4110100.0,36.99342346191406
2011-02-28,53.939998626708984,53.220001220703125,53.5099983215332,53.88999938964844,2876400.0,37.374881744384766
2011-03-01,54.150001525878906,53.2400016784668,53.90999984741211,53.279998779296875,3294700.0,36.951820373535156
2011-03-02,54.189998626708984,53.11000061035156,53.209999084472656,54.040000915527344,4306300.0,37.47890090942383
2011-03-03,54.709999084472656,53.47999954223633,54.290000915527344,54.290000915527344,4769000.0,37.65229415893555
2011-03-04,54.45000076293945,53.27000045776367,54.189998626708984,54.08000183105469,4216200.0,37.506649017333984
2011-03-07,54.4900016784668,53.4900016784668,54.099998474121094,53.54999923706055,3865200.0,37.31155776977539
2011-03-08,54.369998931884766,53.36000061035156,53.68000030517578,54.22999954223633,2652900.0,37.78535461425781
2011-03-09,55.77000045776367,54.20000076293945,54.25,55.689998626708984,3934100.0,38.802608489990234
2011-03-10,55.91999816894531,55.040000915527344,55.099998474121094,55.060001373291016,4185500.0,38.36366271972656
2011-03-11,55.22999954223633,54.36000061035156,54.5,54.459999084472656,4238500.0,37.94560241699219
2011-03-14,54.36000061035156,53.25,54.25,53.77000045776367,3968900.0,37.46485137939453
2011-03-15,53.75,52.7599983215332,52.95000076293945,53.25,3996100.0,37.10251998901367
2011-03-16,53.66999816894531,52.630001068115234,53.0099983215332,52.70000076293945,4734600.0,36.71931076049805
2011-03-17,53.61000061035156,52.79999923706055,53.2400016784668,53.40999984741211,4043600.0,37.21399688720703
2011-03-18,54.0099983215332,52.540000915527344,53.81999969482422,52.77000045776367,5240500.0,36.76807403564453
2011-03-21,53.279998779296875,52.43000030517578,53.279998779296875,52.959999084472656,4066800.0,36.900455474853516
2011-03-22,53.290000915527344,52.7400016784668,53.08000183105469,52.95000076293945,3216100.0,36.89350128173828
2011-03-23,52.900001525878906,52.400001525878906,52.75,52.43000030517578,4079600.0,36.53118896484375
2011-03-24,53.0099983215332,52.220001220703125,52.4900016784668,52.93000030517578,5146900.0,36.87956237792969
2011-03-25,53.650001525878906,52.66999816894531,52.900001525878906,53.5,3277600.0,37.27671432495117
2011-03-28,53.709999084472656,52.77000045776367,53.41999816894531,52.79999923706055,2282500.0,36.78898239135742
2011-03-29,53.060001373291016,52.61000061035156,52.709999084472656,53.040000915527344,3613600.0,36.95621109008789
2011-03-30,53.33000183105469,52.560001373291016,52.77000045776367,53.09000015258789,5555400.0,36.99104309082031
2011-03-31,53.04999923706055,52.36000061035156,52.97999954223633,53.040000915527344,4452900.0,36.95621109008789
2011-04-01,54.16999816894531,53.13999938964844,53.150001525878906,54.040000915527344,3615300.0,37.65296173095703
2011-04-04,54.22999954223633,53.34000015258789,54.040000915527344,53.560001373291016,3357400.0,37.31852722167969
2011-04-05,54.720001220703125,53.20000076293945,53.40999984741211,54.54999923706055,3866600.0,38.00831604003906
2011-04-06,54.75,53.86000061035156,54.70000076293945,54.279998779296875,5283700.0,37.8201789855957
2011-04-07,55.40999984741211,54.31999969482422,54.5,54.7599983215332,4624800.0,38.15464782714844
2011-04-08,54.93000030517578,53.88999938964844,54.91999816894531,54.20000076293945,1876200.0,37.76444625854492
2011-04-11,54.720001220703125,54.04999923706055,54.04999923706055,54.20000076293945,2831600.0,37.76444625854492
2011-04-12,54.83000183105469,54.0,54.06999969482422,54.34000015258789,4621400.0,37.86199188232422
2011-04-13,54.470001220703125,53.79999923706055,54.369998931884766,54.060001373291016,2741200.0,37.66691589355469
2011-04-14,54.20000076293945,53.43000030517578,53.9900016784668,53.900001525878906,3259200.0,37.55541229248047
2011-04-15,54.04999923706055,53.18000030517578,54.0099983215332,53.27000045776367,4617000.0,37.11646270751953
2011-04-18,53.099998474121094,52.34000015258789,52.79999923706055,52.560001373291016,5402200.0,36.62174606323242
2011-04-19,52.7400016784668,52.04999923706055,52.599998474121094,52.2599983215332,3746300.0,36.412723541259766
2011-04-20,52.9900016784668,52.369998931884766,52.65999984741211,52.470001220703125,3727200.0,36.559043884277344
2011-04-21,52.59000015258789,51.939998626708984,52.540000915527344,52.029998779296875,7275900.0,36.252471923828125
2011-04-25,52.31999969482422,51.849998474121094,52.0,52.119998931884766,2562400.0,36.31517028808594
2011-04-26,53.150001525878906,52.0099983215332,52.11000061035156,53.130001068115234,3300000.0,37.018917083740234
2011-04-27,53.560001373291016,53.02000045776367,53.15999984741211,53.349998474121094,3645800.0,37.172203063964844
2011-04-28,53.33000183105469,52.7400016784668,53.15999984741211,53.09000015258789,3834600.0,36.99104309082031
2011-04-29,53.18000030517578,52.52000045776367,53.04999923706055,52.709999084472656,3665700.0,36.72627639770508
2011-05-02,53.52000045776367,52.72999954223633,53.40999984741211,52.77000045776367,3373300.0,36.76807403564453
2011-05-03,53.209999084472656,52.56999969482422,52.75,53.130001068115234,2466500.0,37.018917083740234
2011-05-04,53.5099983215332,52.52000045776367,53.18000030517578,53.349998474121094,4200300.0,37.172203063964844
2011-05-05,53.63999938964844,51.52000045776367,51.84000015258789,52.790000915527344,9592300.0,36.782020568847656
2011-05-06,53.20000076293945,51.9900016784668,53.13999938964844,52.220001220703125,4919500.0,36.384857177734375
2011-05-09,52.380001068115234,51.72999954223633,52.25,52.290000915527344,2015500.0,36.43363952636719
2011-05-10,53.11000061035156,52.130001068115234,52.38999938964844,52.93000030517578,2940000.0,36.87956237792969
2011-05-11,53.650001525878906,52.650001525878906,53.25,53.61000061035156,6313000.0,37.35335922241211
2011-05-12,55.900001525878906,53.650001525878906,54.0,55.68000030517578,9691500.0,38.795654296875
2011-05-13,56.27000045776367,54.88999938964844,55.54999923706055,55.16999816894531,5710700.0,38.44029998779297
2011-05-16,55.4900016784668,54.93000030517578,55.099998474121094,55.349998474121094,3431700.0,38.565711975097656
2011-05-17,56.20000076293945,55.060001373291016,55.099998474121094,55.650001525878906,3531400.0,38.774757385253906
2011-05-18,56.560001373291016,55.75,56.0099983215332,56.4900016784668,3858800.0,39.36003875732422
2011-05-19,56.75,56.27000045776367,56.59000015258789,56.56999969482422,2699700.0,39.41576385498047
2011-05-20,56.400001525878906,54.400001525878906,56.36000061035156,54.65999984741211,6538700.0,38.08495330810547
2011-05-23,55.099998474121094,53.4900016784668,54.16999816894531,54.97999954223633,2801800.0,38.307918548583984
2011-05-24,55.08000183105469,54.209999084472656,55.0,54.529998779296875,3416400.0,37.99439239501953
2011-05-25,54.41999816894531,53.66999816894531,54.290000915527344,54.209999084472656,3293300.0,37.77141189575195
2011-05-26,54.43000030517578,53.97999954223633,54.04999923706055,54.209999084472656,3135100.0,37.77141189575195
2011-05-27,54.720001220703125,53.529998779296875,54.290000915527344,53.619998931884766,3469800.0,37.36033248901367
2011-05-31,53.959999084472656,53.099998474121094,53.83000183105469,53.2400016784668,5014300.0,37.095558166503906
2011-06-01,53.20000076293945,52.560001373291016,53.029998779296875,52.91999816894531,4272300.0,36.87259292602539
2011-06-02,52.40999984741211,50.88999938964844,52.22999954223633,51.38999938964844,6974100.0,35.80654525756836
2011-06-03,51.72999954223633,50.529998779296875,50.79999923706055,50.66999816894531,4811000.0,35.30488586425781
2011-06-06,51.099998474121094,50.22999954223633,50.349998474121094,50.4900016784668,3658200.0,35.35388946533203
2011-06-07,51.470001220703125,50.619998931884766,50.65999984741211,50.91999816894531,4283500.0,35.65497970581055
2011-06-08,51.02000045776367,50.290000915527344,50.900001525878906,50.86000061035156,4463700.0,35.61297607421875
2011-06-09,51.45000076293945,50.630001068115234,50.869998931884766,50.689998626708984,4230900.0,35.49394226074219
2011-06-10,50.79999923706055,49.65999984741211,50.5,49.7599983215332,4223500.0,34.842742919921875
2011-06-13,50.119998931884766,49.310001373291016,49.79999923706055,49.79999923706055,3354800.0,34.870750427246094
2011-06-14,50.790000915527344,49.83000183105469,50.209999084472656,50.22999954223633,5188000.0,35.171844482421875
2011-06-15,50.18000030517578,49.619998931884766,49.900001525878906,49.77000045776367,3705600.0,34.84973907470703
2011-06-16,50.45000076293945,49.56999969482422,49.86000061035156,49.97999954223633,3545400.0,34.99679183959961
2011-06-17,50.959999084472656,49.81999969482422,50.290000915527344,50.130001068115234,5490000.0,35.101810455322266
2011-06-20,51.22999954223633,49.90999984741211,50.029998779296875,51.060001373291016,2975800.0,35.75303268432617
2011-06-21,51.31999969482422,50.810001373291016,51.13999938964844,51.15999984741211,3577200.0,35.82304382324219
2011-06-22,51.54999923706055,50.81999969482422,51.099998474121094,50.81999969482422,3626000.0,35.584964752197266
2011-06-23,51.4900016784668,50.34000015258789,50.38999938964844,50.900001525878906,4850900.0,35.640987396240234
2011-06-24,50.88999938964844,49.09000015258789,50.79999923706055,49.45000076293945,6646700.0,34.625675201416016
2011-06-27,50.43000030517578,49.45000076293945,49.560001373291016,50.220001220703125,2917500.0,35.164833068847656
2011-06-28,50.88999938964844,50.16999816894531,50.34000015258789,50.720001220703125,2805400.0,35.51495361328125
2011-06-29,51.45000076293945,50.400001525878906,50.939998626708984,50.43000030517578,3311500.0,35.311885833740234
2011-06-30,50.900001525878906,49.83000183105469,50.540000915527344,50.0099983215332,5577200.0,35.017791748046875
2011-07-01,51.900001525878906,49.9900016784668,50.150001525878906,51.790000915527344,3688200.0,36.26417922973633
2011-07-05,51.810001373291016,51.25,51.720001220703125,51.52000045776367,2909600.0,36.07512664794922
2011-07-06,52.150001525878906,51.189998626708984,51.540000915527344,52.09000015258789,4228000.0,36.4742431640625
2011-07-07,56.13999938964844,54.33000183105469,54.599998474121094,55.779998779296875,9132600.0,39.058040618896484
2011-07-08,55.54999923706055,54.63999938964844,54.63999938964844,55.18000030517578,4251200.0,38.63790512084961
2011-07-11,55.20000076293945,54.25,54.68000030517578,55.119998931884766,3837800.0,38.59589385986328
2011-07-12,56.380001068115234,54.79999923706055,54.90999984741211,55.880001068115234,5388200.0,39.1280517578125
2011-07-13,56.279998779296875,55.619998931884766,56.150001525878906,55.779998779296875,3395600.0,39.058040618896484
2011-07-14,56.20000076293945,55.5,55.83000183105469,55.970001220703125,2729000.0,39.19108200073242
2011-07-15,56.08000183105469,55.33000183105469,56.08000183105469,55.75,2631900.0,39.03704071044922
2011-07-18,55.849998474121094,54.75,55.689998626708984,55.11000061035156,3224000.0,38.58888244628906
2011-07-19,56.77000045776367,55.31999969482422,55.43000030517578,56.58000183105469,2644700.0,39.618202209472656
2011-07-20,56.630001068115234,55.86000061035156,56.630001068115234,56.279998779296875,2143400.0,39.40815734863281
2011-07-21,57.38999938964844,56.459999084472656,56.58000183105469,56.900001525878906,2935300.0,39.842288970947266
2011-07-22,57.099998474121094,56.34000015258789,57.06999969482422,57.0,1849300.0,39.912296295166016
2011-07-25,56.43000030517578,55.79999923706055,56.119998931884766,55.939998626708984,2168900.0,39.17005920410156
2011-07-26,56.45000076293945,55.65999984741211,56.08000183105469,56.11000061035156,2366300.0,39.28911590576172
2011-07-27,56.130001068115234,54.88999938964844,55.77000045776367,55.0,2155700.0,38.511871337890625
2011-07-28,56.0099983215332,55.040000915527344,55.06999969482422,55.16999816894531,2303200.0,38.63090515136719
2011-07-29,55.45000076293945,54.209999084472656,54.709999084472656,54.709999084472656,3007600.0,38.308807373046875
2011-08-01,55.209999084472656,53.95000076293945,55.209999084472656,54.529998779296875,2966500.0,38.182777404785156
2011-08-02,54.2599983215332,52.47999954223633,54.099998474121094,52.47999954223633,3618200.0,36.7473258972168
2011-08-03,52.56999969482422,51.119998931884766,52.5,51.790000915527344,6141900.0,36.26417922973633
2011-08-04,50.040000915527344,47.529998779296875,49.54999923706055,47.66999816894531,10862600.0,33.37929153442383
2011-08-05,48.36000061035156,46.369998931884766,48.290000915527344,47.29999923706055,8544700.0,33.12019729614258
2011-08-08,46.72999954223633,42.97999954223633,46.38999938964844,43.220001220703125,8079900.0,30.263328552246094
2011-08-09,46.59000015258789,43.220001220703125,43.84000015258789,46.560001373291016,8097500.0,32.60204315185547
2011-08-10,45.810001373291016,44.25,45.65999984741211,44.290000915527344,6506200.0,31.012569427490234
2011-08-11,48.41999816894531,46.310001373291016,46.400001525878906,47.5,8613600.0,33.26024627685547
2011-08-12,48.72999954223633,47.11000061035156,47.77000045776367,47.540000915527344,6356000.0,33.288246154785156
2011-08-15,47.90999984741211,46.95000076293945,47.88999938964844,47.529998779296875,3444300.0,33.28125762939453
2011-08-16,47.97999954223633,46.79999923706055,47.06999969482422,47.529998779296875,3932800.0,33.28125762939453
2011-08-17,48.45000076293945,46.33000183105469,47.83000183105469,46.880001068115234,4228600.0,32.82611846923828
2011-08-18,45.77000045776367,44.36000061035156,45.5,45.43000030517578,6596600.0,31.810802459716797
2011-08-19,45.7400016784668,44.459999084472656,44.689998626708984,45.119998931884766,3833500.0,31.593734741210938
2011-08-22,46.06999969482422,45.209999084472656,45.869998931884766,45.45000076293945,2395100.0,31.824810028076172
2011-08-23,47.13999938964844,45.220001220703125,45.63999938964844,47.060001373291016,4009000.0,32.9521484375
2011-08-24,48.0,46.70000076293945,46.84000015258789,47.5,2985200.0,33.26024627685547
2011-08-25,48.0,46.22999954223633,47.77000045776367,46.40999984741211,3094200.0,32.49702835083008
2011-08-26,47.34000015258789,45.54999923706055,46.119998931884766,46.900001525878906,3258100.0,32.840110778808594
2011-08-29,47.709999084472656,47.040000915527344,47.52000045776367,47.66999816894531,3727000.0,33.37929153442383
2011-08-30,47.150001525878906,46.209999084472656,47.119998931884766,46.630001068115234,9393600.0,32.65105438232422
2011-08-31,47.33000183105469,46.040000915527344,46.93000030517578,46.34000015258789,7523000.0,32.44800567626953
2011-09-01,46.63999938964844,45.0,45.9900016784668,45.38999938964844,7009600.0,31.782793045043945
2011-09-02,44.54999923706055,43.77000045776367,44.279998779296875,43.93000030517578,4510400.0,30.930845260620117
2011-09-06,43.630001068115234,42.63999938964844,42.81999969482422,43.58000183105469,3316600.0,30.684402465820312
2011-09-07,45.119998931884766,43.7400016784668,44.130001068115234,44.970001220703125,3763200.0,31.66309928894043
2011-09-08,44.84000015258789,43.61000061035156,44.619998931884766,43.869998931884766,4501400.0,30.88859748840332
2011-09-09,43.61000061035156,42.25,43.369998931884766,42.599998474121094,4680300.0,29.994396209716797
2011-09-12,44.04999923706055,42.13999938964844,42.20000076293945,43.97999954223633,5167300.0,30.96605110168457
2011-09-13,44.66999816894531,43.459999084472656,43.939998626708984,43.939998626708984,5228200.0,30.93787956237793
2011-09-14,45.81999969482422,43.779998779296875,43.959999084472656,45.02000045776367,5182700.0,31.698299407958984
2011-09-15,47.2400016784668,45.45000076293945,45.560001373291016,46.970001220703125,6882300.0,33.0712890625
2011-09-16,48.25,47.130001068115234,47.130001068115234,47.5,6037900.0,33.444454193115234
2011-09-19,47.5,46.529998779296875,46.75,47.31999969482422,4139700.0,33.31771469116211
2011-09-20,47.7400016784668,46.540000915527344,47.54999923706055,46.849998474121094,4134600.0,32.98679733276367
2011-09-21,47.04999923706055,45.02000045776367,46.77000045776367,45.029998779296875,5331500.0,31.705345153808594
2011-09-22,45.43000030517578,43.68000030517578,43.720001220703125,44.630001068115234,5353900.0,31.4237117767334
2011-09-23,46.34000015258789,44.20000076293945,44.20000076293945,46.18000030517578,7085300.0,32.51504135131836
2011-09-26,48.130001068115234,46.459999084472656,46.5099983215332,47.939998626708984,5568900.0,33.75425338745117
2011-09-27,49.0,47.459999084472656,48.68000030517578,47.66999816894531,6035900.0,33.56415557861328
2011-09-28,48.959999084472656,47.470001220703125,47.939998626708984,47.72999954223633,6502000.0,33.606407165527344
2011-09-29,49.4900016784668,48.060001373291016,48.779998779296875,49.08000183105469,6749700.0,34.556922912597656
2011-09-30,50.84000015258789,48.029998779296875,48.33000183105469,49.099998474121094,9678900.0,34.57100296020508
2011-10-03,50.22999954223633,47.720001220703125,49.119998931884766,47.7400016784668,6463600.0,33.61343765258789
2011-10-04,49.810001373291016,47.040000915527344,47.20000076293945,49.7400016784668,6100000.0,35.02162551879883
2011-10-05,50.29999923706055,48.7599983215332,49.540000915527344,49.5099983215332,6150100.0,34.859683990478516
2011-10-06,50.970001220703125,49.4900016784668,50.61000061035156,50.08000183105469,6472200.0,35.26102066040039
2011-10-07,51.369998931884766,50.040000915527344,50.06999969482422,50.16999816894531,5159700.0,35.32439422607422
2011-10-10,52.119998931884766,50.900001525878906,50.91999816894531,51.7400016784668,4060400.0,36.429813385009766
2011-10-11,51.65999984741211,49.709999084472656,51.65999984741211,50.08000183105469,6524100.0,35.26102066040039
2011-10-12,51.02000045776367,49.90999984741211,50.22999954223633,50.220001220703125,5617800.0,35.35958480834961
2011-10-13,50.630001068115234,49.47999954223633,49.93000030517578,49.689998626708984,4620600.0,34.986419677734375
2011-10-14,50.650001525878906,49.849998474121094,50.27000045776367,50.45000076293945,2722600.0,35.52153778076172
2011-10-17,50.790000915527344,49.86000061035156,50.11000061035156,49.970001220703125,2961100.0,35.183563232421875
2011-10-18,52.880001068115234,49.630001068115234,50.0099983215332,52.20000076293945,5257500.0,36.75369644165039
2011-10-19,52.68000030517578,51.880001068115234,52.0,52.029998779296875,3908100.0,36.63399887084961
2011-10-20,53.72999954223633,51.18000030517578,51.18000030517578,52.93000030517578,6860500.0,37.2676887512207
2011-10-21,54.68000030517578,53.41999816894531,53.41999816894531,54.189998626708984,4326100.0,38.15485382080078
2011-10-24,55.45000076293945,53.900001525878906,54.189998626708984,54.369998931884766,4587000.0,38.281578063964844
2011-10-25,54.099998474121094,52.779998779296875,53.75,52.880001068115234,3097100.0,37.23248291015625
2011-10-26,53.77000045776367,51.709999084472656,53.63999938964844,52.31999969482422,4422400.0,36.838199615478516
2011-10-27,54.86000061035156,52.790000915527344,53.709999084472656,54.70000076293945,4619300.0,38.51393508911133
2011-10-28,54.7400016784668,52.279998779296875,54.029998779296875,53.06999969482422,4669000.0,37.36625671386719
2011-10-31,53.5,52.43000030517578,52.599998474121094,53.0099983215332,2932400.0,37.32401657104492
2011-11-01,53.75,51.43000030517578,51.630001068115234,53.18000030517578,5499400.0,37.443721771240234
2011-11-02,54.560001373291016,53.33000183105469,53.84000015258789,54.5,4011700.0,38.37311935424805
2011-11-03,56.38999938964844,53.04999923706055,54.560001373291016,55.79999923706055,6364000.0,39.28843307495117
2011-11-04,56.22999954223633,55.06999969482422,55.25,56.08000183105469,2804300.0,39.4855842590332
2011-11-07,56.630001068115234,55.41999816894531,55.689998626708984,55.849998474121094,2078000.0,39.32363510131836
2011-11-08,56.36000061035156,54.58000183105469,56.310001373291016,55.68000030517578,3297800.0,39.20393753051758
2011-11-09,54.9900016784668,53.77000045776367,54.45000076293945,54.290000915527344,3994700.0,38.22525405883789
2011-11-10,56.529998779296875,54.939998626708984,55.5099983215332,55.36000061035156,6355600.0,38.97863006591797
2011-11-11,56.65999984741211,55.59000015258789,55.900001525878906,56.52000045776367,3589400.0,39.795387268066406
2011-11-14,56.619998931884766,55.5099983215332,55.7400016784668,55.77000045776367,2608000.0,39.26731491088867
2011-11-15,56.22999954223633,55.20000076293945,55.43000030517578,55.7599983215332,2657100.0,39.26028060913086
2011-11-16,56.25,55.150001525878906,55.25,55.59000015258789,2906100.0,39.14058303833008
2011-11-17,56.189998626708984,54.5,55.599998474121094,54.970001220703125,3784100.0,38.704044342041016
2011-11-18,55.59000015258789,54.869998931884766,55.45000076293945,55.34000015258789,2707300.0,38.96455001831055
2011-11-21,54.75,53.25,54.63999938964844,54.349998474121094,3388400.0,38.26749801635742
2011-11-22,54.65999984741211,53.72999954223633,54.41999816894531,53.779998779296875,2853700.0,37.86616516113281
2011-11-23,53.15999984741211,52.130001068115234,53.119998931884766,52.13999938964844,3146200.0,36.711456298828125
2011-11-25,52.75,51.63999938964844,51.880001068115234,51.810001373291016,2008300.0,36.479103088378906
2011-11-28,53.88999938964844,51.97999954223633,53.72999954223633,52.279998779296875,5186300.0,36.810020446777344
2011-11-29,53.029998779296875,52.15999984741211,52.4900016784668,52.65999984741211,3412700.0,37.07758712768555
2011-11-30,53.970001220703125,53.08000183105469,53.83000183105469,53.79999923706055,4252000.0,37.8802490234375
2011-12-01,51.790000915527344,49.650001525878906,50.599998474121094,50.369998931884766,13270100.0,35.465206146240234
2011-12-02,51.5,50.27000045776367,50.33000183105469,50.5099983215332,5080700.0,35.563777923583984
2011-12-05,50.9900016784668,50.279998779296875,50.630001068115234,50.7599983215332,4382200.0,35.917579650878906
2011-12-06,51.040000915527344,50.43000030517578,50.93000030517578,50.72999954223633,4083700.0,35.89635467529297
2011-12-07,51.189998626708984,50.290000915527344,50.91999816894531,50.68000030517578,3989900.0,35.860965728759766
2011-12-08,51.15999984741211,50.43000030517578,50.540000915527344,50.560001373291016,3360900.0,35.77606201171875
2011-12-09,51.22999954223633,50.47999954223633,50.59000015258789,50.900001525878906,3234400.0,36.016639709472656
2011-12-12,51.459999084472656,50.400001525878906,50.45000076293945,51.33000183105469,4694700.0,36.32089614868164
2011-12-13,51.599998474121094,50.0,51.33000183105469,50.36000061035156,6190900.0,35.63454055786133
2011-12-14,50.36000061035156,49.2400016784668,49.33000183105469,49.34000015258789,5938100.0,34.912784576416016
2011-12-15,50.310001373291016,48.93000030517578,49.97999954223633,49.029998779296875,3837900.0,34.69343185424805
2011-12-16,49.54999923706055,48.380001068115234,49.5,48.81999969482422,7830000.0,34.54484176635742
2011-12-19,49.22999954223633,48.02000045776367,48.77000045776367,48.13999938964844,3472700.0,34.06366729736328
2011-12-20,49.33000183105469,48.599998474121094,48.86000061035156,49.09000015258789,3397000.0,34.73589324951172
2011-12-21,49.599998474121094,48.720001220703125,48.970001220703125,49.43000030517578,3299100.0,34.976463317871094
2011-12-22,49.900001525878906,49.25,49.54999923706055,49.29999923706055,2412700.0,34.884483337402344
2011-12-23,50.02000045776367,49.25,49.349998474121094,49.970001220703125,1587100.0,35.35857009887695
2011-12-27,50.11000061035156,49.650001525878906,49.83000183105469,49.869998931884766,1674800.0,35.28782653808594
2011-12-28,50.47999954223633,49.849998474121094,50.18000030517578,50.09000015258789,1815600.0,35.4434928894043
2011-12-29,50.5,49.79999923706055,50.099998474121094,49.84000015258789,1555900.0,35.26658630371094
2011-12-30,49.9900016784668,49.349998474121094,49.959999084472656,49.349998474121094,1921100.0,34.919864654541016
2012-01-03,49.959999084472656,47.970001220703125,49.72999954223633,48.029998779296875,4955700.0,33.98583984375
2012-01-04,47.970001220703125,46.970001220703125,47.720001220703125,47.36000061035156,6032300.0,33.51174545288086
2012-01-05,47.11000061035156,45.20000076293945,45.2599983215332,46.52000045776367,9137400.0,32.91736602783203
2012-01-06,47.060001373291016,46.06999969482422,46.31999969482422,46.5099983215332,4171700.0,32.910301208496094
2012-01-09,46.72999954223633,45.779998779296875,46.599998474121094,46.0099983215332,3703900.0,32.55649185180664
2012-01-10,46.31999969482422,45.7400016784668,46.2599983215332,46.029998779296875,4172500.0,32.57064437866211
2012-01-11,46.27000045776367,45.619998931884766,46.099998474121094,46.0099983215332,3462900.0,32.55649185180664
2012-01-12,46.540000915527344,45.79999923706055,46.04999923706055,46.40999984741211,3438900.0,32.83953857421875
2012-01-13,47.470001220703125,46.11000061035156,46.189998626708984,46.970001220703125,4074500.0,33.23579025268555
2012-01-17,47.61000061035156,46.95000076293945,47.2599983215332,47.13999938964844,3300700.0,33.356075286865234
2012-01-18,48.220001220703125,46.88999938964844,47.04999923706055,48.09000015258789,3759200.0,34.02830123901367
2012-01-19,48.83000183105469,47.95000076293945,48.060001373291016,48.470001220703125,4036100.0,34.297183990478516
2012-01-20,48.7599983215332,47.279998779296875,48.45000076293945,47.369998931884766,4277700.0,33.51883316040039
2012-01-23,47.61000061035156,47.0,47.349998474121094,47.5,3048100.0,33.61080551147461
2012-01-24,47.9900016784668,47.310001373291016,47.310001373291016,47.93000030517578,2644900.0,33.91508102416992
2012-01-25,48.150001525878906,47.15999984741211,47.880001068115234,47.75,4299800.0,33.787715911865234
2012-01-26,48.060001373291016,46.290000915527344,47.95000076293945,46.45000076293945,5622700.0,32.86784744262695
2012-01-27,46.81999969482422,46.15999984741211,46.369998931884766,46.689998626708984,3534400.0,33.037662506103516
2012-01-30,46.58000183105469,45.81999969482422,46.25,46.09000015258789,4016200.0,32.61311340332031
2012-01-31,46.439998626708984,45.779998779296875,46.310001373291016,45.9900016784668,4177600.0,32.5423469543457
2012-02-01,46.54999923706055,45.470001220703125,46.29999923706055,45.560001373291016,5926800.0,32.23807907104492
2012-02-02,47.02000045776367,45.849998474121094,47.02000045776367,46.77000045776367,5717100.0,33.09427261352539
2012-02-03,49.25,47.150001525878906,47.2400016784668,49.06999969482422,6131000.0,34.72174072265625
2012-02-06,49.290000915527344,48.4900016784668,48.86000061035156,48.79999923706055,3178900.0,34.53068923950195
2012-02-07,50.45000076293945,48.54999923706055,48.75,50.06999969482422,5844500.0,35.42933654785156
2012-02-08,50.439998626708984,49.75,50.040000915527344,50.13999938964844,3692400.0,35.47885513305664
2012-02-09,50.5,49.810001373291016,50.06999969482422,50.459999084472656,3803400.0,35.705299377441406
2012-02-10,49.95000076293945,49.45000076293945,49.95000076293945,49.880001068115234,3334800.0,35.29490280151367
2012-02-13,50.45000076293945,49.86000061035156,50.209999084472656,50.310001373291016,2444700.0,35.599159240722656
2012-02-14,51.040000915527344,50.0,50.290000915527344,50.900001525878906,3159600.0,36.016639709472656
2012-02-15,51.0,50.58000183105469,51.0,50.849998474121094,3206200.0,35.981266021728516
2012-02-16,52.130001068115234,50.75,50.79999923706055,51.970001220703125,4016400.0,36.773773193359375
2012-02-17,52.41999816894531,51.540000915527344,51.970001220703125,51.79999923706055,2745000.0,36.653480529785156
2012-02-21,52.68000030517578,51.4900016784668,52.029998779296875,51.790000915527344,4187400.0,36.64640426635742
2012-02-22,52.5,51.54999923706055,51.880001068115234,52.189998626708984,4348700.0,36.929439544677734
2012-02-23,50.650001525878906,48.90999984741211,50.58000183105469,49.11000061035156,9481000.0,34.75005340576172
2012-02-24,49.790000915527344,49.0099983215332,49.150001525878906,49.439998626708984,5340900.0,34.983543395996094
2012-02-27,49.43000030517578,48.81999969482422,49.380001068115234,49.209999084472656,4278400.0,34.82080078125
2012-02-28,49.70000076293945,48.79999923706055,49.22999954223633,49.54999923706055,2854900.0,35.06139373779297
2012-02-29,50.27000045776367,49.189998626708984,49.630001068115234,49.68000030517578,4924700.0,35.15336990356445
2012-03-01,49.849998474121094,48.650001525878906,49.189998626708984,48.869998931884766,5071400.0,34.58022689819336
2012-03-02,49.029998779296875,48.119998931884766,48.93000030517578,48.400001525878906,3128000.0,34.24764633178711
2012-03-05,48.36000061035156,47.400001525878906,47.970001220703125,48.119998931884766,2596400.0,34.27613830566406
2012-03-06,48.86000061035156,47.779998779296875,47.84000015258789,48.22999954223633,3945500.0,34.35450744628906
2012-03-07,48.470001220703125,47.88999938964844,48.2599983215332,48.220001220703125,2243200.0,34.347373962402344
2012-03-08,49.22999954223633,48.349998474121094,48.43000030517578,49.04999923706055,2098000.0,34.93859100341797
2012-03-09,50.380001068115234,49.70000076293945,50.08000183105469,50.2400016784668,2829800.0,35.786231994628906
2012-03-12,50.970001220703125,50.029998779296875,50.130001068115234,50.56999969482422,2684700.0,36.02129364013672
2012-03-13,51.4900016784668,50.619998931884766,50.79999923706055,51.25,3494300.0,36.50566864013672
2012-03-14,51.5,50.93000030517578,50.93000030517578,51.189998626708984,2834500.0,36.462921142578125
2012-03-15,51.45000076293945,50.54999923706055,51.400001525878906,51.119998931884766,1852700.0,36.41305160522461
2012-03-16,51.099998474121094,50.22999954223633,51.04999923706055,50.369998931884766,3043600.0,35.87882995605469
2012-03-19,49.599998474121094,48.54999923706055,49.599998474121094,48.720001220703125,5223200.0,34.703529357910156
2012-03-20,48.83000183105469,48.29999923706055,48.36000061035156,48.529998779296875,4931900.0,34.56819534301758
2012-03-21,49.119998931884766,48.52000045776367,48.7400016784668,48.7400016784668,3827100.0,34.7177734375
2012-03-22,48.9900016784668,47.84000015258789,48.560001373291016,48.04999923706055,4051700.0,34.226287841796875
2012-03-23,48.20000076293945,47.54999923706055,48.040000915527344,48.099998474121094,3051400.0,34.261898040771484
2012-03-26,48.75,48.209999084472656,48.41999816894531,48.47999954223633,2438100.0,34.53257369995117
2012-03-27,49.400001525878906,48.599998474121094,48.63999938964844,49.130001068115234,3181300.0,34.995574951171875
2012-03-28,49.369998931884766,48.400001525878906,49.060001373291016,48.970001220703125,2912800.0,34.88161087036133
2012-03-29,49.810001373291016,48.58000183105469,48.58000183105469,49.779998779296875,4119400.0,35.45857238769531
2012-03-30,50.25,49.59000015258789,49.79999923706055,50.029998779296875,5062300.0,35.63664245605469
2012-04-02,51.75,50.75,50.81999969482422,51.5,8571900.0,36.68373107910156
2012-04-03,52.099998474121094,51.41999816894531,51.41999816894531,51.810001373291016,4607100.0,36.9045524597168
2012-04-04,52.2400016784668,51.0,51.5,51.97999954223633,6911000.0,37.02565002441406
2012-04-05,51.38999938964844,49.95000076293945,51.349998474121094,50.31999969482422,9449400.0,35.84321212768555
2012-04-09,50.0099983215332,49.5099983215332,49.810001373291016,49.95000076293945,3557400.0,35.57966995239258
2012-04-10,50.16999816894531,48.7400016784668,49.9900016784668,48.95000076293945,3739700.0,34.86736297607422
2012-04-11,49.459999084472656,49.0,49.290000915527344,49.22999954223633,2367500.0,35.06679153442383
2012-04-12,50.279998779296875,49.06999969482422,49.29999923706055,49.91999816894531,3208900.0,35.55828857421875
2012-04-13,50.119998931884766,49.5099983215332,49.70000076293945,49.59000015258789,3049700.0,35.3232421875
2012-04-16,50.86000061035156,50.0,50.29999923706055,50.75,3266800.0,36.14951705932617
2012-04-17,51.54999923706055,50.83000183105469,51.04999923706055,51.150001525878906,3884500.0,36.43444061279297
2012-04-18,51.400001525878906,50.900001525878906,51.04999923706055,51.0099983215332,2878500.0,36.33470916748047
2012-04-19,51.459999084472656,50.279998779296875,50.90999984741211,50.529998779296875,3359200.0,35.992794036865234
2012-04-20,51.0,50.2599983215332,50.630001068115234,50.459999084472656,3036300.0,35.94293975830078
2012-04-23,50.189998626708984,49.5099983215332,50.09000015258789,49.97999954223633,2964700.0,35.601036071777344
2012-04-24,50.11000061035156,49.220001220703125,49.869998931884766,49.34000015258789,3997800.0,35.14514923095703
2012-04-25,50.060001373291016,49.45000076293945,49.7599983215332,49.7599983215332,2424000.0,35.44432830810547
2012-04-26,50.720001220703125,49.650001525878906,49.810001373291016,50.27000045776367,2650400.0,35.80760955810547
2012-04-27,51.439998626708984,49.959999084472656,50.29999923706055,50.79999923706055,2904200.0,36.185123443603516
2012-04-30,50.720001220703125,49.939998626708984,50.63999938964844,50.130001068115234,2782600.0,35.70787048339844
2012-05-01,50.65999984741211,49.459999084472656,49.959999084472656,50.34000015258789,3147100.0,35.857452392578125
2012-05-02,51.0,50.15999984741211,50.2400016784668,50.689998626708984,2974200.0,36.106773376464844
2012-05-03,51.70000076293945,50.349998474121094,50.4900016784668,51.25,5965300.0,36.50566864013672
2012-05-04,51.2400016784668,49.77000045776367,51.220001220703125,50.04999923706055,6162100.0,35.65089416503906
2012-05-07,50.47999954223633,49.86000061035156,49.93000030517578,50.209999084472656,3327400.0,35.764869689941406
2012-05-08,51.20000076293945,49.45000076293945,49.86000061035156,50.86000061035156,6574000.0,36.22786331176758
2012-05-09,51.54999923706055,50.18000030517578,50.400001525878906,50.86000061035156,5586200.0,36.22786331176758
2012-05-10,50.040000915527344,48.36000061035156,49.58000183105469,48.65999984741211,12675800.0,34.660789489746094
2012-05-11,48.779998779296875,48.060001373291016,48.5099983215332,48.18000030517578,4895900.0,34.318885803222656
2012-05-14,48.16999816894531,47.220001220703125,47.88999938964844,47.2599983215332,3471800.0,33.66355895996094
2012-05-15,47.380001068115234,46.65999984741211,47.0,46.900001525878906,4481200.0,33.40712356567383
2012-05-16,47.36000061035156,46.13999938964844,46.90999984741211,46.84000015258789,5490500.0,33.3643913269043
2012-05-17,47.77000045776367,46.380001068115234,47.130001068115234,46.41999816894531,5774000.0,33.06522750854492
2012-05-18,47.7599983215332,46.66999816894531,46.68000030517578,47.189998626708984,4718000.0,33.61370086669922
2012-05-21,47.91999816894531,47.09000015258789,47.279998779296875,47.7599983215332,2911400.0,34.019710540771484
2012-05-22,49.0,47.7400016784668,47.90999984741211,48.65999984741211,3706900.0,34.660789489746094
2012-05-23,49.08000183105469,48.189998626708984,48.5,48.93000030517578,2561700.0,34.85311508178711
2012-05-24,50.119998931884766,49.0,49.09000015258789,50.040000915527344,3365000.0,35.643768310546875
2012-05-25,50.959999084472656,49.97999954223633,49.97999954223633,50.4900016784668,3267200.0,35.964298248291016
2012-05-29,50.75,49.77000045776367,50.689998626708984,50.63999938964844,3418200.0,36.0711555480957
2012-05-30,49.34000015258789,47.86000061035156,48.2400016784668,48.81999969482422,6308600.0,34.774757385253906
2012-05-31,47.380001068115234,45.79999923706055,46.77000045776367,45.81999969482422,11303200.0,32.63784408569336
2012-06-01,45.400001525878906,44.31999969482422,44.84000015258789,44.70000076293945,6579200.0,31.840055465698242
2012-06-04,44.61000061035156,43.560001373291016,44.5099983215332,44.0,5460100.0,31.567428588867188
2012-06-05,44.13999938964844,43.650001525878906,43.880001068115234,44.0,6297700.0,31.567428588867188
2012-06-06,44.72999954223633,43.959999084472656,44.38999938964844,44.16999816894531,4425200.0,31.689393997192383
2012-06-07,44.56999969482422,43.65999984741211,44.5099983215332,43.970001220703125,4859400.0,31.54591178894043
2012-06-08,45.15999984741211,44.0,44.06999969482422,45.08000183105469,3292600.0,32.3422737121582
2012-06-11,45.380001068115234,43.93000030517578,45.33000183105469,43.970001220703125,2609800.0,31.54591178894043
2012-06-12,45.20000076293945,44.0099983215332,44.4900016784668,44.439998626708984,3008700.0,31.883113861083984
2012-06-13,44.31999969482422,43.2599983215332,44.15999984741211,43.380001068115234,3283800.0,31.12261199951172
2012-06-14,44.25,43.400001525878906,43.5099983215332,43.83000183105469,3257500.0,31.445463180541992
2012-06-15,44.56999969482422,44.09000015258789,44.18000030517578,44.540000915527344,5252500.0,31.954858779907227
2012-06-18,44.20000076293945,43.349998474121094,44.029998779296875,43.720001220703125,3660700.0,31.366552352905273
2012-06-19,44.58000183105469,43.45000076293945,43.91999816894531,44.43000030517578,3111100.0,31.875930786132812
2012-06-20,44.84000015258789,44.290000915527344,44.47999954223633,44.70000076293945,2511700.0,32.06963348388672
2012-06-21,44.91999816894531,43.47999954223633,44.81999969482422,43.779998779296875,3596100.0,31.409597396850586
2012-06-22,43.959999084472656,43.27000045776367,43.81999969482422,43.31999969482422,8037400.0,31.079561233520508
2012-06-25,43.5099983215332,42.7599983215332,43.04999923706055,43.130001068115234,3479900.0,30.943254470825195
2012-06-26,43.599998474121094,42.720001220703125,43.22999954223633,43.369998931884766,3234900.0,31.115442276000977
2012-06-27,43.720001220703125,42.90999984741211,43.369998931884766,43.560001373291016,2632800.0,31.251750946044922
2012-06-28,44.630001068115234,43.15999984741211,43.310001373291016,44.54999923706055,3624400.0,31.96202278137207
2012-06-29,45.52000045776367,44.790000915527344,45.13999938964844,45.4900016784668,3371100.0,32.63642120361328
2012-07-02,45.720001220703125,45.04999923706055,45.70000076293945,45.380001068115234,3015300.0,32.55750274658203
2012-07-03,45.459999084472656,44.02000045776367,45.459999084472656,44.2599983215332,2545400.0,31.753963470458984
2012-07-05,47.75,44.83000183105469,44.970001220703125,47.029998779296875,7802900.0,33.74127960205078
2012-07-06,47.9900016784668,46.29999923706055,46.54999923706055,47.75,5701100.0,34.25783920288086
2012-07-09,48.380001068115234,47.36000061035156,47.5099983215332,48.029998779296875,3594500.0,34.458717346191406
2012-07-10,48.33000183105469,47.47999954223633,48.16999816894531,47.95000076293945,3506900.0,34.40132522583008
2012-07-11,48.25,47.130001068115234,48.0,47.54999923706055,3297500.0,34.114349365234375
2012-07-12,47.529998779296875,46.75,47.439998626708984,47.119998931884766,3725900.0,33.805843353271484
2012-07-13,47.91999816894531,47.04999923706055,47.25,47.61000061035156,2884300.0,34.15739440917969
2012-07-16,47.79999923706055,47.2599983215332,47.47999954223633,47.650001525878906,1800900.0,34.186100006103516
2012-07-17,49.599998474121094,47.650001525878906,47.77000045776367,48.97999954223633,4320300.0,35.140281677246094
2012-07-18,49.380001068115234,48.5,48.68000030517578,49.189998626708984,2407000.0,35.290950775146484
2012-07-19,49.95000076293945,49.0099983215332,49.2599983215332,49.36000061035156,2506100.0,35.41291809082031
2012-07-20,49.459999084472656,48.689998626708984,49.18000030517578,48.7599983215332,2540200.0,34.982452392578125
2012-07-23,48.97999954223633,48.20000076293945,48.310001373291016,48.79999923706055,1300200.0,35.011146545410156
2012-07-24,48.970001220703125,47.61000061035156,48.720001220703125,48.04999923706055,2754700.0,34.47307205200195
2012-07-25,48.380001068115234,47.2599983215332,48.290000915527344,47.86000061035156,3267500.0,34.33676528930664
2012-07-26,48.63999938964844,47.13999938964844,48.61000061035156,47.599998474121094,3440100.0,34.15021896362305
2012-07-27,49.689998626708984,48.0099983215332,48.029998779296875,49.27000045776367,4084100.0,35.34835433959961
2012-07-30,50.16999816894531,48.97999954223633,49.20000076293945,49.810001373291016,2436600.0,35.73576736450195
2012-07-31,50.290000915527344,49.2400016784668,49.529998779296875,49.720001220703125,3298700.0,35.67119598388672
2012-08-01,50.959999084472656,49.310001373291016,50.0,49.72999954223633,3920900.0,35.678367614746094
2012-08-02,51.849998474121094,49.77000045776367,49.83000183105469,50.13999938964844,3861200.0,35.97250747680664
2012-08-03,51.720001220703125,50.34000015258789,51.16999816894531,51.11000061035156,3000800.0,36.66844177246094
2012-08-06,52.150001525878906,51.189998626708984,51.25,52.02000045776367,3358000.0,37.32130813598633
2012-08-07,52.380001068115234,51.779998779296875,52.369998931884766,51.83000183105469,2608500.0,37.185001373291016
2012-08-08,52.33000183105469,51.45000076293945,51.58000183105469,52.060001373291016,2220800.0,37.350013732910156
2012-08-09,53.2400016784668,51.0,52.83000183105469,51.41999816894531,7603500.0,36.89085006713867
2012-08-10,51.290000915527344,50.290000915527344,50.970001220703125,51.0,4847900.0,36.58952713012695
2012-08-13,51.619998931884766,50.560001373291016,50.939998626708984,50.630001068115234,2950100.0,36.324073791503906
2012-08-14,51.0,50.470001220703125,50.84000015258789,50.709999084472656,2873000.0,36.3814582824707
2012-08-15,51.22999954223633,50.619998931884766,50.66999816894531,51.029998779296875,3000700.0,36.611045837402344
2012-08-16,51.59000015258789,50.79999923706055,50.90999984741211,51.36000061035156,1831800.0,36.84779739379883
2012-08-17,51.97999954223633,51.27000045776367,51.38999938964844,51.959999084472656,1722600.0,37.278282165527344
2012-08-20,52.0,51.650001525878906,51.70000076293945,51.93000030517578,1478300.0,37.256744384765625
2012-08-21,52.040000915527344,51.459999084472656,51.93000030517578,51.70000076293945,1816100.0,37.091732025146484
2012-08-22,51.95000076293945,51.27000045776367,51.630001068115234,51.4900016784668,2482300.0,36.94107437133789
2012-08-23,51.790000915527344,51.220001220703125,51.52000045776367,51.45000076293945,2165000.0,36.912376403808594
2012-08-24,52.5,51.27000045776367,51.279998779296875,52.5,3606900.0,37.66567611694336
2012-08-27,52.83000183105469,52.13999938964844,52.470001220703125,52.540000915527344,2798600.0,37.694393157958984
2012-08-28,52.91999816894531,52.060001373291016,52.34000015258789,52.349998474121094,2701200.0,37.558067321777344
2012-08-29,52.459999084472656,51.66999816894531,52.09000015258789,52.29999923706055,2882900.0,37.52220153808594
2012-08-30,53.7400016784668,52.72999954223633,52.95000076293945,52.77000045776367,4709300.0,37.8593864440918
2012-08-31,53.15999984741211,52.099998474121094,52.91999816894531,52.20000076293945,2574300.0,37.67893981933594
2012-09-04,52.439998626708984,51.79999923706055,52.220001220703125,51.9900016784668,1927700.0,37.52736282348633
2012-09-05,51.970001220703125,51.18000030517578,51.88999938964844,51.20000076293945,2438900.0,36.957115173339844
2012-09-06,52.91999816894531,51.5,51.56999969482422,52.810001373291016,3258900.0,38.11925506591797
2012-09-07,52.900001525878906,52.31999969482422,52.77000045776367,52.529998779296875,1405200.0,37.91712951660156
2012-09-10,53.22999954223633,52.279998779296875,52.40999984741211,52.68000030517578,2327600.0,38.02540969848633
2012-09-11,52.849998474121094,51.900001525878906,52.72999954223633,52.02000045776367,2204600.0,37.549015045166016
2012-09-12,54.15999984741211,53.15999984741211,53.27000045776367,53.77000045776367,6026000.0,38.81220245361328
2012-09-13,53.93000030517578,53.09000015258789,53.779998779296875,53.70000076293945,2461600.0,38.76166915893555
2012-09-14,54.0,53.2599983215332,53.72999954223633,53.400001525878906,2576700.0,38.54512405395508
2012-09-17,53.58000183105469,53.060001373291016,53.400001525878906,53.29999923706055,1839700.0,38.472938537597656
2012-09-18,53.38999938964844,52.90999984741211,53.29999923706055,53.08000183105469,1995100.0,38.31414031982422
2012-09-19,53.75,53.04999923706055,53.11000061035156,53.459999084472656,2642700.0,38.58842849731445
2012-09-20,53.470001220703125,52.5,53.20000076293945,53.06999969482422,2679100.0,38.306915283203125
2012-09-21,53.36000061035156,52.689998626708984,53.06999969482422,52.81999969482422,5115800.0,38.126468658447266
2012-09-24,52.58000183105469,51.91999816894531,52.47999954223633,52.290000915527344,2653500.0,37.74390411376953
2012-09-25,52.849998474121094,51.150001525878906,52.369998931884766,51.18000030517578,2353200.0,36.94269561767578
2012-09-26,51.84000015258789,51.09000015258789,51.189998626708984,51.38999938964844,2231600.0,37.094268798828125
2012-09-27,51.58000183105469,50.68000030517578,51.400001525878906,51.0,2289900.0,36.812767028808594
2012-09-28,51.290000915527344,50.470001220703125,50.84000015258789,51.220001220703125,1821500.0,36.971561431884766
2012-10-01,52.529998779296875,51.290000915527344,51.34000015258789,51.81999969482422,2704700.0,37.404640197753906
2012-10-02,51.470001220703125,50.68000030517578,51.25,50.939998626708984,4470400.0,36.769447326660156
2012-10-03,52.41999816894531,50.97999954223633,51.0,52.2400016784668,3971100.0,37.70780944824219
2012-10-04,52.16999816894531,50.25,50.27000045776367,50.93000030517578,8685800.0,36.76222229003906
2012-10-05,51.689998626708984,50.709999084472656,51.22999954223633,51.0,3661700.0,36.812767028808594
2012-10-08,51.380001068115234,50.63999938964844,50.97999954223633,51.06999969482422,1875900.0,36.863285064697266
2012-10-09,51.33000183105469,50.439998626708984,51.09000015258789,50.599998474121094,2138500.0,36.52402877807617
2012-10-10,50.95000076293945,50.060001373291016,50.650001525878906,50.13999938964844,1905700.0,36.191986083984375
2012-10-11,51.630001068115234,50.22999954223633,50.619998931884766,51.15999984741211,5275600.0,36.92824172973633
2012-10-12,51.61000061035156,51.220001220703125,51.33000183105469,51.41999816894531,3899300.0,37.11592102050781
2012-10-15,51.97999954223633,51.279998779296875,51.63999938964844,51.709999084472656,2987700.0,37.32524490356445
2012-10-16,52.59000015258789,51.970001220703125,52.0,52.45000076293945,3259800.0,37.85939025878906
2012-10-17,53.290000915527344,52.279998779296875,52.619998931884766,52.810001373291016,3054000.0,38.11925506591797
2012-10-18,53.70000076293945,52.790000915527344,52.810001373291016,53.619998931884766,2829300.0,38.703922271728516
2012-10-19,53.93000030517578,52.630001068115234,53.47999954223633,52.93000030517578,3594800.0,38.20586013793945
2012-10-22,52.91999816894531,52.029998779296875,52.91999816894531,52.369998931884766,2255400.0,37.8016471862793
2012-10-23,52.0099983215332,51.400001525878906,51.959999084472656,51.709999084472656,2253800.0,37.32524490356445
2012-10-24,51.81999969482422,51.029998779296875,51.79999923706055,51.36000061035156,2785000.0,37.07261657714844
2012-10-25,51.720001220703125,50.93000030517578,51.689998626708984,51.59000015258789,1907100.0,37.23863983154297
2012-10-26,52.779998779296875,51.38999938964844,51.5099983215332,52.34000015258789,3052300.0,37.77999496459961
2012-10-31,53.720001220703125,52.5099983215332,52.88999938964844,53.279998779296875,4158000.0,38.45850372314453
2012-11-01,55.25,54.20000076293945,54.72999954223633,54.9900016784668,6015400.0,39.69281005859375
2012-11-02,55.209999084472656,54.54999923706055,55.119998931884766,54.54999923706055,2917600.0,39.375213623046875
2012-11-05,55.0,54.40999984741211,54.45000076293945,54.93000030517578,2911500.0,39.649513244628906
2012-11-06,55.11000061035156,54.79999923706055,55.0,55.11000061035156,4325700.0,39.779422760009766
2012-11-07,55.029998779296875,53.95000076293945,54.75,54.31999969482422,2501600.0,39.209197998046875
2012-11-08,53.380001068115234,51.5099983215332,52.400001525878906,51.54999923706055,6280200.0,37.20975875854492
2012-11-09,52.5099983215332,51.04999923706055,51.20000076293945,51.65999984741211,3137100.0,37.28915786743164
2012-11-12,51.7400016784668,51.11000061035156,51.7400016784668,51.18000030517578,2132100.0,36.94269561767578
2012-11-13,51.869998931884766,50.880001068115234,51.06999969482422,51.11000061035156,1789000.0,36.89216232299805
2012-11-14,51.970001220703125,51.13999938964844,51.36000061035156,51.22999954223633,2514300.0,36.97877502441406
2012-11-15,51.59000015258789,50.689998626708984,51.2599983215332,51.189998626708984,2172700.0,36.94989776611328
2012-11-16,51.47999954223633,50.70000076293945,51.459999084472656,51.029998779296875,2617100.0,36.83440399169922
2012-11-19,52.22999954223633,51.290000915527344,51.34000015258789,52.22999954223633,2192700.0,37.700592041015625
2012-11-20,52.349998474121094,51.59000015258789,52.2400016784668,52.13999938964844,1541900.0,37.63563537597656
2012-11-21,52.220001220703125,51.630001068115234,52.119998931884766,51.970001220703125,2247200.0,37.51292037963867
2012-11-23,52.349998474121094,51.630001068115234,52.27000045776367,52.25,1357900.0,37.715030670166016
2012-11-26,52.560001373291016,51.5099983215332,51.9900016784668,51.90999984741211,2157300.0,37.469608306884766
2012-11-27,52.09000015258789,51.13999938964844,51.779998779296875,51.15999984741211,2590400.0,36.92824172973633
2012-11-28,51.22999954223633,50.130001068115234,50.439998626708984,51.150001525878906,4111600.0,36.9210319519043
2012-11-29,47.18000030517578,44.95000076293945,46.0,45.02000045776367,20641600.0,32.49626922607422
2012-11-30,45.060001373291016,44.18000030517578,45.060001373291016,44.650001525878906,7726400.0,32.229209899902344
2012-12-03,44.61000061035156,43.7599983215332,44.470001220703125,43.77000045776367,4925900.0,31.82206916809082
2012-12-04,44.2400016784668,43.66999816894531,43.84000015258789,43.72999954223633,5079200.0,31.792985916137695
2012-12-05,44.38999938964844,43.41999816894531,43.880001068115234,44.150001525878906,3778000.0,32.09834671020508
2012-12-06,44.31999969482422,43.68000030517578,44.18000030517578,44.029998779296875,3673200.0,32.011104583740234
2012-12-07,44.38999938964844,43.72999954223633,44.099998474121094,44.09000015258789,2212600.0,32.054718017578125
2012-12-10,44.029998779296875,43.560001373291016,43.939998626708984,43.65999984741211,3636900.0,31.742095947265625
2012-12-11,43.95000076293945,43.2400016784668,43.900001525878906,43.5,4070800.0,31.62576675415039
2012-12-12,44.0099983215332,43.310001373291016,43.63999938964844,43.75,4466500.0,31.807531356811523
2012-12-13,44.20000076293945,43.54999923706055,43.900001525878906,43.869998931884766,3272600.0,31.894775390625
2012-12-14,44.0,43.58000183105469,43.7599983215332,43.79999923706055,3167200.0,31.843875885009766
2012-12-17,44.189998626708984,43.54999923706055,43.869998931884766,44.189998626708984,2728400.0,32.127418518066406
2012-12-18,44.58000183105469,44.0,44.099998474121094,44.31999969482422,2871000.0,32.22193908691406
2012-12-19,45.209999084472656,44.369998931884766,44.439998626708984,44.75,3284400.0,32.53456115722656
2012-12-20,43.79999923706055,43.060001373291016,43.40999984741211,43.790000915527344,4225200.0,31.83661460876465
2012-12-21,43.599998474121094,43.099998474121094,43.36000061035156,43.349998474121094,5484200.0,31.516721725463867
2012-12-24,43.849998474121094,43.369998931884766,43.58000183105469,43.459999084472656,2049900.0,31.596691131591797
2012-12-26,43.599998474121094,42.36000061035156,43.52000045776367,42.650001525878906,2788400.0,31.007801055908203
2012-12-27,42.86000061035156,42.040000915527344,42.650001525878906,42.540000915527344,3359600.0,30.927824020385742
2012-12-28,42.7599983215332,42.11000061035156,42.40999984741211,42.279998779296875,2806500.0,30.738792419433594
2012-12-31,43.06999969482422,42.06999969482422,42.13999938964844,42.97999954223633,2854300.0,31.24771499633789
2013-01-02,43.45000076293945,41.880001068115234,43.45000076293945,42.209999084472656,6120500.0,30.687904357910156
2013-01-03,42.79999923706055,41.349998474121094,41.58000183105469,42.349998474121094,8161900.0,30.78968620300293
2013-01-04,42.63999938964844,42.119998931884766,42.349998474121094,42.22999954223633,3426700.0,30.702444076538086
2013-01-07,42.52000045776367,41.849998474121094,42.13999938964844,41.970001220703125,2730200.0,30.513408660888672
2013-01-08,42.380001068115234,41.810001373291016,41.95000076293945,41.810001373291016,3717800.0,30.397090911865234
2013-01-09,42.189998626708984,41.4900016784668,41.5,41.95000076293945,3105100.0,30.498884201049805
2013-01-10,42.52000045776367,41.93000030517578,42.06999969482422,42.5,3413400.0,30.898746490478516
2013-01-11,42.650001525878906,41.959999084472656,42.63999938964844,42.02000045776367,2635900.0,30.549772262573242
2013-01-14,42.22999954223633,41.810001373291016,42.04999923706055,41.9900016784668,1880100.0,30.527965545654297
2013-01-15,42.880001068115234,42.029998779296875,42.029998779296875,42.75,3549100.0,31.080495834350586
2013-01-16,42.9900016784668,42.5,42.66999816894531,42.790000915527344,2685600.0,31.109582901000977
2013-01-17,43.779998779296875,42.970001220703125,43.0099983215332,43.45000076293945,3184400.0,31.58942222595215
2013-01-18,44.11000061035156,43.31999969482422,43.63999938964844,43.83000183105469,2931000.0,31.865686416625977
2013-01-22,43.959999084472656,43.380001068115234,43.79999923706055,43.70000076293945,2598100.0,31.77118492126465
2013-01-23,43.900001525878906,43.380001068115234,43.68000030517578,43.45000076293945,1882600.0,31.58942222595215
2013-01-24,45.09000015258789,43.5099983215332,43.5099983215332,44.900001525878906,4249600.0,32.643611907958984
2013-01-25,45.290000915527344,44.77000045776367,44.779998779296875,45.25,2929200.0,32.8980827331543
2013-01-28,45.29999923706055,44.70000076293945,45.29999923706055,45.099998474121094,2839000.0,32.78901672363281
2013-01-29,45.61000061035156,44.86000061035156,45.04999923706055,45.52000045776367,3210800.0,33.0943717956543
2013-01-30,46.040000915527344,45.310001373291016,45.47999954223633,45.72999954223633,3183000.0,33.247047424316406
2013-01-31,46.349998474121094,45.720001220703125,46.099998474121094,46.290000915527344,3331800.0,33.65418243408203
2013-02-01,46.54999923706055,45.90999984741211,46.41999816894531,46.0099983215332,3102600.0,33.450618743896484
2013-02-04,45.880001068115234,45.0,45.720001220703125,45.209999084472656,2675000.0,32.868988037109375
2013-02-05,45.70000076293945,44.95000076293945,44.959999084472656,45.380001068115234,2477200.0,32.992591857910156
2013-02-06,46.310001373291016,45.099998474121094,45.36000061035156,46.25,3610700.0,33.6251106262207
2013-02-07,47.290000915527344,45.099998474121094,47.25,45.810001373291016,5722300.0,33.305213928222656
2013-02-08,46.15999984741211,45.619998931884766,45.970001220703125,46.0099983215332,2357100.0,33.450618743896484
2013-02-11,46.34000015258789,45.779998779296875,46.099998474121094,46.11000061035156,2398400.0,33.52332305908203
2013-02-12,46.2599983215332,45.970001220703125,46.0,46.060001373291016,1623800.0,33.486961364746094
2013-02-13,46.61000061035156,46.08000183105469,46.189998626708984,46.599998474121094,2320500.0,33.87956237792969
2013-02-14,47.15999984741211,46.4900016784668,46.5,46.97999954223633,2299100.0,34.15584945678711
2013-02-15,46.970001220703125,45.84000015258789,46.7400016784668,46.34000015258789,3898700.0,33.69053649902344
2013-02-19,46.84000015258789,46.0,46.56999969482422,46.47999954223633,3173500.0,33.792320251464844
2013-02-20,48.2400016784668,46.56999969482422,46.86000061035156,46.56999969482422,4375000.0,33.85775375366211
2013-02-21,46.790000915527344,46.11000061035156,46.40999984741211,46.5099983215332,2213500.0,33.81412887573242
2013-02-22,46.75,46.060001373291016,46.630001068115234,46.189998626708984,2003600.0,33.581478118896484
2013-02-25,46.470001220703125,45.5099983215332,46.27000045776367,45.5099983215332,1849400.0,33.08711624145508
2013-02-26,45.95000076293945,45.22999954223633,45.79999923706055,45.63999938964844,1981600.0,33.18161392211914
2013-02-27,46.630001068115234,45.540000915527344,45.720001220703125,46.61000061035156,2856500.0,33.88683319091797
2013-02-28,46.63999938964844,44.56999969482422,45.0,46.099998474121094,7820100.0,33.51605224609375
2013-03-01,46.33000183105469,45.849998474121094,46.0,46.16999816894531,3322500.0,33.56694412231445
2013-03-04,46.7599983215332,46.08000183105469,46.13999938964844,46.38999938964844,2007400.0,33.72688293457031
2013-03-05,46.77000045776367,46.220001220703125,46.40999984741211,46.66999816894531,2248200.0,33.930450439453125
2013-03-06,46.77000045776367,46.150001525878906,46.65999984741211,46.27000045776367,1606600.0,33.639644622802734
2013-03-07,46.63999938964844,46.119998931884766,46.43000030517578,46.189998626708984,1397300.0,33.581478118896484
2013-03-08,46.90999984741211,46.06999969482422,46.310001373291016,46.65999984741211,2549300.0,33.923187255859375
2013-03-11,47.04999923706055,46.22999954223633,46.380001068115234,47.04999923706055,1792500.0,34.46525955200195
2013-03-12,47.560001373291016,46.91999816894531,47.0099983215332,47.33000183105469,2234500.0,34.67036056518555
2013-03-13,48.97999954223633,47.45000076293945,47.459999084472656,48.81999969482422,3966600.0,35.76182174682617
2013-03-14,49.20000076293945,48.689998626708984,48.900001525878906,49.08000183105469,2499700.0,35.95227813720703
2013-03-15,49.34000015258789,48.779998779296875,48.91999816894531,49.31999969482422,3086500.0,36.12807083129883
2013-03-18,49.130001068115234,48.470001220703125,48.90999984741211,48.540000915527344,1755900.0,35.556705474853516
2013-03-19,47.88999938964844,46.369998931884766,47.58000183105469,46.560001373291016,4982700.0,34.10631561279297
2013-03-20,46.959999084472656,46.130001068115234,46.72999954223633,46.7599983215332,2823000.0,34.2528190612793
2013-03-21,46.81999969482422,46.279998779296875,46.439998626708984,46.43000030517578,2168200.0,34.011085510253906
2013-03-22,46.400001525878906,45.810001373291016,45.81999969482422,46.31999969482422,3032000.0,33.93050765991211
2013-03-25,46.900001525878906,46.31999969482422,46.560001373291016,46.38999938964844,2120900.0,33.981781005859375
2013-03-26,46.77000045776367,46.150001525878906,46.65999984741211,46.72999954223633,1745300.0,34.230838775634766
2013-03-27,46.84000015258789,46.310001373291016,46.5,46.599998474121094,1572200.0,34.13561248779297
2013-03-28,46.470001220703125,45.7599983215332,46.470001220703125,46.130001068115234,2303400.0,33.79133224487305
2013-04-01,46.20000076293945,45.45000076293945,46.11000061035156,45.540000915527344,2019000.0,33.359134674072266
2013-04-02,45.810001373291016,45.33000183105469,45.650001525878906,45.709999084472656,1790000.0,33.483673095703125
2013-04-03,47.2400016784668,45.83000183105469,45.88999938964844,47.04999923706055,3876900.0,34.46525955200195
2013-04-04,48.279998779296875,46.9900016784668,46.9900016784668,48.11000061035156,2735600.0,35.24172592163086
2013-04-05,48.15999984741211,47.45000076293945,47.689998626708984,48.15999984741211,2662500.0,35.27835464477539
2013-04-08,48.119998931884766,47.439998626708984,48.099998474121094,48.02000045776367,1564700.0,35.17580032348633
2013-04-09,48.18000030517578,47.380001068115234,48.18000030517578,47.41999816894531,2061700.0,34.73628234863281
2013-04-10,47.93000030517578,47.5099983215332,47.56999969482422,47.86000061035156,1807000.0,35.05860137939453
2013-04-11,49.130001068115234,47.810001373291016,47.849998474121094,48.91999816894531,1987300.0,35.8350715637207
2013-04-12,49.29999923706055,48.290000915527344,48.880001068115234,48.41999816894531,1742800.0,35.468814849853516
2013-04-15,48.41999816894531,47.310001373291016,48.040000915527344,47.439998626708984,1672500.0,34.75093078613281
2013-04-16,47.66999816894531,46.459999084472656,47.560001373291016,47.08000183105469,3164400.0,34.48722839355469
2013-04-17,47.099998474121094,46.2599983215332,46.72999954223633,46.970001220703125,2055900.0,34.406646728515625
2013-04-18,47.58000183105469,46.43000030517578,47.11000061035156,46.959999084472656,2781200.0,34.39932632446289
2013-04-19,47.540000915527344,46.880001068115234,47.13999938964844,47.439998626708984,1817300.0,34.75093078613281
2013-04-22,47.709999084472656,47.040000915527344,47.40999984741211,47.34000015258789,1110800.0,34.67768478393555
2013-04-23,48.040000915527344,47.349998474121094,47.54999923706055,47.709999084472656,1529600.0,34.94872283935547
2013-04-24,48.20000076293945,47.310001373291016,47.84000015258789,47.5,1267000.0,34.794898986816406
2013-04-25,48.209999084472656,47.5099983215332,47.66999816894531,48.0099983215332,1187500.0,35.16847610473633
2013-04-26,48.54999923706055,47.9900016784668,48.09000015258789,48.279998779296875,1845500.0,35.36626052856445
2013-04-29,48.4900016784668,47.11000061035156,48.47999954223633,47.31999969482422,3148800.0,34.66303634643555
2013-04-30,47.41999816894531,46.810001373291016,47.369998931884766,47.060001373291016,2220700.0,34.47258377075195
2013-05-01,47.25,46.58000183105469,46.97999954223633,46.599998474121094,1950900.0,34.13561248779297
2013-05-02,47.54999923706055,46.54999923706055,46.83000183105469,47.0,2035600.0,34.428627014160156
2013-05-03,48.34000015258789,47.0,47.34000015258789,48.310001373291016,2602200.0,35.388240814208984
2013-05-06,48.72999954223633,48.029998779296875,48.369998931884766,48.2400016784668,2365600.0,35.336952209472656
2013-05-07,47.68000030517578,46.970001220703125,47.619998931884766,47.65999984741211,3207300.0,34.9120979309082
2013-05-08,47.4900016784668,46.86000061035156,47.41999816894531,47.0,4769700.0,34.428627014160156
2013-05-09,48.7599983215332,46.93000030517578,46.93000030517578,48.209999084472656,4345300.0,35.31498336791992
2013-05-10,48.90999984741211,47.9900016784668,48.189998626708984,48.900001525878906,2460900.0,35.820430755615234
2013-05-13,49.029998779296875,48.11000061035156,48.869998931884766,48.16999816894531,2493000.0,35.28569030761719
2013-05-14,49.310001373291016,48.099998474121094,48.189998626708984,49.189998626708984,2889600.0,36.032859802246094
2013-05-15,49.7400016784668,48.869998931884766,49.189998626708984,49.68000030517578,3239300.0,36.39179992675781
2013-05-16,52.939998626708984,51.45000076293945,52.81999969482422,52.029998779296875,11672600.0,38.11322021484375
2013-05-17,52.29999923706055,51.380001068115234,51.790000915527344,51.58000183105469,3350100.0,37.78358459472656
2013-05-20,51.45000076293945,50.75,51.369998931884766,51.20000076293945,3055400.0,37.505218505859375
2013-05-21,52.720001220703125,50.90999984741211,50.93000030517578,52.349998474121094,4257900.0,38.347625732421875
2013-05-22,52.439998626708984,51.65999984741211,52.16999816894531,52.08000183105469,3650900.0,38.14986038208008
2013-05-23,52.27000045776367,51.72999954223633,51.77000045776367,52.13999938964844,2814300.0,38.19380187988281
2013-05-24,52.0099983215332,51.459999084472656,51.72999954223633,51.90999984741211,1408000.0,38.02532196044922
2013-05-28,52.279998779296875,51.4900016784668,52.20000076293945,51.630001068115234,2436400.0,37.820213317871094
2013-05-29,51.77000045776367,50.79999923706055,51.36000061035156,51.540000915527344,1723400.0,37.75428771972656
2013-05-30,51.709999084472656,51.08000183105469,51.43000030517578,51.119998931884766,1300400.0,37.446624755859375
2013-05-31,51.81999969482422,51.0,51.08000183105469,51.40999984741211,2343200.0,37.6590576171875
2013-06-03,51.93000030517578,51.130001068115234,51.38999938964844,51.43000030517578,3057100.0,37.6737174987793
2013-06-04,52.08000183105469,51.439998626708984,51.470001220703125,51.849998474121094,2814700.0,37.98136520385742
2013-06-05,52.04999923706055,50.959999084472656,51.63999938964844,50.970001220703125,2847000.0,37.33674621582031
2013-06-06,51.45000076293945,50.61000061035156,50.7599983215332,51.34000015258789,1674200.0,37.6077766418457
2013-06-07,52.040000915527344,51.540000915527344,51.709999084472656,51.959999084472656,2270500.0,38.061946868896484
2013-06-10,51.9900016784668,51.33000183105469,51.56999969482422,51.709999084472656,2036400.0,38.13568878173828
2013-06-11,51.900001525878906,51.25,51.36000061035156,51.27000045776367,1117300.0,37.81120300292969
2013-06-12,51.900001525878906,51.060001373291016,51.58000183105469,51.20000076293945,1502700.0,37.75957489013672
2013-06-13,51.959999084472656,51.040000915527344,51.130001068115234,51.90999984741211,1041900.0,38.28319549560547
2013-06-14,52.209999084472656,51.650001525878906,51.79999923706055,52.150001525878906,2702400.0,38.46018981933594
2013-06-17,53.209999084472656,52.400001525878906,52.400001525878906,52.75,2872400.0,38.902687072753906
2013-06-18,52.790000915527344,51.93000030517578,52.7599983215332,52.439998626708984,2304900.0,38.6740608215332
2013-06-19,52.70000076293945,51.72999954223633,52.400001525878906,51.790000915527344,2299400.0,38.19469451904297
2013-06-20,51.599998474121094,50.470001220703125,51.38999938964844,50.560001373291016,2495800.0,37.28758239746094
2013-06-21,50.97999954223633,50.130001068115234,50.900001525878906,50.59000015258789,3670500.0,37.3097038269043
2013-06-24,50.36000061035156,49.38999938964844,50.18000030517578,49.83000183105469,1970200.0,36.74921417236328
2013-06-25,50.810001373291016,49.9900016784668,50.150001525878906,50.599998474121094,1596000.0,37.317081451416016
2013-06-26,51.20000076293945,50.709999084472656,51.0,51.130001068115234,1339700.0,37.70795440673828
2013-06-27,51.720001220703125,50.66999816894531,51.439998626708984,50.68000030517578,2217500.0,37.37607192993164
2013-06-28,51.130001068115234,50.5099983215332,50.66999816894531,50.5099983215332,3202500.0,37.250701904296875
2013-07-01,51.90999984741211,50.77000045776367,50.86000061035156,51.56999969482422,2350300.0,38.032440185546875
2013-07-02,53.25,51.81999969482422,52.0,52.470001220703125,3910700.0,38.69618606567383
2013-07-03,52.2400016784668,51.7599983215332,52.220001220703125,52.11000061035156,860200.0,38.43069076538086
2013-07-05,52.7599983215332,51.83000183105469,52.34000015258789,52.75,1162000.0,38.902687072753906
2013-07-08,53.4900016784668,52.779998779296875,52.90999984741211,53.470001220703125,1601800.0,39.433685302734375
2013-07-09,53.93000030517578,53.209999084472656,53.77000045776367,53.689998626708984,1114600.0,39.5959358215332
2013-07-10,53.91999816894531,53.25,53.72999954223633,53.54999923706055,2275400.0,39.49267578125
2013-07-11,54.02000045776367,53.349998474121094,53.959999084472656,53.90999984741211,1458600.0,39.758182525634766
2013-07-12,54.0,53.349998474121094,53.90999984741211,53.4900016784668,1274200.0,39.44843673706055
2013-07-15,53.70000076293945,53.06999969482422,53.439998626708984,53.5,1671400.0,39.4557991027832
2013-07-16,53.7599983215332,52.86000061035156,53.61000061035156,52.939998626708984,2847200.0,39.04279708862305
2013-07-17,53.310001373291016,52.900001525878906,52.95000076293945,53.040000915527344,1097800.0,39.116554260253906
2013-07-18,53.11000061035156,52.33000183105469,53.02000045776367,52.560001373291016,1894000.0,38.76256561279297
2013-07-19,52.90999984741211,52.31999969482422,52.61000061035156,52.86000061035156,1627300.0,38.98381423950195
2013-07-22,53.61000061035156,52.650001525878906,52.7599983215332,53.599998474121094,1621600.0,39.5295524597168
2013-07-23,53.84000015258789,53.290000915527344,53.59000015258789,53.540000915527344,1418900.0,39.48530197143555
2013-07-24,54.029998779296875,53.33000183105469,53.68000030517578,53.59000015258789,2152500.0,39.52217483520508
2013-07-25,53.650001525878906,52.81999969482422,53.33000183105469,53.279998779296875,2372800.0,39.29356002807617
2013-07-26,53.400001525878906,52.38999938964844,52.939998626708984,53.38999938964844,1565900.0,39.37467575073242
2013-07-29,53.439998626708984,53.029998779296875,53.380001068115234,53.310001373291016,774700.0,39.31568145751953
2013-07-30,53.70000076293945,52.869998931884766,53.310001373291016,53.0,895100.0,39.08707046508789
2013-07-31,53.72999954223633,52.849998474121094,53.04999923706055,52.97999954223633,1284600.0,39.07229995727539
2013-08-01,54.380001068115234,53.310001373291016,53.400001525878906,54.15999984741211,2378400.0,39.94255065917969
2013-08-02,54.13999938964844,53.40999984741211,54.04999923706055,53.560001373291016,1752300.0,39.50005340576172
2013-08-05,53.52000045776367,52.77000045776367,53.470001220703125,53.189998626708984,1325200.0,39.2271728515625
2013-08-06,53.029998779296875,51.18000030517578,52.970001220703125,51.689998626708984,3840700.0,38.12094497680664
2013-08-07,51.540000915527344,50.88999938964844,51.5,50.959999084472656,1995900.0,37.58258056640625
2013-08-08,51.5099983215332,50.54999923706055,51.13999938964844,51.02000045776367,2226900.0,37.62682342529297
2013-08-09,50.91999816894531,50.40999984741211,50.91999816894531,50.689998626708984,2108400.0,37.38345718383789
2013-08-12,51.36000061035156,50.15999984741211,50.33000183105469,51.220001220703125,2045100.0,37.774322509765625
2013-08-13,51.45000076293945,50.43000030517578,51.290000915527344,50.83000183105469,2174900.0,37.48670959472656
2013-08-14,50.939998626708984,50.04999923706055,50.58000183105469,50.84000015258789,3585700.0,37.494075775146484
2013-08-15,54.52000045776367,52.0,52.0,53.5099983215332,9018100.0,39.46316909790039
2013-08-16,53.470001220703125,52.15999984741211,53.27000045776367,52.27000045776367,3126700.0,38.54869079589844
2013-08-19,52.529998779296875,51.15999984741211,52.209999084472656,51.560001373291016,2778000.0,38.02507400512695
2013-08-20,52.65999984741211,51.540000915527344,51.560001373291016,52.220001220703125,2482000.0,38.51181411743164
2013-08-21,52.47999954223633,51.4900016784668,52.209999084472656,51.779998779296875,1400400.0,38.18731689453125
2013-08-22,51.939998626708984,51.27000045776367,51.5099983215332,51.560001373291016,1454200.0,38.02507400512695
2013-08-23,51.81999969482422,50.88999938964844,51.75,51.0,2096000.0,37.61207580566406
2013-08-26,51.369998931884766,50.34000015258789,51.060001373291016,50.380001068115234,2461400.0,37.15483474731445
2013-08-27,50.36000061035156,49.56999969482422,49.939998626708984,49.84000015258789,1679300.0,36.7565803527832
2013-08-28,50.79999923706055,49.72999954223633,49.779998779296875,50.2400016784668,1611400.0,37.05158996582031
2013-08-29,51.29999923706055,50.09000015258789,50.189998626708984,50.880001068115234,2440000.0,37.523582458496094
2013-08-30,51.45000076293945,50.880001068115234,50.90999984741211,51.310001373291016,2147500.0,37.84069061279297
2013-09-03,51.959999084472656,51.150001525878906,51.70000076293945,51.400001525878906,1969800.0,37.90707015991211
2013-09-04,51.61000061035156,51.060001373291016,51.2599983215332,51.45000076293945,1848300.0,37.943946838378906
2013-09-05,53.31999969482422,51.5,51.54999923706055,52.7599983215332,2616100.0,38.91006088256836
2013-09-06,52.97999954223633,52.119998931884766,52.7599983215332,52.38999938964844,1618300.0,38.637184143066406
2013-09-09,52.66999816894531,52.130001068115234,52.31999969482422,52.45000076293945,1512500.0,38.941585540771484
2013-09-10,52.72999954223633,51.970001220703125,52.5,52.34000015258789,1661400.0,38.85992431640625
2013-09-11,52.61000061035156,51.459999084472656,52.38999938964844,51.709999084472656,2692800.0,38.392173767089844
2013-09-12,51.95000076293945,51.349998474121094,51.70000076293945,51.459999084472656,1620200.0,38.206573486328125
2013-09-13,51.720001220703125,50.97999954223633,51.68000030517578,51.2400016784668,1773100.0,38.04323959350586
2013-09-16,51.790000915527344,51.310001373291016,51.77000045776367,51.5,2366000.0,38.23625946044922
2013-09-17,51.95000076293945,51.56999969482422,51.56999969482422,51.880001068115234,1672900.0,38.518394470214844
2013-09-18,52.54999923706055,51.310001373291016,51.900001525878906,52.369998931884766,2685800.0,38.8821907043457
2013-09-19,52.9900016784668,52.38999938964844,52.689998626708984,52.83000183105469,1375500.0,39.22372817993164
2013-09-20,53.099998474121094,52.16999816894531,53.0099983215332,52.599998474121094,2898400.0,39.05296325683594
2013-09-23,52.650001525878906,51.79999923706055,52.58000183105469,52.04999923706055,1768300.0,38.644615173339844
2013-09-24,52.88999938964844,52.02000045776367,52.09000015258789,52.060001373291016,3188800.0,38.652042388916016
2013-09-25,51.84000015258789,50.5,51.650001525878906,51.560001373291016,5001000.0,38.28080749511719
2013-09-26,52.310001373291016,51.540000915527344,51.61000061035156,52.130001068115234,2525200.0,38.704017639160156
2013-09-27,52.20000076293945,51.08000183105469,51.93000030517578,52.029998779296875,2286000.0,38.6297607421875
2013-09-30,51.88999938964844,51.45000076293945,51.56999969482422,51.75,1922800.0,38.42188262939453
2013-10-01,52.31999969482422,51.52000045776367,51.619998931884766,52.31999969482422,1976600.0,38.845088958740234
2013-10-02,52.54999923706055,51.0099983215332,51.97999954223633,52.540000915527344,2985200.0,39.00841522216797
2013-10-03,52.7400016784668,52.0099983215332,52.47999954223633,52.34000015258789,2269900.0,38.85992431640625
2013-10-04,52.79999923706055,52.16999816894531,52.2599983215332,52.5099983215332,1699600.0,38.98613739013672
2013-10-07,52.349998474121094,51.869998931884766,52.22999954223633,51.91999816894531,1512300.0,38.548095703125
2013-10-08,51.970001220703125,50.7400016784668,51.86000061035156,50.77000045776367,2820000.0,37.694271087646484
2013-10-09,51.709999084472656,50.599998474121094,50.83000183105469,51.310001373291016,2268500.0,38.09519577026367
2013-10-10,51.849998474121094,51.099998474121094,51.720001220703125,51.84000015258789,1535900.0,38.48870086669922
2013-10-11,51.81999969482422,50.810001373291016,51.81999969482422,51.45000076293945,2045200.0,38.19914245605469
2013-10-14,51.90999984741211,51.06999969482422,51.13999938964844,51.4900016784668,2193400.0,38.22883987426758
2013-10-15,51.63999938964844,51.040000915527344,51.349998474121094,51.439998626708984,1851600.0,38.19171142578125
2013-10-16,53.31999969482422,51.43000030517578,51.66999816894531,53.2400016784668,2649300.0,39.52813720703125
2013-10-17,54.099998474121094,53.13999938964844,53.22999954223633,53.959999084472656,2403100.0,40.06269836425781
2013-10-18,54.09000015258789,53.18000030517578,53.9900016784668,53.93000030517578,2262600.0,40.040428161621094
2013-10-21,54.15999984741211,53.4900016784668,53.849998474121094,53.63999938964844,1863100.0,39.82511520385742
2013-10-22,54.439998626708984,53.869998931884766,54.08000183105469,54.04999923706055,2432900.0,40.1295166015625
2013-10-23,55.08000183105469,53.72999954223633,53.959999084472656,54.86000061035156,3203100.0,40.73090744018555
2013-10-24,55.0,54.650001525878906,54.90999984741211,54.91999816894531,1995300.0,40.775447845458984
2013-10-25,54.88999938964844,54.36000061035156,54.880001068115234,54.7400016784668,2461400.0,40.641815185546875
2013-10-28,55.869998931884766,54.619998931884766,54.79999923706055,55.7599983215332,5324400.0,41.399105072021484
2013-10-29,57.41999816894531,55.95000076293945,55.97999954223633,57.040000915527344,5453500.0,42.34944534301758
2013-10-30,57.4900016784668,56.29999923706055,57.040000915527344,56.959999084472656,2643500.0,42.2900505065918
2013-10-31,57.040000915527344,56.22999954223633,57.02000045776367,56.79999923706055,1739200.0,42.171260833740234
2013-11-01,57.13999938964844,56.400001525878906,56.91999816894531,56.849998474121094,2544800.0,42.20838165283203
2013-11-04,58.93000030517578,57.63999938964844,57.63999938964844,58.470001220703125,3979000.0,43.41115188598633
2013-11-05,58.470001220703125,57.470001220703125,58.45000076293945,57.72999954223633,2310700.0,42.86174011230469
2013-11-06,58.2400016784668,57.540000915527344,57.77000045776367,58.060001373291016,2002200.0,43.10675048828125
2013-11-07,58.06999969482422,56.43000030517578,57.75,56.540000915527344,3467100.0,41.97822570800781
2013-11-08,57.68000030517578,56.36000061035156,56.380001068115234,57.029998779296875,2854400.0,42.34202575683594
2013-11-11,57.81999969482422,56.97999954223633,57.15999984741211,57.66999816894531,2243200.0,42.81719207763672
2013-11-12,57.83000183105469,57.290000915527344,57.619998931884766,57.599998474121094,1884500.0,42.765228271484375
2013-11-13,59.0,57.27000045776367,58.2599983215332,58.2599983215332,6387600.0,43.25523376464844
2013-11-14,54.54999923706055,53.029998779296875,53.61000061035156,53.54999923706055,14671600.0,39.75828552246094
2013-11-15,54.459999084472656,53.209999084472656,53.290000915527344,53.95000076293945,4930600.0,40.055267333984375
2013-11-18,54.400001525878906,53.4900016784668,54.08000183105469,53.689998626708984,3977400.0,39.862239837646484
2013-11-19,54.369998931884766,53.68000030517578,53.689998626708984,53.84000015258789,2913300.0,39.97359848022461
2013-11-20,55.09000015258789,53.630001068115234,53.91999816894531,54.709999084472656,2728300.0,40.619537353515625
2013-11-21,55.13999938964844,54.20000076293945,54.439998626708984,54.79999923706055,2916000.0,40.68635177612305
2013-11-22,55.290000915527344,54.68000030517578,54.77000045776367,55.150001525878906,1539800.0,40.94621658325195
2013-11-25,56.15999984741211,55.400001525878906,55.400001525878906,55.849998474121094,2428900.0,41.46593475341797
2013-11-26,56.279998779296875,55.59000015258789,55.849998474121094,55.88999938964844,2205400.0,41.495635986328125
2013-11-27,56.619998931884766,55.650001525878906,55.81999969482422,55.91999816894531,2277200.0,41.517887115478516
2013-11-29,56.209999084472656,55.22999954223633,56.16999816894531,55.279998779296875,1435300.0,41.04273223876953
2013-12-02,55.70000076293945,54.70000076293945,55.11000061035156,55.20000076293945,2986200.0,40.983333587646484
2013-12-03,55.560001373291016,55.0,55.119998931884766,55.25,2155100.0,41.02045440673828
2013-12-04,55.2400016784668,53.619998931884766,55.18000030517578,54.380001068115234,4225300.0,40.3745231628418
2013-12-05,55.79999923706055,54.720001220703125,55.41999816894531,55.040000915527344,4491600.0,40.86454772949219
2013-12-06,55.689998626708984,54.529998779296875,55.15999984741211,54.70000076293945,2879000.0,40.612117767333984
2013-12-09,55.09000015258789,54.040000915527344,54.279998779296875,54.9900016784668,2163200.0,41.0903434753418
2013-12-10,55.09000015258789,54.2599983215332,54.79999923706055,54.970001220703125,2136500.0,41.07539367675781
2013-12-11,55.75,54.790000915527344,55.0,55.400001525878906,2684800.0,41.39671325683594
2013-12-12,55.45000076293945,54.939998626708984,55.400001525878906,54.970001220703125,1650200.0,41.07539367675781
2013-12-13,55.189998626708984,54.0,54.970001220703125,54.08000183105469,2166600.0,40.410362243652344
2013-12-16,54.439998626708984,53.9900016784668,54.2599983215332,54.34000015258789,2651400.0,40.604637145996094
2013-12-17,54.9900016784668,54.0,54.2400016784668,54.599998474121094,2265600.0,40.79891586303711
2013-12-18,55.18000030517578,54.18000030517578,54.5099983215332,54.7599983215332,2460700.0,40.91847229003906
2013-12-19,54.900001525878906,54.2599983215332,54.7599983215332,54.619998931884766,1549500.0,40.81386184692383
2013-12-20,55.369998931884766,54.63999938964844,54.709999084472656,54.95000076293945,3049300.0,41.06045913696289
2013-12-23,55.849998474121094,54.369998931884766,54.369998931884766,55.54999923706055,1731800.0,41.508792877197266
2013-12-24,56.130001068115234,55.5,55.5,55.81999969482422,900500.0,41.71055221557617
2013-12-26,56.189998626708984,55.650001525878906,56.119998931884766,55.689998626708984,1048200.0,41.613399505615234
2013-12-27,56.08000183105469,55.650001525878906,55.86000061035156,55.939998626708984,1178800.0,41.80021286010742
2013-12-30,56.54999923706055,55.81999969482422,55.81999969482422,56.439998626708984,1196000.0,42.173828125
2013-12-31,56.88999938964844,56.2400016784668,56.45000076293945,56.75,1482500.0,42.40546417236328
2014-01-02,57.529998779296875,56.7400016784668,56.7599983215332,56.9900016784668,3130000.0,42.584808349609375
2014-01-03,57.13999938964844,56.63999938964844,56.90999984741211,56.86000061035156,1760100.0,42.48766326904297
2014-01-06,56.9900016784668,55.95000076293945,56.90999984741211,56.040000915527344,2412800.0,41.87493896484375
2014-01-07,56.2400016784668,55.310001373291016,56.029998779296875,56.099998474121094,3154200.0,41.91977310180664
2014-01-08,56.02000045776367,54.68000030517578,56.02000045776367,55.18000030517578,3505200.0,41.23231887817383
2014-01-09,55.72999954223633,54.88999938964844,55.220001220703125,55.560001373291016,2298100.0,41.516265869140625
2014-01-10,57.33000183105469,55.33000183105469,55.560001373291016,56.9900016784668,3326500.0,42.584808349609375
2014-01-13,56.58000183105469,53.220001220703125,56.58000183105469,53.459999084472656,6554000.0,39.94707489013672
2014-01-14,54.2400016784668,53.0099983215332,53.36000061035156,54.220001220703125,3134100.0,40.51497268676758
2014-01-15,54.5,53.459999084472656,54.310001373291016,53.65999984741211,3320000.0,40.096519470214844
2014-01-16,53.56999969482422,52.54999923706055,53.47999954223633,52.83000183105469,6046700.0,39.476318359375
2014-01-17,53.27000045776367,52.5,53.27000045776367,52.93000030517578,3069200.0,39.5510368347168
2014-01-21,53.16999816894531,52.2599983215332,53.04999923706055,52.59000015258789,2253700.0,39.29698944091797
2014-01-22,52.630001068115234,50.709999084472656,52.560001373291016,51.369998931884766,4886000.0,38.38536071777344
2014-01-23,51.47999954223633,51.0099983215332,51.189998626708984,51.099998474121094,2112500.0,38.18360900878906
2014-01-24,50.810001373291016,49.97999954223633,50.70000076293945,50.220001220703125,2836700.0,37.526039123535156
2014-01-27,50.52000045776367,49.79999923706055,50.279998779296875,50.11000061035156,2848400.0,37.443843841552734
2014-01-28,51.27000045776367,50.11000061035156,50.189998626708984,51.08000183105469,3667900.0,38.16865921020508
2014-01-29,51.130001068115234,49.93000030517578,50.83000183105469,49.970001220703125,2894300.0,37.339229583740234
2014-01-30,51.25,50.150001525878906,50.18000030517578,50.849998474121094,1953300.0,37.99679946899414
2014-01-31,50.91999816894531,49.81999969482422,50.029998779296875,50.630001068115234,2914400.0,37.83240509033203
2014-02-03,51.09000015258789,49.29999923706055,50.630001068115234,49.45000076293945,2932500.0,36.95067596435547
2014-02-04,49.75,48.939998626708984,49.529998779296875,49.09000015258789,2749100.0,36.68167495727539
2014-02-05,50.13999938964844,48.68000030517578,48.90999984741211,49.83000183105469,2607700.0,37.234622955322266
2014-02-06,53.099998474121094,50.47999954223633,51.970001220703125,51.54999923706055,7688100.0,38.51985549926758
2014-02-07,52.36000061035156,51.0099983215332,51.779998779296875,51.189998626708984,3280300.0,38.2508544921875
2014-02-10,51.34000015258789,50.630001068115234,51.040000915527344,51.06999969482422,2430000.0,38.16118621826172
2014-02-11,51.79999923706055,50.77000045776367,50.97999954223633,51.58000183105469,2902900.0,38.54227828979492
2014-02-12,52.0,50.93000030517578,51.650001525878906,51.25,1588600.0,38.29568099975586
2014-02-13,51.31999969482422,50.52000045776367,51.099998474121094,51.130001068115234,2306700.0,38.20602035522461
2014-02-14,51.86000061035156,50.810001373291016,51.099998474121094,51.27000045776367,2104100.0,38.310638427734375
2014-02-18,52.02000045776367,50.84000015258789,51.58000183105469,51.65999984741211,2260600.0,38.60205841064453
2014-02-19,51.599998474121094,50.709999084472656,51.599998474121094,51.15999984741211,2545000.0,38.22844314575195
2014-02-20,51.95000076293945,51.209999084472656,51.380001068115234,51.869998931884766,1915500.0,38.758975982666016
2014-02-21,52.09000015258789,51.650001525878906,51.77000045776367,51.88999938964844,1898700.0,38.773921966552734
2014-02-24,52.400001525878906,51.880001068115234,51.90999984741211,51.95000076293945,2486600.0,38.818748474121094
2014-02-25,53.54999923706055,51.939998626708984,51.959999084472656,53.209999084472656,2271600.0,39.76026153564453
2014-02-26,54.939998626708984,53.33000183105469,53.41999816894531,54.439998626708984,4639600.0,40.679359436035156
2014-02-27,57.33000183105469,53.349998474121094,54.88999938964844,55.7400016784668,6703800.0,41.650760650634766
2014-02-28,56.720001220703125,55.63999938964844,55.849998474121094,56.189998626708984,2979100.0,41.98701858520508
2014-03-03,56.310001373291016,55.52000045776367,55.599998474121094,56.11000061035156,2399300.0,41.927242279052734
2014-03-04,56.689998626708984,55.709999084472656,56.61000061035156,55.88999938964844,1995100.0,41.76284408569336
2014-03-05,56.18000030517578,54.47999954223633,55.880001068115234,55.0099983215332,3974700.0,41.10528564453125
2014-03-06,55.33000183105469,54.630001068115234,55.25,54.72999954223633,2506800.0,40.89607238769531
2014-03-07,55.959999084472656,54.779998779296875,55.040000915527344,55.45000076293945,3240600.0,41.43407440185547
2014-03-10,55.290000915527344,54.75,54.75,55.040000915527344,2209200.0,41.419010162353516
2014-03-11,55.869998931884766,54.90999984741211,55.060001373291016,55.41999816894531,2316200.0,41.70498275756836
2014-03-12,55.369998931884766,54.91999816894531,55.16999816894531,55.16999816894531,1655500.0,41.516845703125
2014-03-13,55.79999923706055,54.099998474121094,55.33000183105469,54.4900016784668,2480300.0,41.005130767822266
2014-03-14,55.369998931884766,54.459999084472656,54.459999084472656,54.91999816894531,1967100.0,41.32871627807617
2014-03-17,56.0,55.040000915527344,55.040000915527344,55.849998474121094,1726500.0,42.028560638427734
2014-03-18,55.97999954223633,55.43000030517578,55.81999969482422,55.72999954223633,1448000.0,41.93826675415039
2014-03-19,56.09000015258789,54.38999938964844,55.7599983215332,54.709999084472656,2618300.0,41.170684814453125
2014-03-20,55.220001220703125,54.41999816894531,54.59000015258789,54.90999984741211,1955300.0,41.32119369506836
2014-03-21,56.209999084472656,55.08000183105469,55.20000076293945,55.790000915527344,4037600.0,41.9834098815918
2014-03-24,56.189998626708984,55.59000015258789,55.849998474121094,55.63999938964844,3012900.0,41.87052917480469
2014-03-25,55.88999938964844,54.84000015258789,55.810001373291016,55.130001068115234,2805600.0,41.48674774169922
2014-03-26,55.97999954223633,55.060001373291016,55.220001220703125,55.349998474121094,2591700.0,41.65229797363281
2014-03-27,57.25,55.279998779296875,55.279998779296875,56.5,3897300.0,42.51770782470703
2014-03-28,57.20000076293945,56.310001373291016,56.56999969482422,57.0,2867800.0,42.89396286010742
2014-03-31,57.060001373291016,56.380001068115234,56.93000030517578,56.79999923706055,3457000.0,42.74345397949219
2014-04-01,57.15999984741211,56.70000076293945,56.90999984741211,56.849998474121094,2357200.0,42.78108215332031
2014-04-02,58.11000061035156,56.560001373291016,56.849998474121094,57.88999938964844,3287200.0,43.5637092590332
2014-04-03,58.06999969482422,57.34000015258789,57.97999954223633,57.849998474121094,1931400.0,43.533607482910156
2014-04-04,58.20000076293945,57.529998779296875,57.9900016784668,57.65999984741211,2597700.0,43.39064025878906
2014-04-07,57.529998779296875,55.90999984741211,57.45000076293945,56.02000045776367,2721300.0,42.156497955322266
2014-04-08,56.81999969482422,55.529998779296875,55.88999938964844,56.63999938964844,2328300.0,42.62305450439453
2014-04-09,57.13999938964844,56.0099983215332,56.779998779296875,56.34000015258789,1928100.0,42.397300720214844
2014-04-10,56.75,54.540000915527344,56.25,54.560001373291016,3839900.0,41.05780029296875
2014-04-11,54.25,53.119998931884766,53.95000076293945,53.529998779296875,3346000.0,40.2827033996582
2014-04-14,53.970001220703125,53.11000061035156,53.7400016784668,53.560001373291016,2433800.0,40.30527877807617
2014-04-15,54.59000015258789,53.63999938964844,53.70000076293945,54.43000030517578,2875700.0,40.95998764038086
2014-04-16,55.349998474121094,54.63999938964844,54.75,55.040000915527344,1996800.0,41.419010162353516
2014-04-17,55.11000061035156,53.75,55.099998474121094,54.2599983215332,2444600.0,40.83204650878906
2014-04-21,55.34000015258789,54.33000183105469,55.34000015258789,54.56999969482422,1289300.0,41.06533432006836
2014-04-22,54.65999984741211,54.04999923706055,54.59000015258789,54.2400016784668,2110900.0,40.81700134277344
2014-04-23,54.970001220703125,54.220001220703125,54.2599983215332,54.77000045776367,1642800.0,41.21583938598633
2014-04-24,55.09000015258789,54.5,54.84000015258789,54.72999954223633,1110500.0,41.18573760986328
2014-04-25,54.810001373291016,53.880001068115234,54.59000015258789,54.68000030517578,1532400.0,41.148101806640625
2014-04-28,55.91999816894531,54.79999923706055,54.91999816894531,55.439998626708984,2310500.0,41.72002410888672
2014-04-29,55.68000030517578,55.06999969482422,55.470001220703125,55.34000015258789,1559300.0,41.64478302001953
2014-04-30,55.209999084472656,54.380001068115234,55.209999084472656,54.790000915527344,2111000.0,41.230892181396484
2014-05-01,55.47999954223633,54.689998626708984,54.88999938964844,55.2400016784668,1639000.0,41.569522857666016
2014-05-02,56.22999954223633,55.2599983215332,55.369998931884766,55.720001220703125,1569400.0,41.93073654174805
2014-05-05,55.95000076293945,55.0099983215332,55.349998474121094,55.34000015258789,1846000.0,41.64478302001953
2014-05-06,55.150001525878906,53.630001068115234,55.119998931884766,53.84000015258789,2877000.0,40.51597213745117
2014-05-07,53.9900016784668,52.81999969482422,53.9900016784668,53.599998474121094,3042600.0,40.335391998291016
2014-05-08,54.83000183105469,53.560001373291016,53.709999084472656,53.86000061035156,2672900.0,40.531036376953125
2014-05-09,54.84000015258789,53.65999984741211,53.869998931884766,54.75,2845000.0,41.20078659057617
2014-05-12,55.86000061035156,54.959999084472656,54.959999084472656,55.599998474121094,2880500.0,41.840431213378906
2014-05-13,56.13999938964844,55.310001373291016,55.65999984741211,55.88999938964844,2900300.0,42.05866622924805
2014-05-14,56.029998779296875,53.83000183105469,55.83000183105469,54.029998779296875,4877000.0,40.65896224975586
2014-05-15,54.02000045776367,52.16999816894531,52.29999923706055,52.209999084472656,6679800.0,39.28936767578125
2014-05-16,53.380001068115234,51.83000183105469,52.41999816894531,53.2599983215332,3495200.0,40.079524993896484
2014-05-19,53.560001373291016,52.7400016784668,53.06999969482422,53.040000915527344,2512000.0,39.91396713256836
2014-05-20,53.0,51.88999938964844,52.88999938964844,52.349998474121094,2193700.0,39.39471435546875
2014-05-21,53.279998779296875,52.310001373291016,52.439998626708984,52.70000076293945,1794200.0,39.658111572265625
2014-05-22,53.38999938964844,52.63999938964844,52.900001525878906,52.880001068115234,1779700.0,39.793556213378906
2014-05-23,52.970001220703125,52.540000915527344,52.810001373291016,52.83000183105469,1362300.0,39.75593948364258
2014-05-27,54.310001373291016,52.95000076293945,53.33000183105469,54.29999923706055,3142000.0,40.862144470214844
2014-05-28,54.189998626708984,53.36000061035156,54.189998626708984,53.959999084472656,1896800.0,40.606292724609375
2014-05-29,54.54999923706055,53.939998626708984,54.029998779296875,54.47999954223633,1716700.0,40.997596740722656
2014-05-30,54.88999938964844,53.84000015258789,54.34000015258789,54.439998626708984,2883300.0,40.96751022338867
2014-06-02,54.810001373291016,54.22999954223633,54.65999984741211,54.279998779296875,1690000.0,40.84709167480469
2014-06-03,54.20000076293945,53.7599983215332,53.970001220703125,53.900001525878906,1768800.0,40.5611457824707
2014-06-04,54.40999984741211,53.7599983215332,53.790000915527344,54.25,1581400.0,40.82452392578125
2014-06-05,54.36000061035156,52.959999084472656,54.33000183105469,53.689998626708984,2470400.0,40.403106689453125
2014-06-06,54.45000076293945,53.83000183105469,53.90999984741211,54.20000076293945,1690500.0,40.786888122558594
2014-06-09,54.5099983215332,53.61000061035156,53.81999969482422,53.709999084472656,2090600.0,40.71109390258789
2014-06-10,53.77000045776367,53.130001068115234,53.59000015258789,53.22999954223633,2408600.0,40.347267150878906
2014-06-11,53.119998931884766,52.31999969482422,53.060001373291016,52.369998931884766,2497900.0,39.69540023803711
2014-06-12,52.599998474121094,51.880001068115234,52.45000076293945,52.25,2663300.0,39.60445022583008
2014-06-13,52.400001525878906,51.95000076293945,52.25,52.119998931884766,1880600.0,39.50590515136719
2014-06-16,52.880001068115234,52.130001068115234,52.29999923706055,52.77000045776367,1707800.0,39.998600006103516
2014-06-17,53.189998626708984,52.58000183105469,52.689998626708984,53.029998779296875,1188000.0,40.19567108154297
2014-06-18,53.4900016784668,52.709999084472656,53.02000045776367,53.029998779296875,1520900.0,40.19567108154297
2014-06-19,53.279998779296875,52.84000015258789,53.08000183105469,53.20000076293945,1714600.0,40.32452392578125
2014-06-20,53.369998931884766,52.36000061035156,52.86000061035156,52.400001525878906,3880200.0,39.718143463134766
2014-06-23,52.86000061035156,52.459999084472656,52.47999954223633,52.810001373291016,2248700.0,40.02892303466797
2014-06-24,53.310001373291016,52.77000045776367,52.939998626708984,53.08000183105469,1810900.0,40.23356246948242
2014-06-25,53.290000915527344,52.689998626708984,53.060001373291016,52.77000045776367,1385800.0,39.998600006103516
2014-06-26,53.13999938964844,52.58000183105469,52.720001220703125,53.02000045776367,1916200.0,40.18809127807617
2014-06-27,53.279998779296875,52.83000183105469,52.93000030517578,53.22999954223633,2155500.0,40.347267150878906
2014-06-30,53.470001220703125,52.630001068115234,53.130001068115234,52.68000030517578,1807000.0,39.930381774902344
2014-07-01,53.220001220703125,52.709999084472656,52.709999084472656,53.15999984741211,1703100.0,40.29420852661133
2014-07-02,53.150001525878906,52.18000030517578,52.939998626708984,52.349998474121094,3814800.0,39.68024444580078
2014-07-03,53.209999084472656,52.650001525878906,52.650001525878906,52.95000076293945,1624700.0,40.13503646850586
2014-07-07,53.119998931884766,52.70000076293945,52.779998779296875,53.02000045776367,2244300.0,40.18809127807617
2014-07-08,53.11000061035156,52.439998626708984,52.810001373291016,53.02000045776367,2334100.0,40.18809127807617
2014-07-09,53.75,52.97999954223633,53.06999969482422,53.20000076293945,2385000.0,40.32452392578125
2014-07-10,52.970001220703125,52.060001373291016,52.81999969482422,52.06999969482422,2521700.0,39.4680061340332
2014-07-11,52.08000183105469,51.36000061035156,52.02000045776367,51.5099983215332,2551200.0,39.043540954589844
2014-07-14,51.900001525878906,50.900001525878906,51.900001525878906,51.0,2909200.0,38.65696334838867
2014-07-15,51.400001525878906,50.939998626708984,50.970001220703125,51.33000183105469,3154800.0,38.907100677490234
2014-07-16,52.08000183105469,51.13999938964844,51.52000045776367,51.630001068115234,2618100.0,39.134490966796875
2014-07-17,52.220001220703125,51.25,51.38999938964844,51.630001068115234,2209900.0,39.134490966796875
2014-07-18,52.400001525878906,51.560001373291016,51.810001373291016,52.400001525878906,1939800.0,39.718143463134766
2014-07-21,52.45000076293945,52.029998779296875,52.29999923706055,52.310001373291016,1453200.0,39.64992141723633
2014-07-22,52.54999923706055,51.5099983215332,52.31999969482422,51.65999984741211,2978200.0,39.15724182128906
2014-07-23,52.13999938964844,51.65999984741211,51.7400016784668,51.81999969482422,1783500.0,39.27851486206055
2014-07-24,52.5099983215332,51.77000045776367,51.79999923706055,52.099998474121094,1999200.0,39.49074935913086
2014-07-25,52.06999969482422,51.15999984741211,52.06999969482422,51.36000061035156,1842400.0,38.92984390258789
2014-07-28,52.2400016784668,51.2599983215332,51.529998779296875,52.22999954223633,1626400.0,39.58928680419922
2014-07-29,52.63999938964844,51.93000030517578,52.16999816894531,51.939998626708984,1269400.0,39.369476318359375
2014-07-30,54.20000076293945,52.02000045776367,52.099998474121094,53.560001373291016,4392400.0,40.59739303588867
2014-07-31,54.130001068115234,53.02000045776367,53.119998931884766,53.540000915527344,3436100.0,40.582237243652344
2014-08-01,53.709999084472656,53.06999969482422,53.349998474121094,53.560001373291016,2635600.0,40.59739303588867
2014-08-04,54.13999938964844,53.619998931884766,53.650001525878906,53.7400016784668,2600100.0,40.73384475708008
2014-08-05,54.29999923706055,53.18000030517578,53.34000015258789,53.959999084472656,2122300.0,40.90058517456055
2014-08-06,55.0,53.599998474121094,53.75,54.72999954223633,2819000.0,41.48423767089844
2014-08-07,55.25,54.380001068115234,55.0099983215332,54.45000076293945,3486200.0,41.272010803222656
2014-08-08,55.83000183105469,54.470001220703125,54.52000045776367,55.720001220703125,2585700.0,42.23463821411133
2014-08-11,56.22999954223633,55.459999084472656,55.939998626708984,55.83000183105469,3170800.0,42.318016052246094
2014-08-12,56.08000183105469,55.369998931884766,55.459999084472656,55.93000030517578,2074600.0,42.39381790161133
2014-08-13,55.130001068115234,54.029998779296875,54.75,55.11000061035156,5935100.0,41.77227783203125
2014-08-14,57.72999954223633,56.54999923706055,57.18000030517578,56.90999984741211,7347600.0,43.13663101196289
2014-08-15,57.08000183105469,55.9900016784668,57.06999969482422,56.880001068115234,2990000.0,43.1138916015625
2014-08-18,57.72999954223633,56.83000183105469,57.20000076293945,57.54999923706055,1997200.0,43.621742248535156
2014-08-19,58.31999969482422,57.41999816894531,57.880001068115234,57.7400016784668,3244400.0,43.7657585144043
2014-08-20,59.20000076293945,57.61000061035156,57.84000015258789,58.880001068115234,3406300.0,44.629852294921875
2014-08-21,59.59000015258789,58.650001525878906,58.86000061035156,59.290000915527344,2911000.0,44.94063186645508
2014-08-22,59.88999938964844,59.310001373291016,59.5,59.43000030517578,2611000.0,45.04673767089844
2014-08-25,59.880001068115234,59.209999084472656,59.779998779296875,59.61000061035156,1244300.0,45.18317794799805
2014-08-26,59.900001525878906,59.33000183105469,59.65999984741211,59.470001220703125,1152600.0,45.077064514160156
2014-08-27,59.720001220703125,59.119998931884766,59.61000061035156,59.65999984741211,1535100.0,45.22108459472656
2014-08-28,59.5099983215332,58.75,59.18000030517578,59.400001525878906,1240700.0,45.02399826049805
2014-08-29,59.40999984741211,58.56999969482422,59.36000061035156,58.790000915527344,2538100.0,44.5616340637207
2014-09-02,59.36000061035156,58.709999084472656,58.9900016784668,59.11000061035156,2720000.0,44.8041877746582
2014-09-03,59.849998474121094,59.0099983215332,59.61000061035156,59.13999938964844,2389400.0,44.82692337036133
2014-09-04,60.75,58.95000076293945,59.08000183105469,60.33000183105469,4164300.0,45.72892761230469
2014-09-05,60.20000076293945,58.95000076293945,60.20000076293945,59.95000076293945,3660600.0,45.44089889526367
2014-09-08,59.470001220703125,58.47999954223633,59.189998626708984,58.790000915527344,2578300.0,44.853424072265625
2014-09-09,59.439998626708984,58.470001220703125,58.900001525878906,59.279998779296875,3357300.0,45.227256774902344
2014-09-10,59.310001373291016,58.70000076293945,59.279998779296875,58.88999938964844,2119200.0,44.92972183227539
2014-09-11,60.0,58.7599983215332,58.77000045776367,59.849998474121094,2354100.0,45.662147521972656
2014-09-12,60.72999954223633,59.63999938964844,59.900001525878906,60.380001068115234,3940600.0,46.06651306152344
2014-09-15,60.66999816894531,59.43000030517578,59.459999084472656,60.349998474121094,3333600.0,46.043617248535156
2014-09-16,61.439998626708984,60.08000183105469,60.18000030517578,61.11000061035156,3052800.0,46.623451232910156
2014-09-17,61.790000915527344,60.849998474121094,61.31999969482422,61.52000045776367,2315100.0,46.93625259399414
2014-09-18,63.540000915527344,62.15999984741211,62.25,62.5,6693800.0,47.68394470214844
2014-09-19,62.689998626708984,61.93000030517578,62.68000030517578,61.9900016784668,3926100.0,47.29484558105469
2014-09-22,62.0,61.41999816894531,61.869998931884766,61.72999954223633,2138100.0,47.09648513793945
2014-09-23,62.09000015258789,61.400001525878906,61.68000030517578,61.88999938964844,2053500.0,47.218544006347656
2014-09-24,62.5099983215332,61.779998779296875,61.900001525878906,62.459999084472656,2650200.0,47.6534309387207
2014-09-25,62.38999938964844,61.36000061035156,62.33000183105469,61.36000061035156,2481400.0,46.81418991088867
2014-09-26,62.790000915527344,61.75,61.75,62.189998626708984,2566900.0,47.44744110107422
2014-09-29,61.81999969482422,60.900001525878906,61.75,61.2599983215332,2519600.0,46.73788833618164
2014-09-30,61.33000183105469,60.72999954223633,61.16999816894531,61.029998779296875,2417500.0,46.562416076660156
2014-10-01,61.290000915527344,60.29999923706055,60.88999938964844,60.40999984741211,2081600.0,46.08939743041992
2014-10-02,61.11000061035156,59.90999984741211,60.5099983215332,60.83000183105469,2316000.0,46.40983963012695
2014-10-03,61.900001525878906,61.209999084472656,61.29999923706055,61.470001220703125,2112500.0,46.89812469482422
2014-10-06,61.68000030517578,59.52000045776367,61.61000061035156,59.59000015258789,2951300.0,45.463783264160156
2014-10-07,59.290000915527344,57.7400016784668,59.16999816894531,57.84000015258789,5634100.0,44.12864303588867
2014-10-08,58.66999816894531,57.0,58.11000061035156,58.060001373291016,5169300.0,44.29648208618164
2014-10-09,58.09000015258789,56.939998626708984,58.06999969482422,57.13999938964844,4883500.0,43.59457015991211
2014-10-10,57.79999923706055,56.290000915527344,57.20000076293945,56.61000061035156,4406500.0,43.19020462036133
2014-10-13,56.869998931884766,55.83000183105469,56.209999084472656,56.02000045776367,4318200.0,42.74007797241211
2014-10-14,57.619998931884766,56.20000076293945,56.31999969482422,56.70000076293945,3595600.0,43.25888442993164
2014-10-15,56.70000076293945,55.529998779296875,56.2599983215332,56.459999084472656,3485600.0,43.075767517089844
2014-10-16,57.310001373291016,55.38999938964844,55.43000030517578,56.279998779296875,3369000.0,42.938438415527344
2014-10-17,56.81999969482422,55.7599983215332,56.68000030517578,56.540000915527344,3077500.0,43.13680648803711
2014-10-20,57.84000015258789,56.5,56.540000915527344,57.52000045776367,2520800.0,43.88448715209961
2014-10-21,58.810001373291016,57.529998779296875,57.849998474121094,58.709999084472656,2335500.0,44.792388916015625
2014-10-22,59.369998931884766,58.34000015258789,58.63999938964844,58.43000030517578,2113400.0,44.57876205444336
2014-10-23,59.630001068115234,58.65999984741211,58.75,59.20000076293945,2137600.0,45.16624069213867
2014-10-24,59.29999923706055,58.27000045776367,58.959999084472656,59.09000015258789,3158600.0,45.08230209350586
2014-10-27,59.0,57.7599983215332,58.939998626708984,58.54999923706055,3097300.0,44.670318603515625
2014-10-28,55.38999938964844,53.880001068115234,54.970001220703125,54.65999984741211,9071200.0,41.70246505737305
2014-10-29,55.04999923706055,54.06999969482422,54.470001220703125,54.439998626708984,3545800.0,41.53461456298828
2014-10-30,55.16999816894531,54.209999084472656,54.22999954223633,54.79999923706055,2165700.0,41.80928421020508
2014-10-31,55.470001220703125,53.86000061035156,55.380001068115234,54.220001220703125,3384900.0,41.36677551269531
2014-11-03,55.0,54.0099983215332,54.279998779296875,54.95000076293945,2184600.0,41.92372512817383
2014-11-04,55.20000076293945,54.11000061035156,54.709999084472656,55.16999816894531,2236000.0,42.09156799316406
2014-11-05,55.619998931884766,54.86000061035156,55.470001220703125,55.09000015258789,1838600.0,42.030540466308594
2014-11-06,56.970001220703125,55.099998474121094,55.130001068115234,56.810001373291016,3660300.0,43.342796325683594
2014-11-07,57.70000076293945,56.47999954223633,56.63999938964844,57.220001220703125,2439500.0,43.65561294555664
2014-11-10,57.54999923706055,56.52000045776367,57.11000061035156,56.56999969482422,2108600.0,43.159690856933594
2014-11-11,56.70000076293945,55.91999816894531,56.400001525878906,56.22999954223633,1916900.0,42.90028381347656
2014-11-12,57.97999954223633,56.029998779296875,56.22999954223633,57.90999984741211,4057100.0,44.18203353881836
2014-11-13,57.099998474121094,55.31999969482422,56.310001373291016,56.06999969482422,4895600.0,42.77822494506836
2014-11-14,57.18000030517578,55.810001373291016,56.06999969482422,57.119998931884766,2543100.0,43.57931900024414
2014-11-17,57.7599983215332,56.68000030517578,56.970001220703125,57.34000015258789,2461400.0,43.74715042114258
2014-11-18,57.33000183105469,56.31999969482422,57.13999938964844,57.130001068115234,2084200.0,43.586944580078125
2014-11-19,57.59000015258789,56.9900016784668,57.209999084472656,57.400001525878906,1604600.0,43.792938232421875
2014-11-20,58.599998474121094,57.220001220703125,57.33000183105469,58.34000015258789,1659100.0,44.51010513305664
2014-11-21,58.88999938964844,57.68000030517578,58.84000015258789,58.220001220703125,2308700.0,44.418548583984375
2014-11-24,59.20000076293945,58.400001525878906,58.41999816894531,58.91999816894531,3085400.0,44.952598571777344
2014-11-25,59.779998779296875,58.75,59.189998626708984,58.83000183105469,2652100.0,44.88395309448242
2014-11-26,59.349998474121094,58.470001220703125,58.72999954223633,58.66999816894531,2375900.0,44.761871337890625
2014-11-28,59.880001068115234,58.7400016784668,59.150001525878906,59.619998931884766,1848700.0,45.48666763305664
2014-12-01,59.459999084472656,57.04999923706055,59.38999938964844,57.529998779296875,3393500.0,43.892120361328125
2014-12-02,58.33000183105469,56.939998626708984,57.939998626708984,57.22999954223633,2895800.0,43.663238525390625
2014-12-03,58.2400016784668,56.849998474121094,57.040000915527344,58.209999084472656,3030600.0,44.410919189453125
2014-12-04,58.08000183105469,56.439998626708984,57.97999954223633,56.810001373291016,2944100.0,43.342796325683594
2014-12-05,57.27000045776367,56.31999969482422,56.869998931884766,57.060001373291016,3602200.0,43.53353500366211
2014-12-08,56.90999984741211,56.09000015258789,56.7599983215332,56.41999816894531,2404000.0,43.341495513916016
2014-12-09,56.86000061035156,55.869998931884766,56.27000045776367,56.79999923706055,2565800.0,43.63340377807617
2014-12-10,57.47999954223633,56.59000015258789,56.95000076293945,56.7400016784668,2672100.0,43.587303161621094
2014-12-11,58.41999816894531,56.75,57.220001220703125,56.900001525878906,2696100.0,43.710227966308594
2014-12-12,58.11000061035156,56.5,56.77000045776367,57.27000045776367,3085900.0,43.994449615478516
2014-12-15,58.2400016784668,57.22999954223633,57.43000030517578,58.02000045776367,2722400.0,44.57059097290039
2014-12-16,58.29999923706055,57.150001525878906,57.939998626708984,57.18000030517578,2607000.0,43.925315856933594
2014-12-17,57.77000045776367,57.119998931884766,57.4900016784668,57.63999938964844,4689400.0,44.27867889404297
2014-12-18,59.59000015258789,57.900001525878906,58.310001373291016,59.45000076293945,3267000.0,45.66912078857422
2014-12-19,59.689998626708984,58.959999084472656,59.58000183105469,59.59000015258789,3243900.0,45.776668548583984
2014-12-22,60.68000030517578,59.5099983215332,59.84000015258789,60.56999969482422,2602300.0,46.52949142456055
2014-12-23,62.02000045776367,60.880001068115234,60.90999984741211,61.540000915527344,3326900.0,47.27463912963867
2014-12-24,61.83000183105469,60.459999084472656,61.59000015258789,60.459999084472656,1255100.0,46.44498825073242
2014-12-26,61.040000915527344,60.16999816894531,60.630001068115234,60.20000076293945,1576100.0,46.24526596069336
2014-12-29,61.119998931884766,60.0099983215332,60.0099983215332,60.650001525878906,3172200.0,46.59095001220703
2014-12-30,61.11000061035156,60.2599983215332,60.790000915527344,60.720001220703125,1951200.0,46.644718170166016
2014-12-31,61.79999923706055,60.90999984741211,60.939998626708984,61.040000915527344,2113100.0,46.89055252075195
2015-01-02,61.2400016784668,59.04999923706055,61.150001525878906,59.59000015258789,2649700.0,45.776668548583984
2015-01-05,59.849998474121094,58.88999938964844,59.33000183105469,59.22999954223633,2373100.0,45.50011444091797
2015-01-06,60.11000061035156,58.380001068115234,59.33000183105469,59.150001525878906,3533500.0,45.438663482666016
2015-01-07,61.959999084472656,60.380001068115234,60.900001525878906,61.310001373291016,4257400.0,47.09795379638672
2015-01-08,62.04999923706055,61.439998626708984,61.720001220703125,61.52000045776367,2574500.0,47.2592658996582
2015-01-09,61.18000030517578,60.18000030517578,61.08000183105469,60.209999084472656,2227300.0,46.25294876098633
2015-01-12,60.95000076293945,59.650001525878906,60.310001373291016,60.630001068115234,2022500.0,46.57558822631836
2015-01-13,62.20000076293945,60.40999984741211,61.18000030517578,60.63999938964844,2106600.0,46.58326721191406
2015-01-14,60.59000015258789,59.13999938964844,59.81999969482422,59.91999816894531,1910700.0,46.03015899658203
2015-01-15,60.36000061035156,58.5,60.119998931884766,58.54999923706055,1985400.0,44.97773361206055
2015-01-16,59.5,58.2599983215332,58.59000015258789,59.34000015258789,1938300.0,45.58460998535156
2015-01-20,59.7400016784668,58.0,59.41999816894531,58.36000061035156,2411800.0,44.831787109375
2015-01-21,58.93000030517578,58.290000915527344,58.29999923706055,58.65999984741211,1567400.0,45.06223678588867
2015-01-22,60.25,58.72999954223633,59.02000045776367,60.189998626708984,2315200.0,46.237579345703125
2015-01-23,60.72999954223633,59.849998474121094,60.18000030517578,60.18000030517578,2235500.0,46.22990036010742
2015-01-26,61.650001525878906,59.630001068115234,59.95000076293945,61.43000030517578,3164900.0,47.19013214111328
2015-01-27,61.54999923706055,60.599998474121094,61.16999816894531,61.08000183105469,1944900.0,46.921268463134766
2015-01-28,62.20000076293945,60.77000045776367,61.400001525878906,60.79999923706055,1688100.0,46.706172943115234
2015-01-29,61.40999984741211,59.959999084472656,61.029998779296875,60.75,2151700.0,46.66776657104492
2015-01-30,60.810001373291016,59.630001068115234,60.279998779296875,59.720001220703125,2403800.0,45.87652587890625
2015-02-02,61.52000045776367,59.61000061035156,59.9900016784668,61.439998626708984,2971300.0,47.19781494140625
2015-02-03,62.9900016784668,61.09000015258789,61.400001525878906,62.880001068115234,3384500.0,48.304012298583984
2015-02-04,67.1500015258789,64.27999877929688,65.61000061035156,66.87000274658203,11151300.0,51.36912155151367
2015-02-05,67.88999938964844,66.23999786376953,66.87000274658203,67.73999786376953,4893400.0,52.03742980957031
2015-02-06,69.47000122070312,67.3499984741211,67.73999786376953,69.30000305175781,6736400.0,53.23582077026367
2015-02-09,70.4000015258789,68.66000366210938,69.16000366210938,69.62000274658203,4921300.0,53.481651306152344
2015-02-10,69.88999938964844,69.1500015258789,69.72000122070312,69.58000183105469,3178200.0,53.45091247558594
2015-02-11,70.25,69.16999816894531,69.75,69.47000122070312,2978100.0,53.36641311645508
2015-02-12,70.19999694824219,68.76000213623047,70.16000366210938,68.83000183105469,3538100.0,52.87476348876953
2015-02-13,68.98999786376953,67.83999633789062,68.94999694824219,68.25,2850200.0,52.429229736328125
2015-02-17,68.97000122070312,67.43000030517578,67.94999694824219,68.8499984741211,2578200.0,52.890140533447266
2015-02-18,68.87000274658203,68.20999908447266,68.63999938964844,68.75,2626400.0,52.81331253051758
2015-02-19,69.02999877929688,68.2300033569336,68.73999786376953,68.37000274658203,2175800.0,52.521392822265625
2015-02-20,69.58000183105469,67.83000183105469,68.25,69.5,2332500.0,53.389461517333984
2015-02-23,70.16000366210938,69.1500015258789,69.6500015258789,70.0,4023700.0,53.7735481262207
2015-02-24,70.44000244140625,69.12999725341797,70.0,69.97000122070312,3246900.0,53.75050354003906
2015-02-25,71.43000030517578,69.62999725341797,70.0,70.9000015258789,4372900.0,54.46492385864258
2015-02-26,73.19999694824219,69.4000015258789,70.7300033569336,71.69000244140625,5530500.0,55.071807861328125
2015-02-27,74.66000366210938,71.9800033569336,72.16000366210938,73.80000305175781,6150700.0,56.69269561767578
2015-03-02,74.41000366210938,72.9000015258789,73.4000015258789,74.26000213623047,4168500.0,57.04607391357422
2015-03-03,74.94000244140625,73.58000183105469,74.44000244140625,74.5,3081200.0,57.23043441772461
2015-03-04,74.69999694824219,73.94000244140625,74.44999694824219,74.30000305175781,2411600.0,57.07679748535156
2015-03-05,74.72000122070312,73.5999984741211,74.58999633789062,73.5999984741211,2723100.0,56.5390625
2015-03-06,74.08999633789062,73.1500015258789,73.61000061035156,73.36000061035156,2211800.0,56.354698181152344
2015-03-09,74.0199966430664,73.0,73.26000213623047,73.70999908447266,2016000.0,56.97304916381836
2015-03-10,74.04000091552734,73.08999633789062,73.43000030517578,73.91000366210938,2803100.0,57.127628326416016
2015-03-11,74.37000274658203,73.33000183105469,73.8499984741211,73.8499984741211,1821900.0,57.08124542236328
2015-03-12,74.66000366210938,73.86000061035156,73.86000061035156,74.41000366210938,1482800.0,57.514102935791016
2015-03-13,74.9000015258789,73.69000244140625,74.26000213623047,74.0999984741211,2574400.0,57.27448272705078
2015-03-16,74.98999786376953,73.79000091552734,74.4000015258789,74.19999694824219,2863500.0,57.35176467895508
2015-03-17,74.55000305175781,73.75,73.7699966430664,74.33000183105469,2688400.0,57.45226287841797
2015-03-18,75.36000061035156,73.56999969482422,74.33000183105469,74.94999694824219,2578900.0,57.93147659301758
2015-03-19,75.83999633789062,74.58000183105469,74.94000244140625,75.61000061035156,1876200.0,58.441612243652344
2015-03-20,76.44000244140625,75.37000274658203,75.37000274658203,75.63999938964844,2600500.0,58.464805603027344
2015-03-23,76.54000091552734,75.58000183105469,75.98999786376953,75.5999984741211,2646800.0,58.43387222290039
2015-03-24,75.86000061035156,74.91000366210938,75.37999725341797,75.01000213623047,2481800.0,57.97785949707031
2015-03-25,75.62000274658203,74.66999816894531,75.1500015258789,74.69000244140625,3492000.0,57.73052215576172
2015-03-26,75.2300033569336,73.88999938964844,74.5199966430664,74.98999786376953,2205200.0,57.9623908996582
2015-03-27,75.66000366210938,74.87000274658203,75.29000091552734,75.30999755859375,2668400.0,58.209720611572266
2015-03-30,77.04000091552734,74.66000366210938,74.95999908447266,76.62000274658203,1742300.0,59.22227096557617
2015-03-31,79.30000305175781,76.61000061035156,76.66999816894531,78.25,4850200.0,60.48217010498047
2015-04-01,78.66000366210938,77.52999877929688,77.86000061035156,78.16000366210938,3157800.0,60.41259765625
2015-04-02,79.52999877929688,78.13999938964844,78.13999938964844,79.06999969482422,2244500.0,61.11595916748047
2015-04-06,79.5999984741211,78.54000091552734,78.72000122070312,78.80999755859375,1815300.0,60.91500473022461
2015-04-07,79.41999816894531,78.30999755859375,78.9800033569336,78.36000061035156,1708500.0,60.56718826293945
2015-04-08,78.83999633789062,77.25,78.27999877929688,77.75,2949500.0,60.09568786621094
2015-04-09,78.69999694824219,77.44999694824219,78.33000183105469,77.66999816894531,2530800.0,60.03385925292969
2015-04-10,78.66999816894531,77.58000183105469,78.33999633789062,78.4000015258789,2652200.0,60.598106384277344
2015-04-13,78.94000244140625,77.7300033569336,78.22000122070312,77.7300033569336,1509900.0,60.08024597167969
2015-04-14,77.69999694824219,76.41999816894531,77.48999786376953,76.58000183105469,1998800.0,59.19135665893555
2015-04-15,77.44000244140625,76.16000366210938,76.87000274658203,76.19999694824219,2263900.0,58.89765167236328
2015-04-16,76.80999755859375,75.51000213623047,76.16999816894531,76.30999755859375,1864700.0,58.98267364501953
2015-04-17,76.29000091552734,74.26000213623047,75.62999725341797,74.47000122070312,2994800.0,57.56047058105469
2015-04-20,75.5999984741211,74.68000030517578,75.37000274658203,75.33000183105469,2260500.0,58.225181579589844
2015-04-21,75.55999755859375,74.4000015258789,75.37000274658203,74.94999694824219,1741300.0,57.93147659301758
2015-04-22,76.36000061035156,74.66999816894531,75.33999633789062,75.91000366210938,2381800.0,58.673492431640625
2015-04-23,77.38999938964844,75.45999908447266,75.7699966430664,76.77999877929688,2335300.0,59.345947265625
2015-04-24,76.55000305175781,73.88999938964844,76.27999877929688,74.58999633789062,4806300.0,57.65321731567383
2015-04-27,75.48999786376953,72.80999755859375,75.12000274658203,72.91000366210938,3310400.0,56.35469436645508
2015-04-28,73.4800033569336,71.94000244140625,72.69999694824219,73.25,3137200.0,56.61748504638672
2015-04-29,73.0999984741211,71.0999984741211,72.7300033569336,71.0999984741211,3668300.0,54.9556770324707
2015-04-30,72.16999816894531,70.9000015258789,71.0199966430664,71.6500015258789,3889200.0,55.38079833984375
2015-05-01,73.25,71.26000213623047,71.58999633789062,73.08999633789062,2272300.0,56.493804931640625
2015-05-04,73.5999984741211,72.77999877929688,73.12000274658203,73.12999725341797,1862000.0,56.52471923828125
2015-05-05,73.26000213623047,71.41000366210938,72.77999877929688,71.55000305175781,2632300.0,55.30350112915039
2015-05-06,73.02999877929688,71.62999725341797,72.12000274658203,72.95999908447266,2866300.0,56.39333724975586
2015-05-07,73.70999908447266,72.30999755859375,73.08999633789062,73.36000061035156,2284800.0,56.70250701904297
2015-05-08,74.88999938964844,73.68000030517578,74.0,74.27999877929688,3115600.0,57.41360855102539
2015-05-11,75.23999786376953,74.0199966430664,75.0,74.30000305175781,3353200.0,57.4290657043457
2015-05-12,74.80000305175781,73.80000305175781,74.12999725341797,74.30000305175781,2865000.0,57.4290657043457
2015-05-13,74.68000030517578,73.19000244140625,73.91000366210938,74.51000213623047,4728000.0,57.59139633178711
2015-05-14,68.08000183105469,64.25,67.08999633789062,64.62000274658203,25648400.0,49.947059631347656
2015-05-15,66.25,64.16999816894531,64.70999908447266,66.12999725341797,8833200.0,51.11418533325195
2015-05-18,66.80000305175781,65.5999984741211,66.2300033569336,66.06999969482422,5796300.0,51.06781768798828
2015-05-19,66.5199966430664,65.70999908447266,66.31999969482422,66.5,4414300.0,51.40017318725586
2015-05-20,66.86000061035156,65.79000091552734,66.55999755859375,65.83999633789062,3764900.0,50.89003372192383
2015-05-21,66.5999984741211,65.51000213623047,65.61000061035156,65.91000366210938,3428100.0,50.944149017333984
2015-05-22,66.80000305175781,65.9800033569336,66.05999755859375,66.0999984741211,2877300.0,51.09100341796875
2015-05-26,66.5,64.94999694824219,66.0999984741211,65.11000061035156,2759700.0,50.3257942199707
2015-05-27,66.02999877929688,65.19999694824219,65.4000015258789,65.38999938964844,3026600.0,50.54222106933594
2015-05-28,66.33000183105469,65.2699966430664,65.61000061035156,65.37999725341797,3063100.0,50.53448486328125
2015-05-29,65.7699966430664,64.91999816894531,65.23999786376953,65.48999786376953,2966300.0,50.619510650634766
2015-06-01,65.94000244140625,64.62999725341797,65.48999786376953,64.66999816894531,2906400.0,49.98571014404297
2015-06-02,65.87000274658203,64.80000305175781,65.02999877929688,65.7300033569336,3066500.0,50.805015563964844
2015-06-03,66.18000030517578,65.30000305175781,65.87999725341797,65.33999633789062,2147500.0,50.50356674194336
2015-06-04,65.54000091552734,64.3499984741211,64.51000213623047,64.83999633789062,1938700.0,50.117103576660156
2015-06-05,64.95999908447266,63.310001373291016,64.83000183105469,63.41999816894531,3991800.0,49.01953887939453
2015-06-08,63.310001373291016,62.619998931884766,63.20000076293945,62.709999084472656,2402200.0,48.817138671875
2015-06-09,63.040000915527344,61.95000076293945,62.880001068115234,62.04999923706055,2320600.0,48.30335998535156
2015-06-10,62.619998931884766,61.70000076293945,62.5,62.459999084472656,2559500.0,48.622520446777344
2015-06-11,63.099998474121094,62.31999969482422,62.900001525878906,62.40999984741211,1581800.0,48.5836067199707
2015-06-12,62.869998931884766,62.09000015258789,62.09000015258789,62.66999816894531,1854800.0,48.78599166870117
2015-06-15,62.9900016784668,62.189998626708984,62.25,62.599998474121094,2225700.0,48.731510162353516
2015-06-16,62.970001220703125,62.0099983215332,62.599998474121094,62.08000183105469,2282000.0,48.32670974731445
2015-06-17,63.189998626708984,62.29999923706055,62.45000076293945,62.7599983215332,2701500.0,48.85606002807617
2015-06-18,63.349998474121094,62.720001220703125,62.720001220703125,63.20000076293945,1301500.0,49.19858169555664
2015-06-19,64.1500015258789,62.97999954223633,62.97999954223633,63.810001373291016,3551900.0,49.6734504699707
2015-06-22,64.47000122070312,63.599998474121094,64.12999725341797,63.650001525878906,1649400.0,49.54888916015625
2015-06-23,64.58999633789062,63.7599983215332,63.779998779296875,63.900001525878906,2112500.0,49.74350357055664
2015-06-24,64.55999755859375,63.630001068115234,64.02999877929688,63.9900016784668,1690100.0,49.813575744628906
2015-06-25,64.5,63.34000015258789,64.16000366210938,63.36000061035156,1420400.0,49.3231315612793
2015-06-26,63.849998474121094,63.130001068115234,63.400001525878906,63.369998931884766,1957400.0,49.33092498779297
2015-06-29,63.45000076293945,62.40999984741211,63.189998626708984,62.529998779296875,2281100.0,48.677005767822266
2015-06-30,63.0099983215332,62.43000030517578,62.9900016784668,62.61000061035156,1652400.0,48.739288330078125
2015-07-01,63.220001220703125,62.0,62.93000030517578,62.81999969482422,2412000.0,48.90276336669922
2015-07-02,63.95000076293945,62.959999084472656,63.11000061035156,63.130001068115234,1894800.0,49.14409255981445
2015-07-06,63.15999984741211,62.459999084472656,62.5,62.83000183105469,2348200.0,48.910560607910156
2015-07-07,65.05000305175781,62.959999084472656,63.150001525878906,64.95999908447266,3041200.0,50.56867218017578
2015-07-08,65.19999694824219,64.25,64.44999694824219,64.58999633789062,2726000.0,50.280635833740234
2015-07-09,65.19999694824219,62.13999938964844,65.19999694824219,62.68000030517578,4427500.0,48.79378128051758
2015-07-10,64.25,63.5,63.709999084472656,63.95000076293945,1937100.0,49.782432556152344
2015-07-13,64.44000244140625,63.72999954223633,64.3499984741211,64.06999969482422,1728400.0,49.8758430480957
2015-07-14,64.93000030517578,63.70000076293945,63.88999938964844,64.7699966430664,2574400.0,50.42074966430664
2015-07-15,64.8499984741211,63.58000183105469,64.8499984741211,64.0,2303300.0,49.82135009765625
2015-07-16,64.26000213623047,63.650001525878906,64.16999816894531,63.72999954223633,2263800.0,49.611167907714844
2015-07-17,63.72999954223633,62.25,63.529998779296875,62.2599983215332,3069600.0,48.46683883666992
2015-07-20,62.83000183105469,62.2599983215332,62.5,62.59000015258789,2017300.0,48.723724365234375
2015-07-21,62.689998626708984,61.9900016784668,62.52000045776367,62.060001373291016,2460200.0,48.31114196777344
2015-07-22,62.970001220703125,62.119998931884766,62.119998931884766,62.869998931884766,1510800.0,48.941688537597656
2015-07-23,62.790000915527344,61.77000045776367,62.7400016784668,61.869998931884766,2169600.0,48.163230895996094
2015-07-24,62.119998931884766,61.599998474121094,62.0099983215332,61.880001068115234,1740200.0,48.1710205078125
2015-07-27,62.40999984741211,61.349998474121094,61.43000030517578,61.779998779296875,1685100.0,48.09316635131836
2015-07-28,61.970001220703125,61.20000076293945,61.90999984741211,61.40999984741211,1609900.0,47.80514144897461
2015-07-29,61.599998474121094,60.560001373291016,61.5,61.16999816894531,3329100.0,47.61831283569336
2015-07-30,61.709999084472656,61.04999923706055,61.150001525878906,61.52000045776367,1768100.0,47.89076614379883
2015-07-31,62.0,61.119998931884766,61.63999938964844,61.31999969482422,1457500.0,47.735076904296875
2015-08-03,61.470001220703125,60.65999984741211,61.33000183105469,60.849998474121094,1380300.0,47.36920166015625
2015-08-04,61.459999084472656,60.849998474121094,61.11000061035156,61.18000030517578,1414400.0,47.62609100341797
2015-08-05,62.02000045776367,60.7400016784668,61.38999938964844,61.15999984741211,2382900.0,47.61052703857422
2015-08-06,60.9900016784668,59.54999923706055,60.7400016784668,60.349998474121094,4066900.0,46.979976654052734
2015-08-07,60.77000045776367,59.13999938964844,60.08000183105469,60.02000045776367,2252900.0,46.723087310791016
2015-08-10,61.72999954223633,60.29999923706055,60.29999923706055,61.599998474121094,2345100.0,47.95304870605469
2015-08-11,61.59000015258789,60.790000915527344,61.27000045776367,61.40999984741211,1907700.0,47.80514144897461
2015-08-12,64.18000030517578,59.06999969482422,60.20000076293945,61.5,5861900.0,47.87520980834961
2015-08-13,57.65999984741211,54.52000045776367,56.93000030517578,56.11000061035156,16453600.0,43.6793098449707
2015-08-14,55.95000076293945,55.099998474121094,55.61000061035156,55.540000915527344,6049200.0,43.23558807373047
2015-08-17,55.79999923706055,54.75,55.13999938964844,55.65999984741211,3121500.0,43.329002380371094
2015-08-18,55.900001525878906,55.209999084472656,55.790000915527344,55.45000076293945,2688500.0,43.165531158447266
2015-08-19,55.560001373291016,54.400001525878906,55.25,54.7400016784668,3448600.0,42.612823486328125
2015-08-20,54.40999984741211,53.54999923706055,54.209999084472656,53.689998626708984,5533400.0,41.795440673828125
2015-08-21,53.790000915527344,52.11000061035156,53.22999954223633,52.29999923706055,4478800.0,40.713375091552734
2015-08-24,51.88999938964844,49.27000045776367,49.34000015258789,50.43000030517578,6720300.0,39.25766372680664
2015-08-25,51.400001525878906,49.15999984741211,51.34000015258789,49.18000030517578,8454800.0,38.28459167480469
2015-08-26,50.900001525878906,49.09000015258789,50.18000030517578,50.86000061035156,2779300.0,39.5923957824707
2015-08-27,51.900001525878906,50.439998626708984,51.18000030517578,51.34000015258789,3155300.0,39.966068267822266
2015-08-28,52.06999969482422,51.18000030517578,51.380001068115234,51.720001220703125,2671500.0,40.261878967285156
2015-08-31,51.90999984741211,50.77000045776367,51.459999084472656,51.029998779296875,2713100.0,39.7247428894043
2015-09-01,51.31999969482422,49.810001373291016,49.810001373291016,50.52000045776367,3185300.0,39.32773208618164
2015-09-02,50.9900016784668,50.0,50.709999084472656,50.88999938964844,2932600.0,39.61575698852539
2015-09-03,52.72999954223633,51.060001373291016,51.099998474121094,51.540000915527344,4513000.0,40.121761322021484
2015-09-04,51.52000045776367,50.22999954223633,50.93000030517578,50.470001220703125,2527300.0,39.634864807128906
2015-09-08,51.70000076293945,50.72999954223633,51.11000061035156,51.65999984741211,2051000.0,40.56938934326172
2015-09-09,52.33000183105469,50.7599983215332,51.84000015258789,50.86000061035156,2227400.0,39.941131591796875
2015-09-10,51.2599983215332,50.36000061035156,50.4900016784668,50.84000015258789,1698700.0,39.92543029785156
2015-09-11,50.7599983215332,50.029998779296875,50.34000015258789,50.7400016784668,2120300.0,39.846893310546875
2015-09-14,51.119998931884766,50.54999923706055,50.66999816894531,50.7400016784668,2057000.0,39.846893310546875
2015-09-15,51.0,50.38999938964844,51.0,50.470001220703125,2609600.0,39.634864807128906
2015-09-16,51.95000076293945,50.369998931884766,50.38999938964844,51.849998474121094,3417500.0,40.718597412109375
2015-09-17,52.220001220703125,50.560001373291016,51.790000915527344,50.66999816894531,3213300.0,39.79192352294922
2015-09-18,50.56999969482422,49.0099983215332,50.130001068115234,49.209999084472656,6375700.0,38.64535903930664
2015-09-21,50.11000061035156,49.08000183105469,49.66999816894531,49.189998626708984,3369100.0,38.62965393066406
2015-09-22,49.04999923706055,48.31999969482422,48.90999984741211,48.900001525878906,1805400.0,38.401920318603516
2015-09-23,49.22999954223633,48.11000061035156,49.08000183105469,48.52000045776367,2180700.0,38.103492736816406
2015-09-24,48.31999969482422,47.619998931884766,48.16999816894531,47.84000015258789,2608500.0,37.56948471069336
2015-09-25,48.34000015258789,47.560001373291016,48.33000183105469,47.70000076293945,2947000.0,37.459537506103516
2015-09-28,47.93000030517578,46.09000015258789,47.58000183105469,46.11000061035156,2849500.0,36.21088409423828
2015-09-29,47.529998779296875,45.619998931884766,46.29999923706055,46.27000045776367,5367000.0,36.3365364074707
2015-09-30,46.810001373291016,46.09000015258789,46.52000045776367,46.310001373291016,3076400.0,36.367950439453125
2015-10-01,47.52000045776367,44.7599983215332,47.18000030517578,45.060001373291016,4683000.0,35.38631057739258
2015-10-02,45.400001525878906,44.040000915527344,44.689998626708984,45.400001525878906,4266100.0,35.653316497802734
2015-10-05,47.08000183105469,45.70000076293945,45.790000915527344,46.83000183105469,3281100.0,36.77631759643555
2015-10-06,46.630001068115234,45.650001525878906,46.41999816894531,46.4900016784668,3664300.0,36.509307861328125
2015-10-07,47.13999938964844,45.72999954223633,46.619998931884766,46.150001525878906,2158100.0,36.2422981262207
2015-10-08,47.0,46.040000915527344,46.18000030517578,46.650001525878906,2865000.0,36.634952545166016
2015-10-09,47.380001068115234,46.43000030517578,46.599998474121094,47.27000045776367,3782800.0,37.121849060058594
2015-10-12,47.25,46.29999923706055,47.25,46.5,1656600.0,36.517154693603516
2015-10-13,46.779998779296875,45.59000015258789,46.369998931884766,45.61000061035156,1675000.0,35.8182373046875
2015-10-14,46.09000015258789,44.58000183105469,45.790000915527344,45.0099983215332,3016700.0,35.34703826904297
2015-10-15,45.41999816894531,44.650001525878906,45.16999816894531,45.18000030517578,3195700.0,35.48054122924805
2015-10-16,45.970001220703125,45.040000915527344,45.29999923706055,45.93000030517578,2468200.0,36.069522857666016
2015-10-19,46.29999923706055,45.25,45.90999984741211,45.66999816894531,2714300.0,35.86534118652344
2015-10-20,46.34000015258789,45.47999954223633,45.709999084472656,46.310001373291016,2481500.0,36.367950439453125
2015-10-21,46.630001068115234,45.599998474121094,46.380001068115234,45.650001525878906,1890200.0,35.849632263183594
2015-10-22,45.9900016784668,44.970001220703125,45.75,45.41999816894531,2478200.0,35.66901397705078
2015-10-23,45.47999954223633,43.45000076293945,45.47999954223633,44.060001373291016,3495400.0,34.60098648071289
2015-10-26,45.720001220703125,43.650001525878906,43.939998626708984,45.33000183105469,3462500.0,35.59834289550781
2015-10-27,45.869998931884766,45.02000045776367,45.33000183105469,45.7599983215332,5365900.0,35.93601989746094
2015-10-28,46.0099983215332,45.15999984741211,45.779998779296875,45.70000076293945,2539500.0,35.88890075683594
2015-10-29,45.72999954223633,44.04999923706055,45.65999984741211,44.58000183105469,2830800.0,35.00934982299805
2015-10-30,46.619998931884766,44.75,44.779998779296875,46.119998931884766,3353700.0,36.2187385559082
2015-11-02,46.779998779296875,44.52000045776367,46.13999938964844,46.709999084472656,3946000.0,36.682071685791016
2015-11-03,48.15999984741211,46.720001220703125,46.720001220703125,47.369998931884766,3273800.0,37.20038604736328
2015-11-04,47.59000015258789,45.81999969482422,47.439998626708984,46.209999084472656,2590800.0,36.2894172668457
2015-11-05,46.7599983215332,45.849998474121094,46.31999969482422,46.65999984741211,2924500.0,36.64280319213867
2015-11-06,47.20000076293945,46.20000076293945,46.540000915527344,46.56999969482422,4085500.0,36.5721321105957
2015-11-09,46.20000076293945,43.65999984741211,46.0099983215332,43.97999954223633,6119500.0,34.53816604614258
2015-11-10,45.75,43.5099983215332,43.630001068115234,45.599998474121094,6824800.0,35.81037521362305
2015-11-11,44.040000915527344,42.189998626708984,44.0,43.15999984741211,9828300.0,33.894203186035156
2015-11-12,47.2400016784668,45.0,45.43000030517578,45.790000915527344,19188600.0,35.959590911865234
2015-11-13,44.66999816894531,41.86000061035156,44.66999816894531,42.849998474121094,9982600.0,33.6507568359375
2015-11-16,43.9900016784668,42.56999969482422,42.689998626708984,43.939998626708984,4144200.0,34.506744384765625
2015-11-17,45.16999816894531,43.45000076293945,44.29999923706055,44.04999923706055,4433900.0,34.5931396484375
2015-11-18,45.310001373291016,43.720001220703125,44.279998779296875,45.150001525878906,4506300.0,35.45698165893555
2015-11-19,45.77000045776367,44.9900016784668,45.38999938964844,45.18000030517578,2767800.0,35.48054122924805
2015-11-20,47.09000015258789,45.58000183105469,45.59000015258789,47.040000915527344,5070800.0,36.941226959228516
2015-11-23,47.970001220703125,47.20000076293945,47.310001373291016,47.63999938964844,3518700.0,37.41242218017578
2015-11-24,49.060001373291016,47.31999969482422,47.349998474121094,48.529998779296875,3262600.0,38.11134338378906
2015-11-25,48.93000030517578,48.150001525878906,48.470001220703125,48.5,2688400.0,38.08778762817383
2015-11-27,49.0,47.65999984741211,48.81999969482422,48.06999969482422,1315800.0,37.75009536743164
2015-11-30,48.439998626708984,46.56999969482422,48.220001220703125,47.130001068115234,4785800.0,37.011905670166016
2015-12-01,47.90999984741211,46.95000076293945,47.27000045776367,47.220001220703125,3636700.0,37.082584381103516
2015-12-02,47.720001220703125,46.18000030517578,47.41999816894531,46.41999816894531,3128800.0,36.45432662963867
2015-12-03,47.41999816894531,45.90999984741211,46.619998931884766,47.38999938964844,5760200.0,37.216087341308594
2015-12-04,48.119998931884766,46.86000061035156,47.18000030517578,48.08000183105469,4279000.0,37.75795364379883
2015-12-07,47.77000045776367,46.650001525878906,47.36000061035156,47.45000076293945,4103800.0,37.615264892578125
2015-12-08,47.849998474121094,46.77000045776367,46.900001525878906,47.20000076293945,2929000.0,37.417076110839844
2015-12-09,47.9900016784668,46.599998474121094,46.86000061035156,47.130001068115234,2547600.0,37.36159133911133
2015-12-10,48.66999816894531,47.310001373291016,47.45000076293945,48.18000030517578,4576000.0,38.1939582824707
2015-12-11,48.04999923706055,46.09000015258789,47.709999084472656,46.2400016784668,4618500.0,36.65605545043945
2015-12-14,47.900001525878906,46.31999969482422,46.41999816894531,46.7599983215332,4301800.0,37.06827926635742
2015-12-15,47.63999938964844,46.09000015258789,46.869998931884766,46.209999084472656,4518400.0,36.632266998291016
2015-12-16,47.15999984741211,45.31999969482422,46.41999816894531,45.970001220703125,4248500.0,36.4420166015625
2015-12-17,46.189998626708984,44.060001373291016,46.099998474121094,44.45000076293945,4146500.0,35.237064361572266
2015-12-18,44.880001068115234,44.060001373291016,44.25,44.40999984741211,7588400.0,35.20535659790039
2015-12-21,45.790000915527344,44.310001373291016,45.02000045776367,45.709999084472656,4544900.0,36.23591232299805
2015-12-22,47.36000061035156,45.650001525878906,45.91999816894531,47.06999969482422,2890700.0,37.314022064208984
2015-12-23,47.939998626708984,46.97999954223633,47.2400016784668,47.400001525878906,1902900.0,37.57563400268555
2015-12-24,47.709999084472656,47.099998474121094,47.290000915527344,47.130001068115234,1050400.0,37.36159133911133
2015-12-28,47.369998931884766,46.59000015258789,46.83000183105469,47.2400016784668,2319200.0,37.44878387451172
2015-12-29,49.529998779296875,47.63999938964844,47.650001525878906,48.810001373291016,3381600.0,38.69338607788086
2015-12-30,49.33000183105469,48.209999084472656,48.66999816894531,48.38999938964844,2616600.0,38.36042785644531
2015-12-31,48.77000045776367,47.619998931884766,48.15999984741211,47.630001068115234,1874200.0,37.75795364379883
2016-01-04,49.560001373291016,46.349998474121094,46.90999984741211,49.54999923706055,5207100.0,39.28000259399414
2016-01-05,50.22999954223633,49.349998474121094,49.7400016784668,49.779998779296875,5212000.0,39.46234130859375
2016-01-06,50.18000030517578,48.90999984741211,49.02000045776367,50.04999923706055,4830100.0,39.67637634277344
2016-01-07,52.060001373291016,49.25,49.400001525878906,50.86000061035156,7691600.0,40.318485260009766
2016-01-08,51.29999923706055,47.54999923706055,50.81999969482422,47.880001068115234,6493700.0,37.956146240234375
2016-01-11,50.75,48.40999984741211,49.290000915527344,50.08000183105469,9715200.0,39.700157165527344
2016-01-12,51.630001068115234,49.439998626708984,50.38999938964844,50.22999954223633,4542700.0,39.81906509399414
2016-01-13,50.709999084472656,48.900001525878906,49.47999954223633,49.97999954223633,3879200.0,39.62089157104492
2016-01-14,50.54999923706055,48.709999084472656,50.08000183105469,49.20000076293945,4464000.0,39.0025520324707
2016-01-15,48.560001373291016,47.2599983215332,48.16999816894531,48.150001525878906,3712400.0,38.1701774597168
2016-01-19,48.65999984741211,45.959999084472656,48.65999984741211,46.380001068115234,4562800.0,36.767032623291016
2016-01-20,45.95000076293945,44.189998626708984,45.439998626708984,45.650001525878906,3993100.0,36.18834686279297
2016-01-21,47.47999954223633,45.459999084472656,45.7400016784668,46.9900016784668,2807400.0,37.2505989074707
2016-01-22,48.220001220703125,47.15999984741211,47.15999984741211,48.15999984741211,2278200.0,38.17811584472656
2016-01-25,48.369998931884766,47.22999954223633,48.189998626708984,47.36000061035156,1943800.0,37.54391860961914
2016-01-26,48.97999954223633,47.34000015258789,47.560001373291016,48.59000015258789,2125000.0,38.51898193359375
2016-01-27,49.709999084472656,48.459999084472656,48.619998931884766,48.709999084472656,2937600.0,38.61410140991211
2016-01-28,49.09000015258789,47.189998626708984,48.97999954223633,47.9900016784668,2985400.0,38.043338775634766
2016-01-29,49.880001068115234,48.09000015258789,48.400001525878906,49.75,2644200.0,39.43855667114258
2016-02-01,49.400001525878906,47.40999984741211,49.06999969482422,49.08000183105469,4462800.0,38.90742492675781
2016-02-02,50.560001373291016,48.849998474121094,49.68000030517578,50.380001068115234,5546600.0,39.9379768371582
2016-02-03,51.38999938964844,49.2599983215332,50.470001220703125,51.130001068115234,3346300.0,40.53253173828125
2016-02-04,51.130001068115234,40.95000076293945,51.130001068115234,41.52000045776367,22573600.0,32.91434860229492
2016-02-05,42.880001068115234,40.939998626708984,41.029998779296875,42.060001373291016,6693200.0,33.34241485595703
2016-02-08,43.79999923706055,41.47999954223633,41.5099983215332,42.61000061035156,5216300.0,33.77843475341797
2016-02-09,42.9900016784668,41.11000061035156,42.34000015258789,41.400001525878906,3555800.0,32.81922149658203
2016-02-10,41.529998779296875,39.439998626708984,41.4900016784668,40.09000015258789,4275900.0,31.780731201171875
2016-02-11,40.5,39.22999954223633,39.720001220703125,39.689998626708984,2284100.0,31.46363639831543
2016-02-12,40.880001068115234,39.45000076293945,39.90999984741211,40.810001373291016,1967800.0,32.35150909423828
2016-02-16,42.81999969482422,41.189998626708984,41.52000045776367,42.619998931884766,2526600.0,33.786354064941406
2016-02-17,44.130001068115234,42.599998474121094,42.81999969482422,43.900001525878906,3344100.0,34.80105972290039
2016-02-18,45.029998779296875,43.209999084472656,43.84000015258789,44.81999969482422,3053300.0,35.53036880493164
2016-02-19,44.86000061035156,43.34000015258789,44.290000915527344,44.380001068115234,2591900.0,35.18156814575195
2016-02-22,45.5,44.470001220703125,44.470001220703125,44.95000076293945,2416500.0,35.633426666259766
2016-02-23,45.4900016784668,44.72999954223633,45.349998474121094,44.939998626708984,2514200.0,35.6254997253418
2016-02-24,45.650001525878906,43.939998626708984,44.790000915527344,45.459999084472656,3543800.0,36.0377197265625
2016-02-25,47.209999084472656,44.20000076293945,47.0099983215332,46.66999816894531,5732600.0,36.99692916870117
2016-02-26,47.400001525878906,46.150001525878906,47.06999969482422,46.81999969482422,3838700.0,37.115840911865234
2016-02-29,46.900001525878906,45.81999969482422,46.40999984741211,46.66999816894531,3976200.0,36.99692916870117
2016-03-01,47.25,45.72999954223633,46.900001525878906,46.5099983215332,2335600.0,36.87009811401367
2016-03-02,47.22999954223633,46.279998779296875,46.400001525878906,46.63999938964844,3187000.0,36.973148345947266
2016-03-03,46.97999954223633,46.040000915527344,46.400001525878906,46.7400016784668,3029400.0,37.052425384521484
2016-03-04,47.63999938964844,46.119998931884766,46.75,47.47999954223633,3607300.0,37.63905715942383
2016-03-07,49.18000030517578,47.0,47.31999969482422,48.59000015258789,3589100.0,38.928932189941406
2016-03-08,49.11000061035156,48.16999816894531,48.650001525878906,48.70000076293945,3122700.0,39.01706314086914
2016-03-09,49.81999969482422,48.7400016784668,49.02000045776367,49.06999969482422,3411400.0,39.313499450683594
2016-03-10,49.75,48.72999954223633,49.529998779296875,49.459999084472656,2431900.0,39.62595748901367
2016-03-11,49.959999084472656,48.77000045776367,49.959999084472656,49.08000183105469,2252100.0,39.321510314941406
2016-03-14,49.75,48.79999923706055,48.869998931884766,49.459999084472656,1518100.0,39.62595748901367
2016-03-15,49.68000030517578,47.349998474121094,49.150001525878906,47.70000076293945,3420200.0,38.21589279174805
2016-03-16,48.02000045776367,47.41999816894531,47.72999954223633,47.72999954223633,2217100.0,38.239925384521484
2016-03-17,48.459999084472656,47.59000015258789,47.86000061035156,48.25,2577600.0,38.65652847290039
2016-03-18,48.95000076293945,47.79999923706055,48.40999984741211,48.16999816894531,3686700.0,38.59244155883789
2016-03-21,48.4900016784668,47.90999984741211,48.310001373291016,47.90999984741211,1888500.0,38.38413619995117
2016-03-22,48.08000183105469,46.380001068115234,47.880001068115234,47.06999969482422,2689100.0,37.711151123046875
2016-03-23,47.119998931884766,46.4900016784668,46.84000015258789,46.709999084472656,1928800.0,37.42272186279297
2016-03-24,46.310001373291016,45.56999969482422,46.2599983215332,45.93000030517578,2909400.0,36.797821044921875
2016-03-28,47.310001373291016,46.0,46.04999923706055,46.790000915527344,1946400.0,37.486820220947266
2016-03-29,47.02000045776367,46.11000061035156,46.9900016784668,46.54999923706055,2266900.0,37.29454803466797
2016-03-30,46.7599983215332,45.7599983215332,46.4900016784668,46.04999923706055,2309900.0,36.893951416015625
2016-03-31,46.70000076293945,45.29999923706055,45.849998474121094,46.61000061035156,2353600.0,37.342613220214844
2016-04-01,46.689998626708984,45.47999954223633,46.470001220703125,45.7400016784668,2180200.0,36.645591735839844
2016-04-04,46.40999984741211,44.97999954223633,45.91999816894531,45.099998474121094,1583300.0,36.13283920288086
2016-04-05,45.220001220703125,44.40999984741211,44.95000076293945,44.90999984741211,1889400.0,35.980628967285156
2016-04-06,45.220001220703125,44.13999938964844,45.209999084472656,44.86000061035156,2338900.0,35.94056701660156
2016-04-07,44.86000061035156,43.68000030517578,44.58000183105469,43.9900016784668,2840800.0,35.2435417175293
2016-04-08,44.290000915527344,43.060001373291016,44.02000045776367,43.369998931884766,2638300.0,34.74681854248047
2016-04-11,43.689998626708984,42.5,43.439998626708984,42.540000915527344,3285900.0,34.08184814453125
2016-04-12,42.9900016784668,41.720001220703125,42.439998626708984,42.68000030517578,2323400.0,34.194007873535156
2016-04-13,43.45000076293945,42.59000015258789,42.86000061035156,43.25,2515200.0,34.65067672729492
2016-04-14,43.400001525878906,42.5,43.25,42.900001525878906,2043800.0,34.37026596069336
2016-04-15,43.400001525878906,42.650001525878906,42.900001525878906,43.369998931884766,2409900.0,34.74681854248047
2016-04-18,44.09000015258789,43.0,43.0,44.09000015258789,2690800.0,35.32366180419922
2016-04-19,44.91999816894531,44.119998931884766,44.13999938964844,44.849998474121094,3148500.0,35.93254852294922
2016-04-20,46.2599983215332,44.9900016784668,45.0,46.130001068115234,3552800.0,36.95805358886719
2016-04-21,46.5,45.2400016784668,46.20000076293945,45.43000030517578,2015500.0,36.39723205566406
2016-04-22,46.04999923706055,45.220001220703125,45.27000045776367,45.459999084472656,1269200.0,36.4212646484375
2016-04-25,45.540000915527344,44.41999816894531,45.2400016784668,44.959999084472656,2004300.0,36.02068328857422
2016-04-26,45.77000045776367,44.63999938964844,45.0,45.7599983215332,1760900.0,36.66161346435547
2016-04-27,46.189998626708984,45.15999984741211,45.689998626708984,45.97999954223633,1836000.0,36.83787155151367
2016-04-28,46.18000030517578,45.41999816894531,45.52000045776367,45.5099983215332,1196700.0,36.461326599121094
2016-04-29,45.459999084472656,44.060001373291016,45.459999084472656,44.29999923706055,2045400.0,35.49190902709961
2016-05-02,45.130001068115234,44.20000076293945,44.63999938964844,45.06999969482422,1951800.0,36.10881042480469
2016-05-03,44.779998779296875,43.779998779296875,44.630001068115234,43.880001068115234,2478400.0,35.15541076660156
2016-05-04,43.810001373291016,42.290000915527344,43.4900016784668,42.439998626708984,3554100.0,34.00172424316406
2016-05-05,42.439998626708984,41.16999816894531,42.439998626708984,41.65999984741211,3351600.0,33.376808166503906
2016-05-06,41.77000045776367,40.709999084472656,41.349998474121094,41.369998931884766,3386100.0,33.144466400146484
2016-05-09,42.310001373291016,41.290000915527344,41.540000915527344,42.16999816894531,5040600.0,33.7854118347168
2016-05-10,41.880001068115234,40.90999984741211,41.709999084472656,41.18000030517578,4410500.0,32.99225616455078
2016-05-11,39.58000183105469,38.59000015258789,39.380001068115234,38.70000076293945,8721000.0,31.005338668823242
2016-05-12,36.459999084472656,33.869998931884766,35.7400016784668,35.150001525878906,20484400.0,28.16118621826172
2016-05-13,38.0,34.5099983215332,34.959999084472656,35.7400016784668,12960100.0,28.633878707885742
2016-05-16,36.41999816894531,35.099998474121094,35.75,36.209999084472656,5439500.0,29.01042366027832
2016-05-17,36.54999923706055,35.11000061035156,36.150001525878906,35.220001220703125,4903100.0,28.21727180480957
2016-05-18,35.31999969482422,34.400001525878906,34.939998626708984,34.560001373291016,3248500.0,27.68849754333496
2016-05-19,35.279998779296875,34.34000015258789,34.970001220703125,34.939998626708984,4565700.0,27.99294090270996
2016-05-20,35.88999938964844,34.86000061035156,35.2599983215332,35.849998474121094,3534800.0,28.72200584411621
2016-05-23,36.59000015258789,35.560001373291016,35.79999923706055,35.59000015258789,2599100.0,28.513704299926758
2016-05-24,35.91999816894531,35.349998474121094,35.61000061035156,35.38999938964844,3586200.0,28.353464126586914
2016-05-25,36.2400016784668,35.310001373291016,35.560001373291016,35.88999938964844,4478100.0,28.75405502319336
2016-05-26,36.43000030517578,35.56999969482422,36.02000045776367,35.56999969482422,2363200.0,28.497682571411133
2016-05-27,36.15999984741211,35.41999816894531,35.59000015258789,36.11000061035156,2779800.0,28.930315017700195
2016-05-31,36.4900016784668,35.779998779296875,36.220001220703125,36.040000915527344,3039200.0,28.874231338500977
2016-06-01,36.41999816894531,35.84000015258789,36.02000045776367,36.16999816894531,3140600.0,28.97838592529297
2016-06-02,37.459999084472656,36.119998931884766,36.16999816894531,37.380001068115234,4092800.0,29.94779396057129
2016-06-03,38.18000030517578,37.310001373291016,37.43000030517578,38.04999923706055,4478100.0,30.484588623046875
2016-06-06,37.77000045776367,37.130001068115234,37.630001068115234,37.34000015258789,4115000.0,30.314105987548828
2016-06-07,38.349998474121094,37.130001068115234,37.2400016784668,38.040000915527344,3659800.0,30.882389068603516
2016-06-08,38.22999954223633,37.529998779296875,37.9900016784668,38.150001525878906,3869100.0,30.971689224243164
2016-06-09,38.15999984741211,37.06999969482422,38.119998931884766,37.439998626708984,2708000.0,30.395278930664062
2016-06-10,36.88999938964844,36.029998779296875,36.61000061035156,36.79999923706055,2845600.0,29.87570571899414
2016-06-13,36.84000015258789,35.279998779296875,36.650001525878906,35.31999969482422,3611700.0,28.674179077148438
2016-06-14,35.290000915527344,34.099998474121094,35.25,34.4900016784668,3687000.0,28.0003604888916
2016-06-15,36.08000183105469,34.849998474121094,34.900001525878906,35.189998626708984,4192700.0,28.568639755249023
2016-06-16,35.439998626708984,34.70000076293945,35.189998626708984,35.04999923706055,3360900.0,28.454984664916992
2016-06-17,36.779998779296875,35.0099983215332,35.27000045776367,36.349998474121094,5190300.0,29.510379791259766
2016-06-20,37.189998626708984,36.56999969482422,36.720001220703125,36.63999938964844,3545900.0,29.745807647705078
2016-06-21,37.0,36.349998474121094,36.79999923706055,36.84000015258789,1772500.0,29.908170700073242
2016-06-22,37.349998474121094,36.720001220703125,36.790000915527344,36.790000915527344,2148300.0,29.86758804321289
2016-06-23,37.880001068115234,37.150001525878906,37.47999954223633,37.52000045776367,2190500.0,30.460229873657227
2016-06-24,36.79999923706055,36.09000015258789,36.2400016784668,36.15999984741211,4418800.0,29.356130599975586
2016-06-27,36.540000915527344,35.18000030517578,36.02000045776367,36.5,3286400.0,29.632152557373047
2016-06-28,37.63999938964844,36.65999984741211,36.72999954223633,37.61000061035156,2825600.0,30.53329849243164
2016-06-29,38.40999984741211,37.650001525878906,37.75,37.7400016784668,2790900.0,30.638835906982422
2016-06-30,38.06999969482422,37.130001068115234,37.79999923706055,37.91999816894531,2367200.0,30.784971237182617
2016-07-01,38.16999816894531,37.47999954223633,37.810001373291016,37.959999084472656,4430100.0,30.817441940307617
2016-07-05,37.7400016784668,36.279998779296875,37.689998626708984,36.7400016784668,3244200.0,29.826993942260742
2016-07-06,38.220001220703125,35.939998626708984,36.58000183105469,37.7599983215332,9074700.0,30.655059814453125
2016-07-07,38.900001525878906,37.66999816894531,37.72999954223633,38.25,3874700.0,31.052873611450195
2016-07-08,39.709999084472656,38.599998474121094,38.63999938964844,39.290000915527344,4706600.0,31.897192001342773
2016-07-11,39.79999923706055,39.310001373291016,39.43000030517578,39.47999954223633,3137100.0,32.05143356323242
2016-07-12,39.869998931884766,39.22999954223633,39.75,39.7599983215332,3447800.0,32.27875518798828
2016-07-13,39.77000045776367,38.439998626708984,39.709999084472656,38.5,3574200.0,31.255826950073242
2016-07-14,39.119998931884766,38.2599983215332,38.880001068115234,38.61000061035156,2179200.0,31.34513282775879
2016-07-15,39.119998931884766,38.40999984741211,38.83000183105469,38.61000061035156,2240600.0,31.34513282775879
2016-07-18,39.5099983215332,38.650001525878906,38.66999816894531,39.060001373291016,2602000.0,31.710464477539062
2016-07-19,39.22999954223633,38.7400016784668,39.02000045776367,38.970001220703125,1871800.0,31.637399673461914
2016-07-20,39.68000030517578,39.0099983215332,39.150001525878906,39.58000183105469,1833100.0,32.132625579833984
2016-07-21,39.95000076293945,39.349998474121094,39.439998626708984,39.5099983215332,2007700.0,32.07579040527344
2016-07-22,39.72999954223633,39.09000015258789,39.5099983215332,39.470001220703125,1501500.0,32.04331970214844
2016-07-25,40.38999938964844,39.52000045776367,39.650001525878906,40.15999984741211,2184900.0,32.60348129272461
2016-07-26,42.13999938964844,40.91999816894531,40.93000030517578,41.04999923706055,3965600.0,33.32602310180664
2016-07-27,41.31999969482422,40.630001068115234,41.08000183105469,40.70000076293945,2850300.0,33.0418815612793
2016-07-28,41.11000061035156,39.060001373291016,40.47999954223633,41.029998779296875,3009900.0,33.309791564941406
2016-07-29,41.709999084472656,40.650001525878906,41.0,41.59000015258789,2813900.0,33.76441955566406
2016-08-01,41.7400016784668,41.04999923706055,41.470001220703125,41.13999938964844,2750400.0,33.39909362792969
2016-08-02,40.939998626708984,37.77000045776367,40.869998931884766,37.869998931884766,5446500.0,30.74437141418457
2016-08-03,38.779998779296875,35.66999816894531,36.9900016784668,38.720001220703125,5130500.0,31.43444061279297
2016-08-04,39.209999084472656,38.16999816894531,38.619998931884766,38.849998474121094,2536100.0,31.53997230529785
2016-08-05,39.630001068115234,38.93000030517578,39.189998626708984,39.29999923706055,2504800.0,31.905302047729492
2016-08-08,39.720001220703125,38.91999816894531,38.97999954223633,39.369998931884766,2678400.0,31.962127685546875
2016-08-09,39.15999984741211,37.45000076293945,39.15999984741211,37.70000076293945,5858600.0,30.60635757446289
2016-08-10,39.5,37.939998626708984,37.959999084472656,38.040000915527344,9311700.0,30.882389068603516
2016-08-11,45.0,42.310001373291016,42.869998931884766,44.189998626708984,22997900.0,35.875205993652344
2016-08-12,45.95000076293945,43.970001220703125,44.54999923706055,44.939998626708984,11366000.0,36.48407745361328
2016-08-15,46.34000015258789,45.029998779296875,45.220001220703125,46.0099983215332,5370300.0,37.35274887084961
2016-08-16,46.689998626708984,45.560001373291016,45.7400016784668,46.08000183105469,5231500.0,37.40958023071289
2016-08-17,46.31999969482422,44.900001525878906,45.790000915527344,45.130001068115234,5476600.0,36.63833236694336
2016-08-18,45.81999969482422,45.189998626708984,45.189998626708984,45.7400016784668,3784500.0,37.13356018066406
2016-08-19,45.880001068115234,44.93000030517578,45.59000015258789,45.41999816894531,3312500.0,36.8737678527832
2016-08-22,45.61000061035156,43.7599983215332,45.439998626708984,44.2599983215332,4052900.0,35.93202590942383
2016-08-23,45.439998626708984,44.689998626708984,44.709999084472656,45.02000045776367,2755800.0,36.54902648925781
2016-08-24,45.349998474121094,44.869998931884766,45.08000183105469,44.970001220703125,2064300.0,36.50843811035156
2016-08-25,45.310001373291016,44.34000015258789,44.70000076293945,44.68000030517578,2268700.0,36.27300262451172
2016-08-26,45.310001373291016,44.349998474121094,44.619998931884766,44.540000915527344,3092600.0,36.15935134887695
2016-08-29,45.47999954223633,44.650001525878906,44.7400016784668,45.2599983215332,3044400.0,36.743858337402344
2016-08-30,45.2599983215332,44.689998626708984,45.2599983215332,44.93000030517578,2983800.0,36.4759635925293
2016-08-31,45.43000030517578,44.029998779296875,44.900001525878906,44.380001068115234,4264900.0,36.02945327758789
2016-09-01,44.66999816894531,43.58000183105469,44.66999816894531,43.91999816894531,2844900.0,35.65599822998047
2016-09-02,43.95000076293945,43.060001373291016,43.63999938964844,43.529998779296875,2198900.0,35.746334075927734
2016-09-06,43.599998474121094,42.66999816894531,43.40999984741211,43.18000030517578,2901900.0,35.458919525146484
2016-09-07,44.2400016784668,43.04999923706055,43.41999816894531,44.16999816894531,3398100.0,36.271888732910156
2016-09-08,43.900001525878906,42.88999938964844,43.79999923706055,43.0099983215332,3750900.0,35.31931686401367
2016-09-09,43.400001525878906,42.25,42.66999816894531,42.88999938964844,3845300.0,35.22077560424805
2016-09-12,43.79999923706055,42.5,42.5099983215332,43.65999984741211,4376000.0,35.853084564208984
2016-09-13,43.25,42.15999984741211,43.25,42.77000045776367,4109300.0,35.12223434448242
2016-09-14,43.47999954223633,42.33000183105469,42.900001525878906,42.41999816894531,2851300.0,34.83480453491211
2016-09-15,43.0,41.38999938964844,42.2599983215332,42.709999084472656,4179600.0,35.07295608520508
2016-09-16,43.290000915527344,42.41999816894531,42.5099983215332,42.970001220703125,3724600.0,35.28647232055664
2016-09-19,44.130001068115234,42.95000076293945,43.18000030517578,43.70000076293945,3563800.0,35.88594055175781
2016-09-20,44.290000915527344,43.61000061035156,43.7599983215332,43.66999816894531,3217300.0,35.86130142211914
2016-09-21,44.400001525878906,43.66999816894531,43.84000015258789,44.34000015258789,2314000.0,36.41149139404297
2016-09-22,44.650001525878906,43.0,44.41999816894531,43.5099983215332,3963400.0,35.72990798950195
2016-09-23,44.45000076293945,43.27000045776367,43.43000030517578,43.36000061035156,2893700.0,35.606727600097656
2016-09-26,43.47999954223633,42.40999984741211,43.25,42.68000030517578,3235400.0,35.04832458496094
2016-09-27,43.0,42.349998474121094,42.68000030517578,42.70000076293945,1887400.0,35.06474685668945
2016-09-28,43.060001373291016,41.970001220703125,42.70000076293945,42.5099983215332,2780200.0,34.90871810913086
2016-09-29,43.470001220703125,42.20000076293945,42.41999816894531,42.79999923706055,2942900.0,35.14686584472656
2016-09-30,43.97999954223633,43.04999923706055,43.16999816894531,43.75,3095800.0,35.92699432373047
2016-10-03,43.61000061035156,42.47999954223633,43.529998779296875,42.869998931884766,2179400.0,35.204345703125
2016-10-04,43.540000915527344,42.790000915527344,42.959999084472656,43.2599983215332,2472100.0,35.52460861206055
2016-10-05,44.77000045776367,43.54999923706055,43.56999969482422,44.33000183105469,2792100.0,36.403282165527344
2016-10-06,45.189998626708984,44.040000915527344,44.2599983215332,44.970001220703125,2909400.0,36.92884063720703
2016-10-07,46.36000061035156,45.099998474121094,45.20000076293945,46.130001068115234,5736400.0,37.88142013549805
2016-10-10,46.459999084472656,45.709999084472656,46.2400016784668,46.150001525878906,3391000.0,37.89785385131836
2016-10-11,46.369998931884766,45.7599983215332,46.150001525878906,45.900001525878906,2373000.0,37.69255828857422
2016-10-12,46.439998626708984,45.84000015258789,45.900001525878906,45.970001220703125,2850500.0,37.750030517578125
2016-10-13,45.619998931884766,44.439998626708984,45.619998931884766,45.119998931884766,2335600.0,37.05202102661133
2016-10-14,44.09000015258789,43.11000061035156,43.72999954223633,43.68000030517578,5856700.0,35.8695068359375
2016-10-17,44.349998474121094,42.95000076293945,43.720001220703125,43.220001220703125,2848200.0,35.49176788330078
2016-10-18,43.7400016784668,42.77000045776367,43.58000183105469,43.040000915527344,2821400.0,35.34394836425781
2016-10-19,43.849998474121094,42.380001068115234,42.689998626708984,43.83000183105469,2731400.0,35.99269104003906
2016-10-20,44.619998931884766,43.709999084472656,43.72999954223633,44.02000045776367,2990900.0,36.148712158203125
2016-10-21,45.290000915527344,43.70000076293945,43.79999923706055,45.04999923706055,3749600.0,36.994537353515625
2016-10-24,45.4900016784668,44.11000061035156,45.209999084472656,44.439998626708984,2734000.0,36.493621826171875
2016-10-25,44.060001373291016,43.029998779296875,44.0,43.5099983215332,3078500.0,35.72990798950195
2016-10-26,44.529998779296875,43.31999969482422,43.41999816894531,43.75,1959400.0,35.92699432373047
2016-10-27,44.27000045776367,43.349998474121094,43.90999984741211,43.70000076293945,2911900.0,35.88594055175781
2016-10-28,44.5,43.52000045776367,43.68000030517578,44.119998931884766,2213800.0,36.2308464050293
2016-10-31,44.5,43.54999923706055,44.27000045776367,43.75,2018800.0,35.92699432373047
2016-11-01,44.279998779296875,43.27000045776367,43.70000076293945,43.689998626708984,2187300.0,35.87773132324219
2016-11-02,43.27000045776367,42.150001525878906,42.75,43.150001525878906,3742800.0,35.43427658081055
2016-11-03,44.02000045776367,42.630001068115234,43.45000076293945,42.689998626708984,3133500.0,35.05653762817383
2016-11-04,43.599998474121094,42.119998931884766,42.779998779296875,42.81999969482422,2717400.0,35.16329574584961
2016-11-07,43.91999816894531,43.2400016784668,43.400001525878906,43.84000015258789,3194000.0,36.000911712646484
2016-11-08,44.45000076293945,43.16999816894531,43.90999984741211,43.970001220703125,3434900.0,36.10765838623047
2016-11-09,46.25,43.0,43.189998626708984,45.70000076293945,6659100.0,37.52831268310547
2016-11-10,52.90999984741211,49.04999923706055,49.189998626708984,50.970001220703125,18580200.0,41.8559684753418
2016-11-11,53.869998931884766,50.540000915527344,50.970001220703125,53.220001220703125,10670500.0,43.70364761352539
2016-11-14,57.27000045776367,53.720001220703125,53.7599983215332,53.790000915527344,9967200.0,44.17172622680664
2016-11-15,53.93000030517578,52.09000015258789,53.279998779296875,52.86000061035156,4847700.0,43.408023834228516
2016-11-16,53.9900016784668,52.59000015258789,52.849998474121094,53.779998779296875,3246200.0,44.163509368896484
2016-11-17,54.630001068115234,52.34000015258789,53.68000030517578,54.5099983215332,3767300.0,44.76298522949219
2016-11-18,55.45000076293945,53.9900016784668,54.43000030517578,54.56999969482422,3519400.0,44.812252044677734
2016-11-21,55.06999969482422,54.0,54.599998474121094,54.560001373291016,2962300.0,44.804039001464844
2016-11-22,56.20000076293945,55.0,55.099998474121094,55.65999984741211,3104800.0,45.70735168457031
2016-11-23,56.06999969482422,55.130001068115234,55.31999969482422,55.529998779296875,2258300.0,45.6005973815918
2016-11-25,55.900001525878906,54.709999084472656,55.7400016784668,54.810001373291016,1500300.0,45.00934600830078
2016-11-28,54.95000076293945,53.40999984741211,54.66999816894531,54.04999923706055,3463200.0,44.38523483276367
2016-11-29,54.90999984741211,53.529998779296875,54.5,54.13999938964844,4027200.0,44.459144592285156
2016-11-30,54.43000030517578,52.900001525878906,53.90999984741211,53.83000183105469,4424900.0,44.20457458496094
2016-12-01,55.86000061035156,53.130001068115234,53.5,54.91999816894531,4229100.0,45.09967041015625
2016-12-02,56.119998931884766,54.349998474121094,54.95000076293945,55.220001220703125,2756900.0,45.34602737426758
2016-12-05,55.97999954223633,54.2599983215332,54.720001220703125,54.5099983215332,4669800.0,45.172000885009766
2016-12-06,55.810001373291016,54.11000061035156,54.63999938964844,55.0,4477700.0,45.578060150146484
2016-12-07,58.119998931884766,55.029998779296875,55.04999923706055,57.81999969482422,4752800.0,47.91497039794922
2016-12-08,59.66999816894531,57.81999969482422,57.959999084472656,59.43000030517578,5313500.0,49.24916458129883
2016-12-09,59.5,57.0099983215332,59.5,57.5,4169000.0,47.649784088134766
2016-12-12,57.27000045776367,55.40999984741211,57.060001373291016,55.630001068115234,3667000.0,46.100128173828125
2016-12-13,55.959999084472656,54.900001525878906,55.52000045776367,55.310001373291016,3577200.0,45.83495330810547
2016-12-14,55.959999084472656,54.61000061035156,55.31999969482422,55.5099983215332,3235200.0,46.000694274902344
2016-12-15,55.900001525878906,55.0099983215332,55.349998474121094,55.56999969482422,2927800.0,46.05040740966797
2016-12-16,55.189998626708984,50.88999938964844,55.150001525878906,51.13999938964844,8516100.0,42.37929916381836
2016-12-19,52.689998626708984,51.22999954223633,51.22999954223633,52.08000183105469,3875100.0,43.15827560424805
2016-12-20,54.45000076293945,52.119998931884766,52.470001220703125,53.58000183105469,4080300.0,44.40131759643555
2016-12-21,53.779998779296875,52.5099983215332,53.65999984741211,52.54999923706055,2148500.0,43.547760009765625
2016-12-22,52.599998474121094,49.77000045776367,52.54999923706055,49.939998626708984,5028100.0,41.38487243652344
2016-12-23,51.15999984741211,49.720001220703125,50.220001220703125,49.86000061035156,3047700.0,41.318580627441406
2016-12-27,50.54999923706055,49.54999923706055,50.0099983215332,49.79999923706055,2819100.0,41.26885986328125
2016-12-28,50.45000076293945,49.52000045776367,50.04999923706055,49.810001373291016,2601600.0,41.27714538574219
2016-12-29,50.29999923706055,49.540000915527344,49.7400016784668,50.060001373291016,1741000.0,41.484317779541016
2016-12-30,50.40999984741211,49.119998931884766,50.02000045776367,49.380001068115234,2046100.0,40.92081069946289
2017-01-03,49.970001220703125,48.810001373291016,49.75,49.779998779296875,3773100.0,41.25228500366211
2017-01-04,51.97999954223633,50.09000015258789,50.16999816894531,51.880001068115234,6633600.0,42.99253845214844
2017-01-05,51.880001068115234,41.25,51.880001068115234,42.0099983215332,26849600.0,34.813350677490234
2017-01-06,42.099998474121094,41.16999816894531,41.7400016784668,41.43000030517578,10338800.0,34.33271026611328
2017-01-09,41.380001068115234,40.70000076293945,41.349998474121094,40.959999084472656,4938700.0,33.9432258605957
2017-01-10,41.88999938964844,40.70000076293945,40.790000915527344,41.209999084472656,5230700.0,34.150394439697266
2017-01-11,41.36000061035156,40.38999938964844,41.209999084472656,40.880001068115234,5003300.0,33.87693405151367
2017-01-12,41.400001525878906,40.59000015258789,40.59000015258789,41.310001373291016,3537600.0,34.2332649230957
2017-01-13,41.439998626708984,40.70000076293945,41.27000045776367,40.790000915527344,3726700.0,33.80234146118164
2017-01-17,42.470001220703125,41.15999984741211,41.22999954223633,41.380001068115234,5727600.0,34.29126739501953
2017-01-18,41.290000915527344,39.0,40.439998626708984,41.209999084472656,7110000.0,34.150394439697266
2017-01-19,41.369998931884766,40.06999969482422,41.220001220703125,40.22999954223633,4708300.0,33.338279724121094
2017-01-20,40.91999816894531,40.08000183105469,40.20000076293945,40.529998779296875,3549800.0,33.58688735961914
2017-01-23,40.689998626708984,39.97999954223633,40.439998626708984,40.11000061035156,3193700.0,33.238834381103516
2017-01-24,40.63999938964844,40.029998779296875,40.15999984741211,40.2599983215332,3176400.0,33.36314010620117
2017-01-25,40.630001068115234,40.04999923706055,40.2599983215332,40.22999954223633,4203900.0,33.338279724121094
2017-01-26,40.720001220703125,40.209999084472656,40.349998474121094,40.25,2963900.0,33.354854583740234
2017-01-27,40.52000045776367,38.47999954223633,40.43000030517578,39.0,5042900.0,32.318992614746094
2017-01-30,39.75,38.810001373291016,38.91999816894531,39.709999084472656,3357800.0,32.9073600769043
2017-01-31,39.900001525878906,38.599998474121094,39.33000183105469,39.83000183105469,4169000.0,33.00680160522461
2017-02-01,39.79999923706055,38.869998931884766,39.75,39.47999954223633,3341700.0,32.716758728027344
2017-02-02,39.9900016784668,39.2400016784668,39.560001373291016,39.79999923706055,3132900.0,32.98194122314453
2017-02-03,41.70000076293945,39.75,39.959999084472656,40.16999816894531,5985400.0,33.288551330566406
2017-02-06,40.560001373291016,39.18000030517578,40.220001220703125,39.220001220703125,4099200.0,32.50130081176758
2017-02-07,39.66999816894531,39.0099983215332,39.18000030517578,39.150001525878906,3689200.0,32.44329071044922
2017-02-08,41.220001220703125,39.130001068115234,39.27000045776367,40.84000015258789,4555200.0,33.84378433227539
2017-02-09,42.5,40.630001068115234,40.84000015258789,42.099998474121094,6333200.0,34.88793182373047
2017-02-10,43.45000076293945,41.209999084472656,42.310001373291016,42.040000915527344,4764000.0,34.83821105957031
2017-02-13,42.5,40.93000030517578,42.41999816894531,41.34000015258789,3163500.0,34.25812911987305
2017-02-14,42.720001220703125,41.380001068115234,41.4900016784668,42.63999938964844,4051500.0,35.335426330566406
2017-02-15,43.2400016784668,42.33000183105469,42.63999938964844,42.849998474121094,3782900.0,35.50944900512695
2017-02-16,43.0,41.380001068115234,42.709999084472656,41.529998779296875,3808500.0,34.41557693481445
2017-02-17,41.9900016784668,41.02000045776367,41.5,41.970001220703125,3499200.0,34.78020095825195
2017-02-21,42.400001525878906,41.529998779296875,42.060001373291016,41.779998779296875,4800000.0,34.62274932861328
2017-02-22,42.20000076293945,41.189998626708984,41.7400016784668,41.779998779296875,3578300.0,34.62274932861328
2017-02-23,42.90999984741211,40.7599983215332,41.95000076293945,40.90999984741211,7289500.0,33.90178298950195
2017-02-24,43.45000076293945,40.72999954223633,40.90999984741211,42.9900016784668,7221400.0,35.62546157836914
2017-02-27,44.5,42.869998931884766,43.04999923706055,43.790000915527344,4468600.0,36.28841781616211
2017-02-28,43.09000015258789,41.7400016784668,43.040000915527344,42.619998931884766,6484900.0,35.31885528564453
2017-03-01,43.25,41.650001525878906,42.91999816894531,41.97999954223633,4035300.0,34.788490295410156
2017-03-02,42.7599983215332,42.029998779296875,42.25,42.130001068115234,4946500.0,34.91278839111328
2017-03-03,42.470001220703125,41.099998474121094,42.220001220703125,41.34000015258789,3905200.0,34.25812911987305
2017-03-06,40.7400016784668,39.0099983215332,40.54999923706055,39.400001525878906,4548800.0,33.090721130371094
2017-03-07,39.83000183105469,39.27000045776367,39.380001068115234,39.5099983215332,4970800.0,33.18309783935547
2017-03-08,40.939998626708984,39.56999969482422,39.63999938964844,40.5099983215332,4001100.0,34.0229606628418
2017-03-09,40.7400016784668,39.529998779296875,40.5,39.779998779296875,3386000.0,33.409854888916016
2017-03-10,40.779998779296875,39.81999969482422,40.09000015258789,40.459999084472656,4043500.0,33.98096466064453
2017-03-13,40.630001068115234,39.56999969482422,40.400001525878906,39.810001373291016,5104400.0,33.435054779052734
2017-03-14,40.20000076293945,39.540000915527344,39.540000915527344,39.849998474121094,3233700.0,33.468650817871094
2017-03-15,39.93000030517578,38.880001068115234,39.720001220703125,39.720001220703125,3886800.0,33.359466552734375
2017-03-16,40.619998931884766,39.2400016784668,39.650001525878906,40.4900016784668,3875400.0,34.00617218017578
2017-03-17,41.06999969482422,40.11000061035156,40.689998626708984,40.4900016784668,11172900.0,34.00617218017578
2017-03-20,40.79999923706055,38.220001220703125,40.54999923706055,38.560001373291016,5530600.0,32.385231018066406
2017-03-21,38.689998626708984,36.65999984741211,38.619998931884766,37.63999938964844,5625400.0,31.612550735473633
2017-03-22,37.77000045776367,37.040000915527344,37.619998931884766,37.72999954223633,3089300.0,31.688138961791992
2017-03-23,38.400001525878906,37.439998626708984,37.86000061035156,37.5099983215332,2924900.0,31.503358840942383
2017-03-24,37.58000183105469,37.0,37.40999984741211,37.40999984741211,3432300.0,31.41937828063965
2017-03-27,37.9900016784668,37.099998474121094,37.15999984741211,37.560001373291016,2650700.0,31.545366287231445
2017-03-28,38.529998779296875,37.33000183105469,37.349998474121094,38.45000076293945,3022200.0,32.2928466796875
2017-03-29,40.529998779296875,38.40999984741211,38.5,40.189998626708984,5488700.0,33.75420379638672
2017-03-30,40.45000076293945,39.63999938964844,39.970001220703125,40.43000030517578,2867000.0,33.955772399902344
2017-03-31,40.970001220703125,39.79999923706055,40.459999084472656,39.810001373291016,3946300.0,33.435054779052734
2017-04-03,40.130001068115234,38.66999816894531,39.81999969482422,39.150001525878906,4082500.0,32.8807487487793
2017-04-04,38.7400016784668,37.439998626708984,38.59000015258789,37.689998626708984,5292900.0,31.654542922973633
2017-04-05,38.47999954223633,37.470001220703125,37.88999938964844,37.5099983215332,3519200.0,31.503358840942383
2017-04-06,40.290000915527344,37.75,37.970001220703125,39.59000015258789,8272600.0,33.25028991699219
2017-04-07,39.689998626708984,39.02000045776367,39.43000030517578,39.20000076293945,3886400.0,32.9227409362793
2017-04-10,40.61000061035156,39.33000183105469,39.40999984741211,39.83000183105469,3424300.0,33.45185470581055
2017-04-11,40.25,39.459999084472656,40.0,40.22999954223633,3107500.0,33.78779983520508
2017-04-12,40.5,39.65999984741211,40.209999084472656,40.150001525878906,4092800.0,33.72061538696289
2017-04-13,40.29999923706055,39.15999984741211,40.2400016784668,39.45000076293945,2905800.0,33.1327018737793
2017-04-17,39.58000183105469,38.31999969482422,39.529998779296875,38.90999984741211,4336300.0,32.679176330566406
2017-04-18,39.13999938964844,38.58000183105469,38.84000015258789,38.83000183105469,2767900.0,32.61199188232422
2017-04-19,39.90999984741211,38.91999816894531,39.119998931884766,39.18000030517578,3737000.0,32.905941009521484
2017-04-20,41.09000015258789,39.63999938964844,39.720001220703125,40.7599983215332,4866800.0,34.23292922973633
2017-04-21,40.849998474121094,39.869998931884766,40.61000061035156,40.06999969482422,2805000.0,33.65342330932617
2017-04-24,40.65999984741211,39.459999084472656,40.470001220703125,39.709999084472656,4357700.0,33.351070404052734
2017-04-25,40.09000015258789,39.130001068115234,39.79999923706055,39.380001068115234,3285200.0,33.07392120361328
2017-04-26,39.939998626708984,39.31999969482422,39.459999084472656,39.52000045776367,3855800.0,33.191505432128906
2017-04-27,40.220001220703125,39.279998779296875,39.630001068115234,39.880001068115234,3067300.0,33.49384689331055
2017-04-28,39.9900016784668,38.880001068115234,39.83000183105469,39.029998779296875,3749700.0,32.77996063232422
2017-05-01,39.060001373291016,38.0099983215332,39.060001373291016,38.0099983215332,3889700.0,31.92329216003418
2017-05-02,39.310001373291016,38.09000015258789,38.189998626708984,39.15999984741211,4261100.0,32.88914489746094
2017-05-03,40.11000061035156,39.0,39.15999984741211,39.91999816894531,4388700.0,33.52743911743164
2017-05-04,40.41999816894531,39.290000915527344,40.15999984741211,39.349998474121094,3414800.0,33.04872131347656
2017-05-05,40.2599983215332,39.58000183105469,39.59000015258789,40.119998931884766,3788300.0,33.695411682128906
2017-05-08,40.29999923706055,39.27000045776367,40.2599983215332,39.290000915527344,4084400.0,32.99833297729492
2017-05-09,40.400001525878906,39.04999923706055,39.2599983215332,39.81999969482422,4992800.0,33.443458557128906
2017-05-10,40.689998626708984,39.83000183105469,39.83000183105469,40.31999969482422,6831400.0,33.86338424682617
2017-05-11,42.130001068115234,37.11000061035156,41.4900016784668,37.15999984741211,19039400.0,31.209413528442383
2017-05-12,37.06999969482422,35.599998474121094,36.7599983215332,36.4900016784668,9140200.0,30.64670753479004
2017-05-15,37.400001525878906,36.54999923706055,36.599998474121094,36.970001220703125,5735600.0,31.049837112426758
2017-05-16,37.400001525878906,36.58000183105469,37.0,36.81999969482422,6267300.0,30.923858642578125
2017-05-17,37.369998931884766,36.4900016784668,36.81999969482422,37.09000015258789,5953000.0,31.150625228881836
2017-05-18,37.849998474121094,36.779998779296875,37.22999954223633,37.04999923706055,4235100.0,31.117029190063477
2017-05-19,37.529998779296875,36.31999969482422,37.2599983215332,37.439998626708984,3809600.0,31.4445743560791
2017-05-22,38.599998474121094,37.31999969482422,37.529998779296875,38.02000045776367,3997900.0,31.931697845458984
2017-05-23,38.400001525878906,37.790000915527344,38.11000061035156,37.790000915527344,4305300.0,31.738529205322266
2017-05-24,38.130001068115234,37.369998931884766,37.75,37.93000030517578,2438400.0,31.856107711791992
2017-05-25,39.150001525878906,37.939998626708984,38.02000045776367,38.869998931884766,5754900.0,32.64558029174805
2017-05-26,39.130001068115234,38.369998931884766,38.959999084472656,38.72999954223633,1982900.0,32.52800369262695
2017-05-30,39.130001068115234,38.61000061035156,38.650001525878906,38.790000915527344,3295600.0,32.57839584350586
2017-05-31,38.869998931884766,37.81999969482422,38.849998474121094,38.43000030517578,4764500.0,32.27604293823242
2017-06-01,39.619998931884766,38.38999938964844,38.43000030517578,39.43000030517578,4343100.0,33.115909576416016
2017-06-02,40.11000061035156,38.939998626708984,39.4900016784668,38.97999954223633,4378400.0,32.73796844482422
2017-06-05,38.540000915527344,37.09000015258789,38.33000183105469,37.91999816894531,5084400.0,32.30350875854492
2017-06-06,37.689998626708984,35.15999984741211,37.689998626708984,35.72999954223633,11125900.0,30.43787956237793
2017-06-07,36.29999923706055,35.540000915527344,35.83000183105469,36.150001525878906,4961300.0,30.795679092407227
2017-06-08,37.95000076293945,35.290000915527344,36.150001525878906,35.31999969482422,8397900.0,30.088607788085938
2017-06-09,37.970001220703125,35.27000045776367,35.40999984741211,37.869998931884766,7615500.0,32.26091003417969
2017-06-12,39.790000915527344,37.790000915527344,37.959999084472656,38.099998474121094,7935900.0,32.45684814453125
2017-06-13,38.72999954223633,37.61000061035156,38.09000015258789,38.040000915527344,3394500.0,32.405731201171875
2017-06-14,38.02000045776367,36.88999938964844,38.0,37.65999984741211,4527800.0,32.0820198059082
2017-06-15,37.970001220703125,36.91999816894531,37.47999954223633,37.279998779296875,3470900.0,31.7583065032959
2017-06-16,37.380001068115234,36.38999938964844,36.869998931884766,37.380001068115234,4535200.0,31.843490600585938
2017-06-19,37.65999984741211,36.459999084472656,37.54999923706055,37.529998779296875,5628200.0,31.97127342224121
2017-06-20,37.59000015258789,36.0,37.59000015258789,36.029998779296875,4506800.0,30.69344711303711
2017-06-21,36.0099983215332,35.34000015258789,35.70000076293945,35.560001373291016,4214600.0,30.293058395385742
2017-06-22,36.56999969482422,35.33000183105469,35.619998931884766,36.29999923706055,2244900.0,30.923452377319336
2017-06-23,37.040000915527344,35.970001220703125,36.34000015258789,37.029998779296875,3706000.0,31.545326232910156
2017-06-26,37.54999923706055,36.84000015258789,37.029998779296875,37.52000045776367,3268800.0,31.962751388549805
2017-06-27,39.0099983215332,37.47999954223633,37.5,38.40999984741211,6531600.0,32.720924377441406
2017-06-28,39.58000183105469,38.220001220703125,38.619998931884766,38.43000030517578,4859200.0,32.737972259521484
2017-06-29,38.90999984741211,37.650001525878906,38.70000076293945,37.970001220703125,3126400.0,32.34609603881836
2017-06-30,38.900001525878906,37.91999816894531,38.18000030517578,38.66999816894531,2439600.0,32.942420959472656
2017-07-03,39.77000045776367,38.779998779296875,38.83000183105469,39.59000015258789,2145000.0,33.726158142089844
2017-07-05,40.27000045776367,39.11000061035156,39.5099983215332,39.310001373291016,2694100.0,33.48762893676758
2017-07-06,39.310001373291016,38.150001525878906,38.959999084472656,38.290000915527344,3243500.0,32.618709564208984
2017-07-07,38.650001525878906,38.06999969482422,38.36000061035156,38.2400016784668,2950500.0,32.576114654541016
2017-07-10,38.20000076293945,36.209999084472656,38.130001068115234,36.630001068115234,5751600.0,31.204580307006836
2017-07-11,37.09000015258789,36.439998626708984,36.63999938964844,36.90999984741211,2434000.0,31.443103790283203
2017-07-12,37.31999969482422,36.7599983215332,37.04999923706055,37.150001525878906,2284600.0,31.647560119628906
2017-07-13,39.06999969482422,37.54999923706055,37.54999923706055,38.93000030517578,4725200.0,33.163909912109375
2017-07-14,39.130001068115234,38.27000045776367,39.0,38.810001373291016,2883300.0,33.061683654785156
2017-07-17,40.16999816894531,38.720001220703125,38.75,39.869998931884766,3477900.0,33.964683532714844
2017-07-18,40.0099983215332,39.279998779296875,39.68000030517578,39.709999084472656,3714500.0,33.8283805847168
2017-07-19,40.08000183105469,39.529998779296875,39.79999923706055,39.72999954223633,2590200.0,33.845420837402344
2017-07-20,40.22999954223633,39.22999954223633,39.779998779296875,39.9900016784668,3776100.0,34.06690979003906
2017-07-21,40.4900016784668,39.650001525878906,40.0,40.459999084472656,2394300.0,34.467288970947266
2017-07-24,40.349998474121094,39.29999923706055,40.31999969482422,39.36000061035156,2707300.0,33.53022384643555
2017-07-25,40.970001220703125,39.599998474121094,39.599998474121094,39.970001220703125,4607500.0,34.04987716674805
2017-07-26,40.31999969482422,39.63999938964844,40.209999084472656,40.25,2031700.0,34.28840255737305
2017-07-27,41.61000061035156,39.560001373291016,40.209999084472656,41.52000045776367,3532900.0,35.37030029296875
2017-07-28,41.5,40.959999084472656,41.439998626708984,41.2400016784668,2616600.0,35.131771087646484
2017-07-31,41.880001068115234,40.56999969482422,41.650001525878906,41.349998474121094,2792500.0,35.22547149658203
2017-08-01,41.630001068115234,40.810001373291016,41.380001068115234,41.560001373291016,4047700.0,35.40437698364258
2017-08-02,42.220001220703125,40.72999954223633,41.5099983215332,41.09000015258789,3506000.0,35.003990173339844
2017-08-03,42.45000076293945,41.27000045776367,41.36000061035156,42.0099983215332,6149100.0,35.7877197265625
2017-08-04,42.38999938964844,41.400001525878906,42.029998779296875,41.88999938964844,3362500.0,35.68549728393555
2017-08-07,43.0,41.689998626708984,41.849998474121094,42.720001220703125,4736500.0,36.39255905151367
2017-08-08,44.13999938964844,42.529998779296875,43.5099983215332,42.81999969482422,5462800.0,36.477752685546875
2017-08-09,42.72999954223633,41.529998779296875,42.54999923706055,41.93000030517578,6455700.0,35.71957015991211
2017-08-10,40.060001373291016,37.5,39.7400016784668,39.5,19716000.0,33.64948654174805
2017-08-11,41.0,38.5,39.20000076293945,38.63999938964844,7102800.0,32.91686248779297
2017-08-14,39.209999084472656,38.45000076293945,38.95000076293945,38.689998626708984,4239300.0,32.95945358276367
2017-08-15,38.900001525878906,37.900001525878906,38.5,38.130001068115234,3797500.0,32.48240280151367
2017-08-16,39.209999084472656,37.79999923706055,38.63999938964844,37.88999938964844,3107400.0,32.2779541015625
2017-08-17,37.5,36.95000076293945,37.4900016784668,37.11000061035156,5675900.0,31.613481521606445
2017-08-18,37.40999984741211,36.5,37.0099983215332,37.279998779296875,3910500.0,31.7583065032959
2017-08-21,37.63999938964844,37.0,37.310001373291016,37.34000015258789,2628300.0,31.809415817260742
2017-08-22,38.31999969482422,37.349998474121094,37.66999816894531,38.15999984741211,2487200.0,32.50795364379883
2017-08-23,38.56999969482422,37.900001525878906,37.93000030517578,38.279998779296875,1964000.0,32.61018753051758
2017-08-24,39.54999923706055,38.2400016784668,38.93000030517578,38.45000076293945,3498100.0,32.75501251220703
2017-08-25,39.439998626708984,38.400001525878906,38.45000076293945,39.220001220703125,2792600.0,33.41096115112305
2017-08-28,39.54999923706055,38.93000030517578,39.27000045776367,39.54999923706055,2281400.0,33.69207763671875
2017-08-29,39.220001220703125,38.75,39.04999923706055,39.150001525878906,2639700.0,33.35132598876953
2017-08-30,39.720001220703125,38.86000061035156,39.13999938964844,39.709999084472656,3721700.0,33.8283805847168
2017-08-31,40.18000030517578,39.560001373291016,39.7599983215332,39.779998779296875,3829400.0,33.888004302978516
2017-09-01,40.290000915527344,39.099998474121094,39.2599983215332,40.099998474121094,2230600.0,34.6395378112793
2017-09-05,40.529998779296875,39.900001525878906,40.08000183105469,40.38999938964844,2439300.0,35.37525177001953
2017-09-06,42.70000076293945,41.099998474121094,41.439998626708984,42.369998931884766,7300400.0,37.10942077636719
2017-09-07,42.77000045776367,41.970001220703125,42.38999938964844,42.400001525878906,3606900.0,37.13569641113281
2017-09-08,42.630001068115234,41.31999969482422,42.380001068115234,42.0,2947400.0,36.785362243652344
2017-09-11,43.529998779296875,42.290000915527344,42.290000915527344,43.380001068115234,3223700.0,37.994022369384766
2017-09-12,44.310001373291016,43.40999984741211,43.5099983215332,43.709999084472656,3860300.0,38.28304672241211
2017-09-13,44.779998779296875,43.83000183105469,44.20000076293945,44.0099983215332,3912300.0,38.545799255371094
2017-09-14,44.439998626708984,43.56999969482422,43.939998626708984,44.43000030517578,4268400.0,38.91365432739258
2017-09-15,45.2400016784668,44.31999969482422,44.400001525878906,45.130001068115234,5257700.0,39.52674102783203
2017-09-18,45.79999923706055,44.630001068115234,45.209999084472656,44.88999938964844,2905000.0,39.3165397644043
2017-09-19,47.439998626708984,45.27000045776367,46.47999954223633,45.380001068115234,8127300.0,39.745704650878906
2017-09-20,45.45000076293945,44.0,45.29999923706055,45.0,3924400.0,39.41288375854492
2017-09-21,45.13999938964844,44.439998626708984,45.11000061035156,44.939998626708984,2576100.0,39.360321044921875
2017-09-22,46.119998931884766,44.7400016784668,44.97999954223633,46.06999969482422,3784600.0,40.350040435791016
2017-09-25,46.939998626708984,45.52000045776367,45.7400016784668,46.209999084472656,2733300.0,40.47264862060547
2017-09-26,46.939998626708984,45.68000030517578,46.369998931884766,46.27000045776367,2793100.0,40.525203704833984
2017-09-27,46.58000183105469,45.599998474121094,46.33000183105469,46.34000015258789,2135500.0,40.58651351928711
2017-09-28,46.86000061035156,45.900001525878906,46.38999938964844,45.939998626708984,2101700.0,40.23617172241211
2017-09-29,46.369998931884766,45.40999984741211,46.09000015258789,45.650001525878906,2397900.0,39.982177734375
2017-10-02,45.369998931884766,43.72999954223633,45.310001373291016,44.619998931884766,4887100.0,39.08005905151367
2017-10-03,44.9900016784668,43.95000076293945,44.70000076293945,44.459999084472656,2543000.0,38.9399299621582
2017-10-04,44.689998626708984,43.7400016784668,44.470001220703125,43.84000015258789,2941200.0,38.396907806396484
2017-10-05,44.65999984741211,43.599998474121094,43.84000015258789,44.27000045776367,3310500.0,38.77352523803711
2017-10-06,43.95000076293945,43.2400016784668,43.81999969482422,43.34000015258789,3272200.0,37.958980560302734
2017-10-09,44.20000076293945,42.439998626708984,44.099998474121094,42.9900016784668,3869000.0,37.65243911743164
2017-10-10,43.56999969482422,42.849998474121094,43.209999084472656,43.2599983215332,2902500.0,37.888912200927734
2017-10-11,43.38999938964844,42.959999084472656,43.20000076293945,43.220001220703125,2095400.0,37.85388946533203
2017-10-12,43.04999923706055,41.77000045776367,42.84000015258789,42.31999969482422,3834300.0,37.06562805175781
2017-10-13,42.7599983215332,42.06999969482422,42.369998931884766,42.13999938964844,2676600.0,36.90797424316406
2017-10-16,42.88999938964844,41.56999969482422,41.720001220703125,42.86000061035156,3190000.0,37.5385856628418
2017-10-17,43.36000061035156,42.66999816894531,42.7599983215332,43.29999923706055,3075700.0,37.9239501953125
2017-10-18,44.04999923706055,42.959999084472656,43.31999969482422,43.630001068115234,3022300.0,38.21297836303711
2017-10-19,43.91999816894531,43.20000076293945,43.43000030517578,43.86000061035156,1863700.0,38.4144287109375
2017-10-20,44.95000076293945,44.08000183105469,44.20000076293945,44.4900016784668,3561200.0,38.966209411621094
2017-10-23,45.47999954223633,44.0099983215332,44.4900016784668,44.15999984741211,3332900.0,38.67717742919922
2017-10-24,44.790000915527344,43.91999816894531,44.33000183105469,43.959999084472656,3108500.0,38.50200271606445
2017-10-25,44.20000076293945,43.540000915527344,43.939998626708984,43.790000915527344,3097800.0,38.35311508178711
2017-10-26,44.900001525878906,43.599998474121094,43.9900016784668,44.63999938964844,4536300.0,39.09757614135742
2017-10-27,43.0,42.150001525878906,42.619998931884766,42.58000183105469,6194200.0,37.29335021972656
2017-10-30,42.75,41.25,42.36000061035156,41.5,4064400.0,36.34743881225586
2017-10-31,42.2400016784668,41.29999923706055,41.369998931884766,41.7599983215332,3574400.0,36.57514572143555
2017-11-01,42.810001373291016,41.52000045776367,41.95000076293945,41.900001525878906,2970700.0,36.69776916503906
2017-11-02,42.5,41.560001373291016,42.5,42.2400016784668,3327400.0,36.99555587768555
2017-11-03,42.97999954223633,41.869998931884766,42.29999923706055,42.029998779296875,4864200.0,36.8116340637207
2017-11-06,42.83000183105469,41.650001525878906,42.150001525878906,42.619998931884766,3691300.0,37.3283805847168
2017-11-07,42.59000015258789,40.31999969482422,42.540000915527344,40.689998626708984,6736200.0,35.63801193237305
2017-11-08,41.619998931884766,40.41999816894531,40.869998931884766,40.790000915527344,5923200.0,35.72559356689453
2017-11-09,41.68000030517578,37.970001220703125,38.25,41.16999816894531,24189900.0,36.058414459228516
2017-11-10,43.13999938964844,41.709999084472656,41.790000915527344,43.040000915527344,7091700.0,37.696231842041016
2017-11-13,43.279998779296875,40.900001525878906,42.88999938964844,41.18000030517578,4955500.0,36.06717300415039
2017-11-14,42.209999084472656,40.939998626708984,40.939998626708984,42.20000076293945,3312500.0,36.96052551269531
2017-11-15,42.59000015258789,41.36000061035156,41.689998626708984,42.27000045776367,3493300.0,37.02183532714844
2017-11-16,42.63999938964844,41.810001373291016,42.560001373291016,42.25,2499700.0,37.00431823730469
2017-11-17,43.939998626708984,42.810001373291016,42.9900016784668,43.720001220703125,4185400.0,38.29180908203125
2017-11-20,44.45000076293945,43.310001373291016,43.66999816894531,44.31999969482422,3200900.0,38.81730651855469
2017-11-21,44.400001525878906,43.68000030517578,44.31999969482422,44.209999084472656,3020900.0,38.72097396850586
2017-11-22,45.189998626708984,44.08000183105469,44.290000915527344,44.630001068115234,2709700.0,39.088829040527344
2017-11-24,45.88999938964844,44.9900016784668,45.150001525878906,45.09000015258789,2063200.0,39.4917106628418
2017-11-27,45.83000183105469,44.630001068115234,45.220001220703125,45.209999084472656,3108300.0,39.596805572509766
2017-11-28,46.150001525878906,44.93000030517578,45.41999816894531,46.0099983215332,3532100.0,40.29749298095703
2017-11-29,48.599998474121094,46.04999923706055,46.150001525878906,47.70000076293945,7165500.0,41.77766418457031
2017-11-30,49.52000045776367,47.75,47.83000183105469,47.970001220703125,6454300.0,42.014137268066406
2017-12-01,48.63999938964844,46.880001068115234,48.0,48.04999923706055,4193300.0,42.08420181274414
2017-12-04,51.470001220703125,48.79999923706055,48.86000061035156,50.150001525878906,7148400.0,43.923465728759766
2017-12-05,49.40999984741211,47.5099983215332,49.349998474121094,48.2599983215332,3894900.0,42.73682403564453
2017-12-06,49.11000061035156,47.2599983215332,48.380001068115234,48.13999938964844,3561100.0,42.630558013916016
2017-12-07,49.54999923706055,48.65999984741211,49.0,48.880001068115234,3991500.0,43.28586959838867
2017-12-08,49.810001373291016,48.529998779296875,49.38999938964844,49.779998779296875,3005600.0,44.08286666870117
2017-12-11,50.720001220703125,49.4900016784668,49.79999923706055,50.459999084472656,3496600.0,44.68504333496094
2017-12-12,50.97999954223633,50.04999923706055,50.41999816894531,50.290000915527344,2984900.0,44.53450393676758
2017-12-13,51.290000915527344,50.38999938964844,50.470001220703125,50.720001220703125,4153600.0,44.9152946472168
2017-12-14,51.189998626708984,49.36000061035156,50.970001220703125,49.779998779296875,3201500.0,44.08286666870117
2017-12-15,52.099998474121094,49.970001220703125,50.650001525878906,51.349998474121094,7513900.0,45.47318649291992
2017-12-18,53.45000076293945,51.560001373291016,51.560001373291016,53.279998779296875,4797700.0,47.182308197021484
2017-12-19,53.83000183105469,52.40999984741211,53.61000061035156,52.880001068115234,3010600.0,46.82808303833008
2017-12-20,53.619998931884766,52.709999084472656,53.52000045776367,53.130001068115234,2166500.0,47.049468994140625
2017-12-21,53.66999816894531,52.31999969482422,53.060001373291016,53.470001220703125,2391700.0,47.35057067871094
2017-12-22,53.97999954223633,53.25,53.58000183105469,53.65999984741211,2969300.0,47.51882553100586
2017-12-26,57.279998779296875,53.81999969482422,53.81999969482422,56.869998931884766,5796500.0,50.361446380615234
2017-12-27,56.779998779296875,54.84000015258789,56.68000030517578,55.290000915527344,4173500.0,48.96227264404297
2017-12-28,55.150001525878906,54.439998626708984,55.0099983215332,54.68000030517578,3031400.0,48.42208480834961
2017-12-29,55.099998474121094,54.189998626708984,54.9900016784668,54.22999954223633,2690400.0,48.02358627319336
2018-01-02,56.439998626708984,54.70000076293945,54.790000915527344,56.349998474121094,5091300.0,49.90095520019531
2018-01-03,56.369998931884766,55.16999816894531,56.349998474121094,55.65999984741211,3544900.0,49.28992462158203
2018-01-04,56.119998931884766,52.529998779296875,56.02000045776367,54.68000030517578,5124600.0,48.42208480834961
2018-01-05,55.45000076293945,53.83000183105469,54.86000061035156,54.36000061035156,4558700.0,48.138710021972656
2018-01-08,59.09000015258789,55.36000061035156,58.66999816894531,56.900001525878906,11871800.0,50.38801956176758
2018-01-09,57.75,56.2599983215332,57.099998474121094,57.02000045776367,4772500.0,50.4942741394043
2018-01-10,59.31999969482422,56.75,56.79999923706055,58.84000015258789,4471100.0,52.105979919433594
2018-01-11,61.15999984741211,58.779998779296875,59.25,61.119998931884766,4855000.0,54.12505340576172
2018-01-12,65.05999755859375,63.029998779296875,63.529998779296875,63.869998931884766,7484800.0,56.56032180786133
2018-01-16,65.22000122070312,63.099998474121094,63.91999816894531,63.400001525878906,4566900.0,56.14411544799805
2018-01-17,64.94000244140625,63.15999984741211,63.5099983215332,64.58999633789062,3355400.0,57.19791793823242
2018-01-18,65.2300033569336,64.23999786376953,64.58999633789062,64.8499984741211,2848900.0,57.42816162109375
2018-01-19,67.55000305175781,65.44999694824219,66.62000274658203,67.54000091552734,5561800.0,59.81031036376953
2018-01-22,68.16999816894531,66.51000213623047,67.5,68.16999816894531,2978100.0,60.368202209472656
2018-01-23,69.13999938964844,67.91000366210938,68.30000305175781,68.83000183105469,2329300.0,60.95266342163086
2018-01-24,69.04000091552734,67.1500015258789,68.80999755859375,67.69999694824219,4070300.0,59.951988220214844
2018-01-25,68.04000091552734,66.08999633789062,68.04000091552734,66.79000091552734,2977200.0,59.14613723754883
2018-01-26,68.37000274658203,66.80000305175781,66.83999633789062,68.36000061035156,2058800.0,60.53646469116211
2018-01-29,69.13999938964844,67.79000091552734,68.04000091552734,67.94999694824219,3267900.0,60.17337417602539
2018-01-30,67.66999816894531,65.43000030517578,67.33000183105469,65.87999725341797,4438800.0,58.34027862548828
2018-01-31,66.69999694824219,64.37000274658203,66.2300033569336,64.7699966430664,3654500.0,57.35731887817383
2018-02-01,66.2300033569336,64.0,64.4800033569336,65.08999633789062,2865300.0,57.64069366455078
2018-02-02,65.22000122070312,63.08000183105469,64.51000213623047,63.470001220703125,4562600.0,56.20610427856445
2018-02-05,64.23999786376953,61.040000915527344,62.5,61.13999938964844,3910000.0,54.142757415771484
2018-02-06,63.15999984741211,58.09000015258789,59.63999938964844,62.75,4747000.0,55.56850051879883
2018-02-07,63.9900016784668,62.43000030517578,62.900001525878906,62.91999816894531,3077300.0,55.71903991699219
2018-02-08,63.5099983215332,60.290000915527344,63.040000915527344,60.34000015258789,3845300.0,53.4343147277832
2018-02-09,62.150001525878906,58.060001373291016,61.08000183105469,61.470001220703125,5504900.0,54.434993743896484
2018-02-12,62.650001525878906,60.7599983215332,62.06999969482422,61.119998931884766,3620700.0,54.12505340576172
2018-02-13,63.0,60.880001068115234,61.119998931884766,62.900001525878906,2253300.0,55.701332092285156
2018-02-14,64.97000122070312,62.2400016784668,62.810001373291016,64.56999969482422,3246900.0,57.180206298828125
2018-02-15,65.87999725341797,64.33999633789062,65.33999633789062,65.1500015258789,2142100.0,57.69382858276367
2018-02-16,66.4000015258789,64.93000030517578,65.11000061035156,65.61000061035156,2348100.0,58.1011848449707
2018-02-20,65.58000183105469,63.79999923706055,64.61000061035156,64.37000274658203,3547500.0,57.00310134887695
2018-02-21,65.44000244140625,63.38999938964844,64.37000274658203,63.439998626708984,3331800.0,56.179534912109375
2018-02-22,65.4800033569336,63.70000076293945,64.0,64.75,3145400.0,57.33961486816406
2018-02-23,66.70999908447266,64.94000244140625,65.18000030517578,66.47000122070312,3309500.0,58.86276626586914
2018-02-26,67.4000015258789,65.94999694824219,66.88999938964844,67.0999984741211,3586300.0,59.420658111572266
2018-02-27,69.4800033569336,64.88999938964844,69.16000366210938,65.0,5616200.0,57.56100082397461
2018-02-28,66.76000213623047,65.13999938964844,65.52999877929688,66.08999633789062,4954900.0,58.526248931884766
2018-03-01,65.11000061035156,60.5099983215332,64.77999877929688,62.75,11553700.0,55.56850051879883
2018-03-02,66.69999694824219,61.61000061035156,61.849998474121094,66.5,7080300.0,58.88932800292969
2018-03-05,66.94999694824219,65.27999877929688,66.26000213623047,66.08999633789062,4261400.0,58.526248931884766
2018-03-06,66.8499984741211,65.44999694824219,66.01000213623047,66.81999969482422,3255200.0,59.172698974609375
2018-03-07,66.7300033569336,65.02999877929688,65.94000244140625,65.18000030517578,2758600.0,57.720394134521484
2018-03-08,65.37999725341797,61.97999954223633,65.37000274658203,62.189998626708984,4802500.0,55.072593688964844
2018-03-09,64.0,61.40999984741211,63.900001525878906,62.970001220703125,4069200.0,55.76332092285156
2018-03-12,63.56999969482422,62.15999984741211,63.02000045776367,63.029998779296875,3084000.0,55.81645584106445
2018-03-13,65.11000061035156,62.810001373291016,62.93000030517578,64.11000061035156,3920800.0,57.327667236328125
2018-03-14,64.19999694824219,62.0,64.13999938964844,62.25,2648500.0,55.66444396972656
2018-03-15,62.83000183105469,60.810001373291016,62.689998626708984,61.4900016784668,3805800.0,54.98484802246094
2018-03-16,63.619998931884766,61.0,61.369998931884766,63.130001068115234,7373400.0,56.45133972167969
2018-03-19,63.9900016784668,62.439998626708984,63.16999816894531,63.54999923706055,3398500.0,56.82691192626953
2018-03-20,64.25,63.43000030517578,63.720001220703125,64.16000366210938,2681200.0,57.372379302978516
2018-03-21,65.20999908447266,63.529998779296875,63.959999084472656,63.7400016784668,2688700.0,56.99681091308594
2018-03-22,64.58000183105469,62.7400016784668,63.220001220703125,63.0099983215332,2156700.0,56.34403610229492
2018-03-23,63.7599983215332,61.97999954223633,63.34000015258789,61.97999954223633,3688100.0,55.42300796508789
2018-03-26,63.970001220703125,62.45000076293945,62.849998474121094,63.77000045776367,3849800.0,57.02363967895508
2018-03-27,64.5,62.400001525878906,63.75,62.79999923706055,3297800.0,56.1562614440918
2018-03-28,65.4000015258789,62.59000015258789,62.95000076293945,64.55999755859375,4155100.0,57.730064392089844
2018-03-29,66.01000213623047,64.63999938964844,64.70999908447266,65.51000213623047,4180300.0,58.579559326171875
2018-04-02,65.80000305175781,61.56999969482422,65.26000213623047,62.68000030517578,5393500.0,56.0489501953125
2018-04-03,64.25,62.709999084472656,63.0099983215332,63.65999984741211,3172600.0,56.92527770996094
2018-04-04,65.66000366210938,62.70000076293945,62.81999969482422,65.51000213623047,3112600.0,58.579559326171875
2018-04-05,67.0,65.47000122070312,65.66999816894531,66.91000366210938,2728600.0,59.83145523071289
2018-04-06,66.23999786376953,63.43000030517578,65.33999633789062,64.0,5616500.0,57.22930908203125
2018-04-09,65.1500015258789,63.369998931884766,64.30999755859375,63.43000030517578,4145700.0,56.71961212158203
2018-04-10,64.48999786376953,62.130001068115234,64.2699966430664,63.63999938964844,3893000.0,56.907386779785156
2018-04-11,64.58000183105469,63.09000015258789,63.18000030517578,63.380001068115234,2533500.0,56.674896240234375
2018-04-12,63.959999084472656,62.709999084472656,63.560001373291016,63.060001373291016,2774800.0,56.38875198364258
2018-04-13,63.54999923706055,61.11000061035156,63.369998931884766,61.34000015258789,3978700.0,54.85071563720703
2018-04-16,62.209999084472656,61.060001373291016,61.88999938964844,62.06999969482422,3922400.0,55.503482818603516
2018-04-17,62.779998779296875,61.5,62.5099983215332,61.77000045776367,2289000.0,55.23522186279297
2018-04-18,63.220001220703125,61.06999969482422,61.97999954223633,61.189998626708984,4229700.0,54.716583251953125
2018-04-19,61.459999084472656,59.02000045776367,61.11000061035156,60.119998931884766,4787300.0,53.75978088378906
2018-04-20,60.65999984741211,58.11000061035156,59.959999084472656,58.380001068115234,4520900.0,52.203853607177734
2018-04-23,60.0,58.150001525878906,58.45000076293945,59.630001068115234,2832200.0,53.321617126464844
2018-04-24,61.06999969482422,58.95000076293945,59.84000015258789,59.22999954223633,3340100.0,52.96393585205078
2018-04-25,60.70000076293945,58.61000061035156,59.15999984741211,60.0,2465100.0,53.6524772644043
2018-04-26,61.0,59.5,59.84000015258789,60.849998474121094,2840700.0,54.41254806518555
2018-04-27,62.54999923706055,60.04999923706055,60.65999984741211,62.33000183105469,3442100.0,55.735984802246094
2018-04-30,62.7400016784668,61.63999938964844,62.369998931884766,62.119998931884766,3351200.0,55.548194885253906
2018-05-01,63.34000015258789,60.88999938964844,61.58000183105469,61.9900016784668,3723900.0,55.43194580078125
2018-05-02,63.25,61.31999969482422,61.72999954223633,63.029998779296875,2784500.0,56.36192321777344
2018-05-03,63.45000076293945,62.459999084472656,62.91999816894531,63.189998626708984,3673800.0,56.50499725341797
2018-05-04,63.689998626708984,62.439998626708984,62.91999816894531,63.099998474121094,2508900.0,56.42451858520508
2018-05-07,63.400001525878906,59.43000030517578,63.15999984741211,60.380001068115234,5364000.0,53.99227523803711
2018-05-08,61.59000015258789,60.040000915527344,60.22999954223633,61.0099983215332,3701400.0,54.55562210083008
2018-05-09,61.56999969482422,59.869998931884766,61.220001220703125,61.38999938964844,3461100.0,54.895416259765625
2018-05-10,60.84000015258789,57.88999938964844,60.84000015258789,60.529998779296875,5293200.0,54.126399993896484
2018-05-11,60.439998626708984,58.63999938964844,58.709999084472656,60.22999954223633,4036400.0,53.85813903808594
2018-05-14,61.61000061035156,60.16999816894531,60.540000915527344,61.18000030517578,2988300.0,54.707637786865234
2018-05-15,63.29999923706055,60.689998626708984,61.02000045776367,63.189998626708984,3416900.0,56.50499725341797
2018-05-16,64.98999786376953,62.08000183105469,64.4000015258789,64.41999816894531,5623000.0,57.6048698425293
2018-05-17,64.88999938964844,63.31999969482422,64.1500015258789,63.720001220703125,3472500.0,56.97892761230469
2018-05-18,63.939998626708984,62.52000045776367,63.31999969482422,63.66999816894531,2737500.0,56.9342155456543
2018-05-21,65.61000061035156,64.23999786376953,64.30000305175781,65.47000122070312,5147600.0,58.543792724609375
2018-05-22,65.98999786376953,60.33000183105469,64.76000213623047,60.61000061035156,21469400.0,54.19794464111328
2018-05-23,62.310001373291016,59.849998474121094,60.209999084472656,62.2599983215332,7366300.0,55.67338180541992
2018-05-24,64.56999969482422,61.97999954223633,62.060001373291016,64.51000213623047,5287100.0,57.68535232543945
2018-05-25,66.04000091552734,64.37999725341797,64.68000030517578,65.27999877929688,4261800.0,58.37389373779297
2018-05-29,67.36000061035156,64.87000274658203,65.05999755859375,66.69000244140625,4988000.0,59.63473129272461
2018-05-30,68.80000305175781,66.5199966430664,67.02999877929688,67.91000366210938,3715300.0,60.72566223144531
2018-05-31,68.18000030517578,66.23999786376953,67.43000030517578,66.75,3354900.0,59.688385009765625
2018-06-01,68.44000244140625,66.8499984741211,66.9000015258789,68.37000274658203,2722800.0,61.137001037597656
2018-06-04,71.81999969482422,68.5,68.7699966430664,71.55999755859375,4852200.0,63.98951721191406
2018-06-05,75.66999816894531,71.66000366210938,71.66000366210938,74.94000244140625,6739700.0,67.0119400024414
2018-06-06,76.3499984741211,74.0999984741211,74.9000015258789,76.25,4688900.0,68.183349609375
2018-06-07,78.8499984741211,76.5199966430664,76.88999938964844,77.81999969482422,5389700.0,69.58727264404297
2018-06-08,77.81999969482422,76.47000122070312,77.26000213623047,77.76000213623047,4343800.0,69.53360748291016
2018-06-11,78.87000274658203,77.51000213623047,77.8499984741211,78.19999694824219,3065100.0,69.92706298828125
2018-06-12,79.91999816894531,77.04000091552734,77.91000366210938,78.31999969482422,3913400.0,70.58496856689453
2018-06-13,78.4800033569336,75.61000061035156,78.05000305175781,75.72000122070312,5589400.0,68.24174499511719
2018-06-14,75.37999725341797,72.86000061035156,74.5,73.27999877929688,5931300.0,66.04271697998047
2018-06-15,74.20999908447266,72.25,72.94000244140625,74.0,4339700.0,66.69161224365234
2018-06-18,75.05000305175781,73.5199966430664,73.68000030517578,74.33000183105469,3743400.0,66.98902893066406
2018-06-19,75.3499984741211,73.19000244140625,73.81999969482422,75.3499984741211,4246300.0,67.90828704833984
2018-06-20,76.72000122070312,74.77999877929688,75.91000366210938,76.45999908447266,2488600.0,68.9086685180664
2018-06-21,77.91999816894531,76.16999816894531,76.19999694824219,77.33000183105469,2594500.0,69.69274139404297
2018-06-22,77.55000305175781,73.52999877929688,77.55000305175781,73.83999633789062,3754500.0,66.54740905761719
2018-06-25,74.2699966430664,72.31999969482422,73.86000061035156,72.93000030517578,3147500.0,65.72730255126953
2018-06-26,74.80000305175781,73.01000213623047,73.2699966430664,74.31999969482422,2596000.0,66.98001098632812
2018-06-27,75.75,73.5999984741211,74.55000305175781,73.75,2392200.0,66.46631622314453
2018-06-28,74.4800033569336,72.5199966430664,73.33000183105469,73.70999908447266,2549800.0,66.43025970458984
2018-06-29,75.04000091552734,72.83999633789062,74.62999725341797,72.9000015258789,2712700.0,65.70024871826172
2018-07-02,72.37000274658203,70.41999816894531,72.30000305175781,71.33000183105469,3350800.0,64.28530883789062
2018-07-03,73.12999725341797,71.75,71.83000183105469,72.19999694824219,1279900.0,65.06938171386719
2018-07-05,72.61000061035156,71.5,72.51000213623047,72.05999755859375,2009500.0,64.94322204589844
2018-07-06,72.1500015258789,70.70999908447266,71.51000213623047,71.37999725341797,1813000.0,64.33036041259766
2018-07-09,72.22000122070312,70.41999816894531,72.04000091552734,71.05999755859375,2612700.0,64.0419692993164
2018-07-10,71.76000213623047,70.5,70.86000061035156,71.22000122070312,1704600.0,64.18617248535156
2018-07-11,71.05000305175781,69.4800033569336,70.80000305175781,70.19999694824219,2053200.0,63.26690673828125
2018-07-12,70.3499984741211,68.20999908447266,70.3499984741211,69.37999725341797,3692100.0,62.527889251708984
2018-07-13,70.79000091552734,68.95999908447266,69.44999694824219,69.12999725341797,2707800.0,62.30257797241211
2018-07-16,70.91999816894531,68.37999725341797,69.38999938964844,70.6500015258789,3471100.0,63.67246627807617
2018-07-17,71.3499984741211,69.69000244140625,70.33999633789062,70.93000030517578,2692800.0,63.9248161315918
2018-07-18,72.41999816894531,70.55000305175781,71.12000274658203,72.33000183105469,2440100.0,65.18656158447266
2018-07-19,74.83999633789062,72.5199966430664,72.56999969482422,74.43000030517578,4989800.0,67.07914733886719
2018-07-20,75.06999969482422,73.2699966430664,74.13999938964844,73.6500015258789,2500400.0,66.37618255615234
2018-07-23,74.69000244140625,72.72000122070312,73.77999877929688,74.01000213623047,1878400.0,66.70063781738281
2018-07-24,74.62000274658203,72.30000305175781,74.1500015258789,72.83999633789062,1700900.0,65.64617919921875
2018-07-25,74.0999984741211,72.58999633789062,72.73999786376953,73.87000274658203,1394800.0,66.574462890625
2018-07-26,75.6500015258789,73.12999725341797,74.37000274658203,73.63999938964844,1632300.0,66.36717224121094
2018-07-27,74.73999786376953,72.02999877929688,73.83999633789062,72.5199966430664,1756200.0,65.35777282714844
2018-07-30,73.81999969482422,72.52999877929688,72.73999786376953,73.73999786376953,1537500.0,66.45729064941406
2018-07-31,74.61000061035156,73.6500015258789,73.94999694824219,73.87000274658203,1760000.0,66.574462890625
2018-08-01,73.98999786376953,70.19000244140625,73.61000061035156,70.47000122070312,2788400.0,63.5102424621582
2018-08-02,72.01000213623047,69.69000244140625,70.69000244140625,71.88999938964844,2985500.0,64.79000854492188
2018-08-03,73.44000244140625,71.47000122070312,72.13999938964844,72.30999755859375,1842300.0,65.16851806640625
2018-08-06,72.6500015258789,71.38999938964844,72.19999694824219,72.5199966430664,2556100.0,65.35777282714844
2018-08-07,73.27999877929688,72.16999816894531,72.97000122070312,73.0999984741211,1711500.0,65.88050079345703
2018-08-08,74.87999725341797,73.0,73.06999969482422,74.41999816894531,2238300.0,67.07012939453125
2018-08-09,75.5,74.30000305175781,74.63999938964844,75.11000061035156,1836400.0,67.69197845458984
2018-08-10,76.47000122070312,74.12999725341797,74.75,75.66000366210938,2767200.0,68.18767547607422
2018-08-13,77.16000366210938,75.62999725341797,76.26000213623047,76.41999816894531,3455900.0,68.87261199951172
2018-08-14,79.23999786376953,76.69000244140625,77.04000091552734,78.93000030517578,4377800.0,71.13471984863281
2018-08-15,77.69999694824219,73.04000091552734,77.69999694824219,74.38999938964844,5502100.0,67.04310607910156
2018-08-16,75.22000122070312,72.6500015258789,75.04000091552734,74.75,3436100.0,67.36754608154297
2018-08-17,76.8499984741211,75.12999725341797,75.41999816894531,76.44000244140625,3281800.0,68.8906478881836
2018-08-20,79.36000061035156,77.0,77.26000213623047,78.8499984741211,5616100.0,71.0626220703125
2018-08-21,80.36000061035156,75.51000213623047,77.22000122070312,80.19999694824219,12010000.0,72.27928924560547
2018-08-22,82.22000122070312,78.81999969482422,81.2300033569336,79.04000091552734,4922400.0,71.23385620117188
2018-08-23,81.01000213623047,78.55999755859375,79.23999786376953,80.69999694824219,3140500.0,72.72991180419922
2018-08-24,81.26000213623047,79.44999694824219,80.5999984741211,80.86000061035156,3068700.0,72.87410736083984
2018-08-27,81.5999984741211,78.61000061035156,81.30000305175781,78.8499984741211,2816600.0,71.0626220703125
2018-08-28,79.51000213623047,78.12999725341797,79.23999786376953,78.87000274658203,2212700.0,71.08064270019531
2018-08-29,78.75,76.19999694824219,78.73999786376953,77.33999633789062,2684000.0,69.70175170898438
2018-08-30,78.48999786376953,76.7300033569336,76.7300033569336,78.27999877929688,2603000.0,70.54891204833984
2018-08-31,79.41999816894531,77.22000122070312,77.86000061035156,79.11000061035156,1897400.0,71.29693603515625
2018-09-04,82.0999984741211,79.27999877929688,79.27999877929688,82.05000305175781,3573100.0,73.94657897949219
2018-09-05,82.04000091552734,80.01000213623047,81.91999816894531,81.08000183105469,4162400.0,73.07238006591797
2018-09-06,82.4000015258789,80.98999786376953,81.83999633789062,81.05999755859375,2971500.0,73.05435180664062
2018-09-07,81.86000061035156,80.11000061035156,80.98999786376953,80.25,2635200.0,72.32434844970703
2018-09-10,81.45999908447266,80.36000061035156,80.80999755859375,81.01000213623047,1976500.0,73.00929260253906
2018-09-11,81.23999786376953,80.31999969482422,80.45999908447266,80.62999725341797,2013700.0,73.21814727783203
2018-09-12,82.41999816894531,80.87000274658203,80.9800033569336,81.4000015258789,2672100.0,73.9173583984375
2018-09-13,81.70999908447266,79.52999877929688,81.27999877929688,80.02999877929688,2509100.0,72.67329406738281
2018-09-14,81.1500015258789,78.94999694824219,80.12999725341797,80.83999633789062,2194400.0,73.40884399414062
2018-09-17,80.83999633789062,78.76000213623047,80.83999633789062,79.26000213623047,2061400.0,71.97409057617188
2018-09-18,80.25,79.30000305175781,79.30999755859375,79.5999984741211,2325900.0,72.28282928466797
2018-09-19,80.31999969482422,79.26000213623047,79.61000061035156,79.5199966430664,2005600.0,72.2101821899414
2018-09-20,79.73999786376953,76.16999816894531,79.33000183105469,76.94999694824219,3891900.0,69.87642669677734
2018-09-21,78.2699966430664,75.55999755859375,77.2300033569336,75.87999725341797,3799200.0,68.90479278564453
2018-09-24,76.80000305175781,74.61000061035156,76.06999969482422,74.6500015258789,2783900.0,67.78785705566406
2018-09-25,75.62000274658203,73.94000244140625,74.81999969482422,74.41000366210938,3409300.0,67.5699234008789
2018-09-26,76.66000366210938,74.19999694824219,74.69000244140625,75.5999984741211,3077200.0,68.65052032470703
2018-09-27,76.5,74.58000183105469,75.19999694824219,74.7300033569336,2142700.0,67.86050415039062
2018-09-28,75.51000213623047,74.0999984741211,74.83999633789062,74.55000305175781,2071100.0,67.6970443725586
2018-10-01,76.51000213623047,74.33999633789062,74.69999694824219,76.05000305175781,2826300.0,69.05915832519531
2018-10-02,77.08000183105469,73.0199966430664,76.19000244140625,73.06999969482422,3373000.0,66.35308837890625
2018-10-03,73.2300033569336,71.66999816894531,73.05000305175781,72.8499984741211,3423200.0,66.1533203125
2018-10-04,73.7300033569336,71.12000274658203,73.19999694824219,71.87999725341797,3703200.0,65.27247619628906
2018-10-05,73.19999694824219,71.2699966430664,72.02999877929688,72.2300033569336,2591600.0,65.59031677246094
2018-10-08,72.5,70.5999984741211,72.27999877929688,71.91999816894531,2012200.0,65.30879974365234
2018-10-09,72.9000015258789,70.73999786376953,71.91999816894531,70.94000244140625,2217400.0,64.41889953613281
2018-10-10,73.81999969482422,71.3499984741211,71.43000030517578,71.7300033569336,4842700.0,65.13628387451172
2018-10-11,74.38999938964844,70.58999633789062,71.80000305175781,70.81999969482422,3779200.0,64.30992126464844
2018-10-12,73.45999908447266,71.7699966430664,71.91000366210938,72.6500015258789,3612200.0,65.97169494628906
2018-10-15,73.69999694824219,71.29000091552734,72.8499984741211,71.51000213623047,1985700.0,64.93650817871094
2018-10-16,73.44000244140625,71.27999877929688,71.75,73.4000015258789,2156300.0,66.65275573730469
2018-10-17,73.56999969482422,70.30999755859375,73.08000183105469,70.83999633789062,2900300.0,64.32807922363281
2018-10-18,72.33000183105469,70.12000274658203,70.62999725341797,71.44999694824219,2567600.0,64.88201141357422
2018-10-19,72.55999755859375,70.81999969482422,72.05000305175781,71.26000213623047,3323400.0,64.70947265625
2018-10-22,73.44999694824219,71.5999984741211,71.72000122070312,73.0199966430664,3011800.0,66.30767822265625
2018-10-23,73.56999969482422,70.37000274658203,72.0999984741211,73.30999755859375,3071100.0,66.57102966308594
2018-10-24,75.11000061035156,72.11000061035156,73.16000366210938,72.20999908447266,3491800.0,65.57213592529297
2018-10-25,74.5,72.13999938964844,72.16000366210938,73.93000030517578,2940300.0,67.13404083251953
2018-10-26,75.16999816894531,72.55000305175781,73.75,73.77999877929688,2624800.0,66.99781799316406
2018-10-29,77.25,74.48999786376953,74.48999786376953,75.94000244140625,4030400.0,68.95927429199219
2018-10-30,78.7699966430664,76.05000305175781,76.18000030517578,78.41999816894531,4321200.0,71.21131134033203
2018-10-31,78.80999755859375,75.68000030517578,78.63999938964844,75.7300033569336,6367200.0,68.76858520507812
2018-11-01,76.47000122070312,74.66999816894531,75.87999725341797,75.62000274658203,3742900.0,68.66869354248047
2018-11-02,79.31999969482422,76.19000244140625,77.1500015258789,76.9000015258789,4765000.0,69.83103942871094
2018-11-05,79.29000091552734,76.1500015258789,77.05999755859375,79.19999694824219,2848500.0,71.91959381103516
2018-11-06,80.45999908447266,78.27999877929688,79.04000091552734,80.23999786376953,2937200.0,72.86399841308594
2018-11-07,81.30000305175781,78.45999908447266,80.20999908447266,80.83000183105469,3557100.0,73.39977264404297
2018-11-08,82.94999694824219,81.01000213623047,81.13999938964844,81.94999694824219,2980200.0,74.41679382324219
2018-11-09,82.98999786376953,81.23999786376953,81.9000015258789,81.97000122070312,2273900.0,74.43496704101562
2018-11-12,83.27999877929688,80.33999633789062,82.44000244140625,80.75,3308700.0,73.32711791992188
2018-11-13,81.9000015258789,79.66000366210938,81.19999694824219,80.1500015258789,3962200.0,72.78226470947266
2018-11-14,82.08999633789062,75.56999969482422,79.87999725341797,75.80000305175781,5841200.0,68.8321533203125
2018-11-15,74.44999694824219,72.51000213623047,73.77999877929688,73.22000122070312,4982100.0,66.48931121826172
2018-11-16,72.77999877929688,69.30000305175781,71.66999816894531,72.48999786376953,6852500.0,65.82642364501953
2018-11-19,73.87999725341797,70.55000305175781,73.22000122070312,71.0,5245500.0,64.47337341308594
2018-11-20,65.68000030517578,62.029998779296875,62.869998931884766,64.44999694824219,10477900.0,58.525482177734375
2018-11-21,66.9800033569336,64.77999877929688,66.0,66.30000305175781,4942100.0,60.20542526245117
2018-11-23,65.91000366210938,63.470001220703125,65.83000183105469,63.83000183105469,3920800.0,57.96247863769531
2018-11-26,65.88999938964844,63.54999923706055,64.62000274658203,65.66999816894531,5359200.0,59.633331298828125
2018-11-27,68.30000305175781,65.5,65.55999755859375,68.12000274658203,4557000.0,61.85811996459961
2018-11-28,69.19000244140625,66.91000366210938,68.12999725341797,69.13999938964844,4280000.0,62.78435134887695
2018-11-29,69.08999633789062,65.83000183105469,69.0,67.0999984741211,6740500.0,60.93187713623047
2018-11-30,67.79000091552734,66.55999755859375,67.08999633789062,67.16999816894531,3813000.0,60.995445251464844
2018-12-03,69.06999969482422,66.5,68.5199966430664,68.0199966430664,3926400.0,61.767311096191406
2018-12-04,67.9000015258789,64.58000183105469,67.58000183105469,64.9000015258789,3820400.0,58.93411636352539
2018-12-06,65.7300033569336,63.630001068115234,64.76000213623047,65.62999725341797,3094600.0,59.597007751464844
2018-12-07,65.77999877929688,62.25,65.33999633789062,62.47999954223633,3346700.0,56.736572265625
2018-12-10,64.08000183105469,61.79999923706055,63.25,63.83000183105469,3574900.0,57.96247863769531
2018-12-11,64.80000305175781,62.790000915527344,63.97999954223633,62.95000076293945,2197200.0,57.714927673339844
2018-12-12,64.44000244140625,63.15999984741211,63.97999954223633,64.01000213623047,2622300.0,58.6867790222168
2018-12-13,64.19000244140625,60.61000061035156,64.05999755859375,61.18000030517578,3471400.0,56.092124938964844
2018-12-14,62.439998626708984,60.380001068115234,60.88999938964844,61.2400016784668,3500900.0,56.14714050292969
2018-12-17,62.380001068115234,59.880001068115234,60.599998474121094,60.91999816894531,4115800.0,55.85374450683594
2018-12-18,62.52000045776367,61.02000045776367,61.40999984741211,62.40999984741211,3775300.0,57.2198371887207
2018-12-19,63.599998474121094,61.38999938964844,62.72999954223633,61.65999984741211,4797600.0,56.53220748901367
2018-12-20,61.88999938964844,59.099998474121094,61.439998626708984,59.970001220703125,3197100.0,54.98275375366211
2018-12-21,61.95000076293945,58.93000030517578,60.11000061035156,59.400001525878906,7087600.0,54.46015930175781
2018-12-24,61.0,58.65999984741211,58.97999954223633,59.790000915527344,1560400.0,54.817726135253906
2018-12-26,66.0199966430664,60.5,60.61000061035156,65.91999816894531,5484700.0,60.43793487548828
2018-12-27,65.66000366210938,62.29999923706055,65.0199966430664,64.81999969482422,4470600.0,59.42941665649414
2018-12-28,66.26000213623047,64.55999755859375,65.11000061035156,65.05999755859375,2694300.0,59.64945983886719
2018-12-31,66.72000122070312,65.2699966430664,65.2699966430664,66.33999633789062,2760400.0,60.82300567626953
2019-01-02,69.23999786376953,65.06999969482422,65.2699966430664,67.80000305175781,6323900.0,62.16159439086914
2019-01-03,68.02999877929688,66.05000305175781,67.23999786376953,66.37000274658203,3885900.0,60.85051727294922
2019-01-04,67.47000122070312,65.08999633789062,67.37999725341797,66.41000366210938,3749600.0,60.88719177246094
2019-01-07,69.55000305175781,65.91000366210938,66.69999694824219,68.01000213623047,3578100.0,62.354129791259766
2019-01-08,69.48999786376953,67.0199966430664,68.87000274658203,69.18000030517578,3278500.0,63.42683410644531
2019-01-09,70.87000274658203,68.4000015258789,69.55999755859375,69.9000015258789,4238300.0,64.08695220947266
2019-01-10,66.68000030517578,62.56999969482422,63.150001525878906,66.54000091552734,11174000.0,61.006378173828125
2019-01-11,67.98999786376953,66.16999816894531,66.61000061035156,67.2699966430664,3425000.0,61.6756706237793
2019-01-14,67.79000091552734,66.20999908447266,66.76000213623047,66.63999938964844,2796500.0,61.098060607910156
2019-01-15,67.37999725341797,66.05000305175781,66.62000274658203,67.26000213623047,2086000.0,61.66649627685547
2019-01-16,67.5199966430664,66.1500015258789,66.66000366210938,67.45999908447266,2604900.0,61.8498649597168
2019-01-17,68.88999938964844,66.87000274658203,67.18000030517578,68.83999633789062,2263000.0,63.1151008605957
2019-01-18,70.37000274658203,69.25,69.38999938964844,69.94999694824219,2596000.0,64.1327896118164
2019-01-22,71.45999908447266,68.87999725341797,69.72000122070312,69.30000305175781,5502200.0,63.53685760498047
2019-01-23,69.8499984741211,67.83999633789062,69.69999694824219,69.48999786376953,2385700.0,63.7110481262207
2019-01-24,69.44999694824219,67.5199966430664,69.44999694824219,68.33999633789062,2544200.0,62.656681060791016
2019-01-25,70.69999694824219,68.44000244140625,69.08000183105469,70.69999694824219,2277900.0,64.82041931152344
2019-01-28,69.98999786376953,68.98999786376953,69.91999816894531,69.43000030517578,2304300.0,63.656036376953125
2019-01-29,69.76000213623047,67.98999786376953,69.18000030517578,69.55999755859375,2251700.0,63.77522277832031
2019-01-30,70.0,68.12999725341797,69.97000122070312,69.0999984741211,2349300.0,63.35348129272461
2019-01-31,69.25,67.95999908447266,68.87000274658203,68.69000244140625,3370300.0,62.97758102416992
2019-02-01,68.83999633789062,66.27999877929688,68.83999633789062,66.69000244140625,3854500.0,61.14390182495117
2019-02-04,67.33000183105469,66.0199966430664,66.62999725341797,67.0999984741211,3352700.0,61.519798278808594
2019-02-05,68.69000244140625,67.25,67.37000274658203,68.12999725341797,2832100.0,62.46414566040039
2019-02-06,67.94999694824219,66.52999877929688,67.72000122070312,66.81999969482422,2082800.0,61.263092041015625
2019-02-07,67.2300033569336,66.04000091552734,66.5199966430664,66.54000091552734,2973600.0,61.006378173828125
2019-02-08,66.36000061035156,64.55000305175781,66.2699966430664,64.86000061035156,3825600.0,59.46609115600586
2019-02-11,65.0,63.0,65.0,64.37000274658203,4050200.0,59.016845703125
2019-02-12,66.69999694824219,64.7300033569336,64.91999816894531,66.12000274658203,3319500.0,60.621307373046875
2019-02-13,66.77999877929688,64.88999938964844,66.27999877929688,66.51000213623047,2586300.0,60.978878021240234
2019-02-14,66.69999694824219,64.80000305175781,65.61000061035156,66.02999877929688,2886100.0,60.538795471191406
2019-02-15,66.44000244140625,65.37000274658203,66.41000366210938,65.93000030517578,2543600.0,60.447105407714844
2019-02-19,66.61000061035156,65.69000244140625,65.98999786376953,66.23999786376953,3090900.0,60.731319427490234
2019-02-20,66.72000122070312,65.38999938964844,66.31999969482422,65.44999694824219,1994800.0,60.00701904296875
2019-02-21,66.29000091552734,65.06999969482422,65.69000244140625,65.22000122070312,1846400.0,59.7961540222168
2019-02-22,65.12999725341797,64.0199966430664,65.11000061035156,64.37000274658203,2986700.0,59.016845703125
2019-02-25,66.62999725341797,64.70999908447266,64.75,65.86000061035156,5303400.0,60.38292694091797
2019-02-26,67.0199966430664,65.37999725341797,66.11000061035156,66.2300033569336,3223800.0,60.72216033935547
2019-02-27,68.06999969482422,66.23999786376953,66.37000274658203,67.8499984741211,4112700.0,62.20743179321289
2019-02-28,68.12999725341797,66.61000061035156,67.86000061035156,67.52999877929688,5088600.0,61.914039611816406
2019-03-01,69.54000091552734,68.02999877929688,68.38999938964844,68.0999984741211,3591600.0,62.436641693115234
2019-03-04,68.5,66.38999938964844,68.43000030517578,66.47000122070312,5463600.0,60.94219970703125
2019-03-05,71.87999725341797,67.1500015258789,67.55999755859375,71.33000183105469,11084800.0,65.39803314208984
2019-03-06,72.5,69.45999908447266,72.0,70.0199966430664,4163800.0,64.19696807861328
2019-03-07,70.61000061035156,68.77999877929688,69.7699966430664,68.97000122070312,3318600.0,63.23429489135742
2019-03-08,68.36000061035156,66.63999938964844,68.36000061035156,67.7699966430664,3421200.0,62.13408660888672
2019-03-11,69.58999633789062,67.7699966430664,67.77999877929688,69.55000305175781,2611000.0,63.766056060791016
2019-03-12,69.98999786376953,68.75,69.91999816894531,69.69999694824219,2657100.0,63.90357971191406
2019-03-13,69.83999633789062,68.19000244140625,69.83999633789062,68.58999633789062,3542300.0,62.885894775390625
2019-03-14,68.75,67.4800033569336,68.0199966430664,68.47000122070312,2499100.0,62.775875091552734
2019-03-15,68.83999633789062,67.58000183105469,68.54000091552734,67.9800033569336,4676300.0,62.32662582397461
2019-03-18,69.2300033569336,67.68000030517578,68.0,69.11000061035156,2263200.0,63.36264419555664
2019-03-19,69.66000366210938,68.68000030517578,68.81999969482422,69.11000061035156,2603600.0,63.98294448852539
2019-03-20,69.2699966430664,67.66999816894531,68.9000015258789,68.06999969482422,1771600.0,63.02009963989258
2019-03-21,68.55999755859375,67.63999938964844,67.83999633789062,68.41999816894531,2846900.0,63.34413528442383
2019-03-22,68.66999816894531,66.83999633789062,68.38999938964844,67.02999877929688,2522000.0,62.0572509765625
2019-03-25,69.69999694824219,66.76000213623047,66.80000305175781,68.7300033569336,2770200.0,63.631134033203125
2019-03-26,70.2699966430664,68.33999633789062,69.36000061035156,68.9000015258789,2432200.0,63.78852844238281
2019-03-27,70.93000030517578,69.11000061035156,69.11000061035156,69.94000244140625,2912000.0,64.75138092041016
2019-03-28,71.5,69.0199966430664,70.69999694824219,69.05999755859375,3128200.0,63.9366569519043
2019-03-29,69.68000030517578,68.41999816894531,69.52999877929688,68.7699966430664,2669100.0,63.66816711425781
2019-04-01,70.27999877929688,69.11000061035156,69.30999755859375,70.20999908447266,2503500.0,65.0013427734375
2019-04-02,71.16000366210938,70.08999633789062,70.38999938964844,70.87000274658203,2217000.0,65.61238098144531
2019-04-03,71.91000366210938,70.80999755859375,71.2300033569336,71.01000213623047,2035400.0,65.74198913574219
2019-04-04,73.4800033569336,71.22000122070312,71.36000061035156,73.45999908447266,2497100.0,68.01022338867188
2019-04-05,74.23999786376953,71.95999908447266,73.45999908447266,72.0,2858400.0,66.6585464477539
2019-04-08,73.58000183105469,71.8499984741211,72.16999816894531,72.80999755859375,2541800.0,67.408447265625
2019-04-09,73.02999877929688,72.20999908447266,72.38999938964844,72.44999694824219,1908000.0,67.07515716552734
2019-04-10,73.95999908447266,71.05999755859375,72.79000091552734,71.51000213623047,3236200.0,66.20490264892578
2019-04-11,72.16999816894531,70.05000305175781,71.79000091552734,70.16000366210938,2411400.0,64.9550552368164
2019-04-12,71.06999969482422,69.41000366210938,70.55999755859375,69.7300033569336,2242800.0,64.55695343017578
2019-04-15,70.3499984741211,69.33999633789062,69.75,69.91000366210938,2208900.0,64.72360229492188
2019-04-16,70.70999908447266,69.27999877929688,69.27999877929688,70.4800033569336,2419000.0,65.2513198852539
2019-04-17,71.12000274658203,69.80999755859375,70.75,69.83000183105469,2669500.0,64.6495361328125
2019-04-18,70.87999725341797,69.4000015258789,69.98999786376953,70.37000274658203,2044400.0,65.14946746826172
2019-04-22,69.77999877929688,67.0199966430664,69.77999877929688,67.44999694824219,5098200.0,62.44609069824219
2019-04-23,75.91000366210938,71.4000015258789,72.0,75.4800033569336,16102800.0,69.88038635253906
2019-04-24,75.80000305175781,73.2300033569336,75.55999755859375,73.27999877929688,5368400.0,67.84358978271484
2019-04-25,73.51000213623047,70.95999908447266,73.33999633789062,71.62000274658203,4316100.0,66.3067398071289
2019-04-26,72.70999908447266,70.12000274658203,71.0999984741211,72.41000366210938,3367500.0,67.03812408447266
2019-04-29,72.73999786376953,71.94999694824219,72.66000366210938,72.41999816894531,2593300.0,67.04737854003906
2019-04-30,72.80000305175781,70.70999908447266,72.5,71.0999984741211,3875100.0,65.8253173828125
2019-05-01,71.58000183105469,69.75,71.1500015258789,69.76000213623047,2794100.0,64.58472442626953
2019-05-02,70.55999755859375,69.01000213623047,69.95999908447266,70.13999938964844,3280800.0,64.93653869628906
2019-05-03,70.66000366210938,69.12000274658203,70.25,69.19000244140625,2625700.0,64.05701446533203
2019-05-06,69.12999725341797,68.08000183105469,68.25,68.9000015258789,2120300.0,63.78852844238281
2019-05-07,68.55000305175781,66.94999694824219,68.5199966430664,67.52999877929688,3617100.0,62.52016067504883
2019-05-08,69.44999694824219,66.9800033569336,67.5,68.54000091552734,2772000.0,63.45523452758789
2019-05-09,68.6500015258789,66.86000061035156,67.91999816894531,68.37000274658203,3509900.0,63.29784393310547
2019-05-10,68.19999694824219,66.05000305175781,67.87000274658203,67.05999755859375,2241300.0,62.085025787353516
2019-05-13,66.3499984741211,63.61000061035156,66.2300033569336,64.4000015258789,5033000.0,59.62236785888672
2019-05-14,66.29000091552734,63.459999084472656,64.66999816894531,65.5,4798300.0,60.64076232910156
2019-05-15,67.63999938964844,63.75,65.13999938964844,64.22000122070312,5818400.0,59.455718994140625
2019-05-16,64.7699966430664,63.439998626708984,64.43000030517578,63.77000045776367,4011700.0,59.03910446166992
2019-05-17,64.62999725341797,62.790000915527344,63.380001068115234,63.599998474121094,2947100.0,58.8817138671875
2019-05-20,64.1500015258789,62.68000030517578,63.47999954223633,62.90999984741211,5055200.0,58.24290466308594
2019-05-21,57.709999084472656,54.150001525878906,55.27000045776367,55.150001525878906,25969600.0,51.05860137939453
2019-05-22,55.369998931884766,53.0099983215332,54.59000015258789,53.439998626708984,11349500.0,49.4754524230957
2019-05-23,53.060001373291016,50.630001068115234,52.91999816894531,51.150001525878906,10659700.0,47.355342864990234
2019-05-24,52.099998474121094,50.400001525878906,50.959999084472656,51.119998931884766,5670600.0,47.32756423950195
2019-05-28,52.130001068115234,50.65999984741211,51.099998474121094,51.11000061035156,6581600.0,47.31830978393555
2019-05-29,51.7599983215332,50.02000045776367,50.720001220703125,50.5099983215332,5557500.0,46.7628173828125
2019-05-30,51.650001525878906,50.119998931884766,50.83000183105469,50.279998779296875,4818900.0,46.54988479614258
2019-05-31,49.880001068115234,48.709999084472656,49.880001068115234,49.31999969482422,4497800.0,45.661102294921875
2019-06-03,51.31999969482422,49.150001525878906,49.31999969482422,50.279998779296875,4821200.0,46.54988479614258
2019-06-04,51.27000045776367,49.79999923706055,49.86000061035156,50.38999938964844,5946400.0,46.65172576904297
2019-06-05,50.689998626708984,47.97999954223633,50.47999954223633,48.900001525878906,7250900.0,45.27226257324219
2019-06-06,48.900001525878906,47.08000183105469,48.400001525878906,47.970001220703125,6105900.0,44.4112548828125
2019-06-07,48.58000183105469,47.529998779296875,48.02000045776367,48.18000030517578,4027900.0,44.605674743652344
2019-06-10,50.040000915527344,48.66999816894531,48.66999816894531,48.79999923706055,5959400.0,45.17967987060547
2019-06-11,48.81999969482422,47.41999816894531,48.29999923706055,47.95000076293945,3241600.0,45.01071548461914
2019-06-12,48.36000061035156,47.630001068115234,47.65999984741211,47.970001220703125,3734200.0,45.02948760986328
2019-06-13,48.970001220703125,47.83000183105469,47.9900016784668,48.72999954223633,3636100.0,45.74290084838867
2019-06-14,48.900001525878906,47.400001525878906,48.689998626708984,47.77000045776367,3982600.0,44.84174728393555
2019-06-17,48.459999084472656,47.2400016784668,47.72999954223633,47.470001220703125,3206400.0,44.56013870239258
2019-06-18,48.38999938964844,47.09000015258789,47.59000015258789,47.41999816894531,3907500.0,44.51319885253906
2019-06-19,47.619998931884766,46.70000076293945,47.54999923706055,46.88999938964844,5083000.0,44.01569366455078
2019-06-20,47.5,46.18000030517578,47.29999923706055,46.880001068115234,4022600.0,44.00630569458008
2019-06-21,47.869998931884766,46.2400016784668,46.849998474121094,47.5099983215332,5949600.0,44.597686767578125
2019-06-24,47.290000915527344,45.7599983215332,47.18000030517578,45.97999954223633,5295900.0,43.16147232055664
2019-06-25,46.22999954223633,45.209999084472656,45.91999816894531,46.0099983215332,5352100.0,43.189632415771484
2019-06-26,47.130001068115234,46.040000915527344,46.349998474121094,46.459999084472656,5166000.0,43.6120491027832
2019-06-27,47.2599983215332,46.060001373291016,46.470001220703125,46.81999969482422,4289400.0,43.949981689453125
2019-06-28,47.83000183105469,46.720001220703125,47.02000045776367,47.54999923706055,5832600.0,44.63523483276367
2019-07-01,49.18000030517578,47.45000076293945,48.33000183105469,47.849998474121094,5616600.0,44.91684341430664
2019-07-02,48.040000915527344,46.790000915527344,47.849998474121094,47.11000061035156,3435100.0,44.222206115722656
2019-07-03,48.119998931884766,47.0099983215332,47.189998626708984,47.52000045776367,2159600.0,44.60707473754883
2019-07-05,48.689998626708984,47.540000915527344,47.58000183105469,48.279998779296875,2852900.0,45.32048797607422
2019-07-08,48.7400016784668,48.02000045776367,48.290000915527344,48.27000045776367,3656200.0,45.311100006103516
2019-07-09,48.470001220703125,47.70000076293945,48.290000915527344,47.75,3375000.0,44.822975158691406
2019-07-10,47.970001220703125,47.119998931884766,47.75,47.15999984741211,3214600.0,44.269142150878906
2019-07-11,48.33000183105469,47.2599983215332,47.4900016784668,48.119998931884766,3180500.0,45.170291900634766
2019-07-12,49.20000076293945,47.95000076293945,48.310001373291016,48.709999084472656,2858800.0,45.72412872314453
2019-07-15,49.56999969482422,48.720001220703125,48.7400016784668,49.2599983215332,2839800.0,46.24040985107422
2019-07-16,50.18000030517578,49.15999984741211,49.290000915527344,49.84000015258789,2390100.0,46.78485870361328
2019-07-17,49.81999969482422,48.4900016784668,49.599998474121094,48.599998474121094,2722200.0,45.62086868286133
2019-07-18,49.040000915527344,48.22999954223633,48.59000015258789,48.56999969482422,2593100.0,45.592708587646484
2019-07-19,49.790000915527344,48.810001373291016,48.81999969482422,49.33000183105469,2657200.0,46.30612564086914
2019-07-22,50.529998779296875,49.20000076293945,49.650001525878906,49.650001525878906,3525500.0,46.60650634765625
2019-07-23,50.880001068115234,49.59000015258789,49.81999969482422,50.720001220703125,4610000.0,47.61091995239258
2019-07-24,51.900001525878906,50.650001525878906,50.869998931884766,51.619998931884766,3117100.0,48.45574951171875
2019-07-25,52.060001373291016,50.630001068115234,51.720001220703125,51.099998474121094,2985100.0,47.96762466430664
2019-07-26,52.31999969482422,50.619998931884766,51.20000076293945,52.29999923706055,2988500.0,49.09406280517578
2019-07-29,53.709999084472656,52.27000045776367,52.27000045776367,53.459999084472656,4759300.0,50.18295669555664
2019-07-30,53.630001068115234,52.310001373291016,53.06999969482422,53.29999923706055,3414400.0,50.03276443481445
2019-07-31,54.86000061035156,52.93000030517578,53.310001373291016,53.86000061035156,5720300.0,50.55843734741211
2019-08-01,53.959999084472656,49.18000030517578,53.959999084472656,49.650001525878906,5908900.0,46.60650634765625
2019-08-02,50.279998779296875,49.06999969482422,49.650001525878906,50.18000030517578,4163500.0,47.10401916503906
2019-08-05,49.5099983215332,47.970001220703125,49.220001220703125,49.45000076293945,3679400.0,46.41876983642578
2019-08-06,50.58000183105469,49.380001068115234,49.75,50.470001220703125,2835700.0,47.376243591308594
2019-08-07,50.66999816894531,48.939998626708984,49.56999969482422,50.560001373291016,3557100.0,47.46072769165039
2019-08-08,51.31999969482422,49.810001373291016,50.59000015258789,50.150001525878906,4356700.0,47.07585906982422
2019-08-09,49.970001220703125,48.7599983215332,49.970001220703125,49.060001373291016,3303200.0,46.052677154541016
2019-08-12,49.61000061035156,48.599998474121094,48.75,49.20000076293945,3739800.0,46.1840934753418
2019-08-13,52.5,48.56999969482422,48.9900016784668,50.66999816894531,5691700.0,47.56398010253906
2019-08-14,47.619998931884766,44.7599983215332,47.61000061035156,45.11000061035156,10258100.0,42.34480285644531
2019-08-15,45.650001525878906,43.33000183105469,45.459999084472656,44.27000045776367,6601400.0,41.556297302246094
2019-08-16,45.849998474121094,44.33000183105469,44.68000030517578,45.5099983215332,3864600.0,42.72028350830078
2019-08-19,48.349998474121094,46.04999923706055,46.33000183105469,48.20000076293945,6038700.0,45.245391845703125
2019-08-20,48.369998931884766,44.790000915527344,47.630001068115234,44.880001068115234,14901400.0,42.128902435302734
2019-08-21,47.349998474121094,44.900001525878906,45.63999938964844,47.060001373291016,7286900.0,44.17527389526367
2019-08-22,48.27000045776367,46.54999923706055,47.5,47.33000183105469,4251300.0,44.4287223815918
2019-08-23,47.560001373291016,45.0099983215332,46.68000030517578,45.18000030517578,5544400.0,42.4105110168457
2019-08-26,45.68000030517578,44.40999984741211,45.38999938964844,45.349998474121094,3684700.0,42.57008743286133
2019-08-27,45.93000030517578,44.7400016784668,45.630001068115234,44.75,2883900.0,42.00687026977539
2019-08-28,46.38999938964844,44.56999969482422,44.56999969482422,46.25,3080600.0,43.414920806884766
2019-08-29,47.619998931884766,46.810001373291016,46.959999084472656,47.209999084472656,3417900.0,44.31607437133789
2019-08-30,48.220001220703125,47.13999938964844,47.540000915527344,47.2599983215332,2506100.0,44.36301040649414
2019-09-03,47.22999954223633,45.93000030517578,46.61000061035156,46.220001220703125,3191900.0,43.38676071166992
2019-09-04,47.439998626708984,46.41999816894531,47.0,47.09000015258789,3273800.0,44.20343017578125
2019-09-05,48.68000030517578,47.5099983215332,48.119998931884766,48.25,4823900.0,45.29232406616211
2019-09-06,49.20000076293945,48.310001373291016,48.560001373291016,48.560001373291016,3235400.0,45.58332061767578
2019-09-09,52.06999969482422,48.369998931884766,48.709999084472656,51.72999954223633,6975600.0,48.55900573730469
2019-09-10,51.459999084472656,49.90999984741211,50.900001525878906,51.099998474121094,4713200.0,48.5970458984375
2019-09-11,52.77000045776367,50.22999954223633,51.470001220703125,52.33000183105469,3932600.0,49.76679992675781
2019-09-12,53.20000076293945,50.90999984741211,51.970001220703125,52.36000061035156,4118700.0,49.79533004760742
2019-09-13,54.20000076293945,52.25,53.20000076293945,52.70000076293945,2927500.0,50.118675231933594
2019-09-16,53.220001220703125,52.029998779296875,52.11000061035156,53.130001068115234,2867300.0,50.527610778808594
2019-09-17,52.150001525878906,50.41999816894531,52.119998931884766,50.810001373291016,4494700.0,48.321250915527344
2019-09-18,51.2400016784668,49.5099983215332,50.970001220703125,50.09000015258789,2748600.0,47.63651657104492
2019-09-19,50.529998779296875,48.77000045776367,50.31999969482422,48.79999923706055,2837700.0,46.40970230102539
2019-09-20,50.22999954223633,48.81999969482422,49.0099983215332,49.02000045776367,3492400.0,46.618927001953125
2019-09-23,49.25,48.20000076293945,48.709999084472656,49.029998779296875,2263200.0,46.62843704223633
2019-09-24,50.189998626708984,48.560001373291016,49.709999084472656,49.18000030517578,2350200.0,46.771087646484375
2019-09-25,50.18000030517578,49.09000015258789,49.18000030517578,49.779998779296875,1775900.0,47.341697692871094
2019-09-26,49.880001068115234,48.79999923706055,49.63999938964844,49.16999816894531,1749500.0,46.76157760620117
2019-09-27,50.06999969482422,49.220001220703125,49.43000030517578,49.63999938964844,1986100.0,47.20855712890625
2019-09-30,50.45000076293945,49.15999984741211,49.869998931884766,49.65999984741211,2250500.0,47.227577209472656
2019-10-01,50.540000915527344,48.970001220703125,50.09000015258789,49.0,3171800.0,46.59990692138672
2019-10-02,48.68000030517578,45.81999969482422,48.61000061035156,46.18000030517578,5344300.0,43.918033599853516
2019-10-03,46.63999938964844,44.66999816894531,45.939998626708984,46.56999969482422,4033100.0,44.2889289855957
2019-10-04,47.22999954223633,46.34000015258789,46.68000030517578,47.18000030517578,2490100.0,44.86905288696289
2019-10-07,48.93000030517578,46.9900016784668,47.099998474121094,48.36000061035156,3680100.0,45.99125289916992
2019-10-08,48.9900016784668,46.70000076293945,47.630001068115234,48.400001525878906,2922700.0,46.029293060302734
2019-10-09,50.18000030517578,48.59000015258789,48.709999084472656,49.40999984741211,3024900.0,46.98982620239258
2019-10-10,51.189998626708984,49.380001068115234,49.5,50.79999923706055,4441600.0,48.31174087524414
2019-10-11,52.130001068115234,50.650001525878906,51.52000045776367,51.459999084472656,3080300.0,48.93941116333008
2019-10-14,51.43000030517578,50.2599983215332,51.43000030517578,50.72999954223633,2311600.0,48.24516677856445
2019-10-15,52.08000183105469,50.54999923706055,50.939998626708984,51.45000076293945,2219300.0,48.92990493774414
2019-10-16,52.06999969482422,50.75,51.06999969482422,51.02000045776367,2180300.0,48.520965576171875
2019-10-17,51.90999984741211,50.72999954223633,51.34000015258789,51.060001373291016,2534400.0,48.55900573730469
2019-10-18,51.369998931884766,49.79999923706055,49.880001068115234,50.599998474121094,2655900.0,48.12153244018555
2019-10-21,52.06999969482422,50.849998474121094,51.22999954223633,51.22999954223633,2221500.0,48.720680236816406
2019-10-22,53.0,51.20000076293945,51.40999984741211,52.939998626708984,2297200.0,50.34691619873047
2019-10-23,53.5,52.029998779296875,52.43000030517578,53.2599983215332,2540600.0,50.651241302490234
2019-10-24,53.310001373291016,51.66999816894531,53.310001373291016,52.31999969482422,1601100.0,49.75728988647461
2019-10-25,54.06999969482422,51.91999816894531,52.189998626708984,53.959999084472656,2321600.0,51.31695556640625
2019-10-28,54.56999969482422,53.70000076293945,54.279998779296875,53.709999084472656,2102000.0,51.07920455932617
2019-10-29,54.45000076293945,53.060001373291016,53.47999954223633,53.90999984741211,2384500.0,51.269405364990234
2019-10-30,54.130001068115234,51.150001525878906,53.88999938964844,51.619998931884766,3586200.0,49.091575622558594
2019-10-31,51.279998779296875,50.31999969482422,51.279998779296875,51.2599983215332,3064600.0,48.74920654296875
2019-11-01,52.63999938964844,51.7400016784668,51.880001068115234,52.09000015258789,3096900.0,49.538551330566406
2019-11-04,54.470001220703125,52.91999816894531,53.04999923706055,54.09000015258789,4789500.0,51.440589904785156
2019-11-05,55.939998626708984,54.459999084472656,54.5,55.29999923706055,2885800.0,52.5913200378418
2019-11-06,54.970001220703125,53.790000915527344,54.779998779296875,54.38999938964844,3173700.0,51.725894927978516
2019-11-07,57.40999984741211,55.459999084472656,55.70000076293945,56.7400016784668,4919700.0,53.96078872680664
2019-11-08,57.310001373291016,55.84000015258789,56.5,57.040000915527344,3907700.0,54.24609375
2019-11-11,57.22999954223633,56.369998931884766,56.72999954223633,57.0099983215332,2880300.0,54.21756362915039
2019-11-12,57.040000915527344,55.34000015258789,56.41999816894531,56.45000076293945,4047400.0,53.684993743896484
2019-11-13,56.97999954223633,55.849998474121094,56.119998931884766,56.689998626708984,2184100.0,53.91323471069336
2019-11-14,58.5,57.0,57.029998779296875,57.54999923706055,4150100.0,54.73111343383789
2019-11-15,59.279998779296875,57.189998626708984,57.90999984741211,59.08000183105469,3552200.0,56.18617248535156
2019-11-18,59.2400016784668,57.2599983215332,59.2400016784668,58.400001525878906,6087700.0,55.53948211669922
2019-11-19,50.27000045776367,47.0099983215332,48.75,47.02000045776367,26997300.0,44.71689224243164
2019-11-20,47.86000061035156,46.060001373291016,46.33000183105469,47.220001220703125,8057600.0,44.9070930480957
2019-11-21,47.93000030517578,46.630001068115234,47.0,47.09000015258789,4843200.0,44.7834587097168
2019-11-22,47.810001373291016,46.65999984741211,47.400001525878906,47.0,4386100.0,44.69786834716797
2019-11-25,48.77000045776367,47.0099983215332,47.36000061035156,48.400001525878906,5742700.0,46.029293060302734
2019-11-26,48.97999954223633,47.810001373291016,48.36000061035156,48.04999923706055,3844400.0,45.69643783569336
2019-11-27,48.560001373291016,47.81999969482422,48.189998626708984,48.31999969482422,3215700.0,45.953216552734375
2019-11-29,48.040000915527344,46.95000076293945,48.040000915527344,47.0099983215332,3299600.0,44.707374572753906
2019-12-02,47.36000061035156,46.45000076293945,47.22999954223633,46.81999969482422,4229000.0,44.52668380737305
2019-12-03,46.38999938964844,45.529998779296875,46.33000183105469,45.939998626708984,3946400.0,43.689788818359375
2019-12-04,46.95000076293945,46.06999969482422,46.18000030517578,46.25,3547700.0,43.98460388183594
2019-12-05,47.2599983215332,46.41999816894531,46.41999816894531,47.08000183105469,3386000.0,44.77395248413086
2019-12-06,48.029998779296875,46.9900016784668,47.4900016784668,47.150001525878906,3776400.0,44.84052276611328
2019-12-09,48.86000061035156,47.13999938964844,47.349998474121094,48.709999084472656,4655900.0,46.32411193847656
2019-12-10,48.040000915527344,47.33000183105469,47.95000076293945,48.040000915527344,3231600.0,46.32411193847656
2019-12-11,48.18000030517578,47.459999084472656,47.720001220703125,47.70000076293945,3240700.0,45.99625778198242
2019-12-12,49.20000076293945,47.66999816894531,47.86000061035156,49.119998931884766,3890100.0,47.365535736083984
2019-12-13,49.540000915527344,48.27000045776367,49.16999816894531,48.279998779296875,2858500.0,46.555538177490234
2019-12-16,50.130001068115234,48.720001220703125,48.869998931884766,49.790000915527344,3700200.0,48.0116081237793
2019-12-17,50.7400016784668,48.91999816894531,49.689998626708984,50.459999084472656,3366900.0,48.65767288208008
2019-12-18,51.540000915527344,50.61000061035156,50.91999816894531,50.86000061035156,3163600.0,49.04338836669922
2019-12-19,50.79999923706055,49.93000030517578,50.65999984741211,50.47999954223633,2605900.0,48.67695999145508
2019-12-20,51.349998474121094,50.15999984741211,50.7400016784668,50.56999969482422,5363400.0,48.76374435424805
2019-12-23,51.04999923706055,50.0,50.97999954223633,50.77000045776367,2101700.0,48.95660400390625
2019-12-24,51.189998626708984,50.52000045776367,50.77000045776367,50.790000915527344,874300.0,48.975887298583984
2019-12-26,51.400001525878906,50.459999084472656,50.9900016784668,51.189998626708984,2354900.0,49.36159896850586
2019-12-27,51.599998474121094,50.70000076293945,51.29999923706055,50.939998626708984,2059900.0,49.12052917480469
2019-12-30,51.130001068115234,50.0099983215332,50.95000076293945,50.619998931884766,1870300.0,48.81195831298828
2019-12-31,51.439998626708984,50.52000045776367,50.59000015258789,50.95000076293945,2386500.0,49.13017272949219
2020-01-02,51.29999923706055,48.75,51.220001220703125,49.11000061035156,5039100.0,47.35589599609375
2020-01-03,49.380001068115234,48.459999084472656,48.58000183105469,49.189998626708984,3174800.0,47.43303680419922
2020-01-06,50.58000183105469,48.869998931884766,48.95000076293945,50.060001373291016,4612700.0,48.2719612121582
2020-01-07,50.81999969482422,49.43000030517578,49.63999938964844,50.16999816894531,3152200.0,48.37803268432617
2020-01-08,50.54999923706055,49.08000183105469,50.08000183105469,49.380001068115234,3723700.0,47.616249084472656
2020-01-09,46.33000183105469,44.61000061035156,45.790000915527344,46.150001525878906,19181800.0,44.50162124633789
2020-01-10,47.060001373291016,45.63999938964844,45.650001525878906,46.36000061035156,5241700.0,44.70411682128906
2020-01-13,46.779998779296875,45.91999816894531,46.47999954223633,46.310001373291016,3165500.0,44.655906677246094
2020-01-14,46.900001525878906,46.15999984741211,46.38999938964844,46.529998779296875,2577500.0,44.868045806884766
2020-01-15,46.7599983215332,46.029998779296875,46.13999938964844,46.720001220703125,2601500.0,45.05126190185547
2020-01-16,47.040000915527344,46.41999816894531,46.849998474121094,47.029998779296875,2341200.0,45.35018539428711
2020-01-17,47.41999816894531,46.7400016784668,47.08000183105469,47.0,2060600.0,45.321258544921875
2020-01-21,46.86000061035156,45.849998474121094,46.86000061035156,46.130001068115234,2851900.0,44.48233413696289
2020-01-22,46.900001525878906,46.150001525878906,46.220001220703125,46.369998931884766,1754300.0,44.71376037597656
2020-01-23,46.459999084472656,45.619998931884766,46.18000030517578,46.220001220703125,2021800.0,44.56911849975586
2020-01-24,46.45000076293945,45.40999984741211,46.310001373291016,45.4900016784668,1925400.0,43.86519241333008
2020-01-27,45.189998626708984,44.45000076293945,44.709999084472656,44.68000030517578,2115400.0,43.08412551879883
2020-01-28,45.400001525878906,44.47999954223633,45.150001525878906,45.08000183105469,1947300.0,43.4698371887207
2020-01-29,45.619998931884766,44.84000015258789,45.279998779296875,44.849998474121094,1660000.0,43.248050689697266
2020-01-30,44.75,44.130001068115234,44.5099983215332,44.560001373291016,2424500.0,42.96841049194336
2020-01-31,44.41999816894531,42.5,44.38999938964844,42.75,3974700.0,41.223060607910156
2020-02-03,44.09000015258789,42.77000045776367,42.869998931884766,42.880001068115234,2456300.0,41.34841537475586
2020-02-04,44.04999923706055,43.130001068115234,43.459999084472656,43.220001220703125,2943000.0,41.676273345947266
2020-02-05,46.2599983215332,43.68000030517578,43.75,46.06999969482422,4033800.0,44.424476623535156
2020-02-06,46.470001220703125,44.91999816894531,46.34000015258789,44.95000076293945,2573300.0,43.344482421875
2020-02-07,44.7599983215332,43.630001068115234,44.650001525878906,43.79999923706055,2845700.0,42.23555374145508
2020-02-10,44.52000045776367,43.459999084472656,43.599998474121094,44.09000015258789,2193900.0,42.51519775390625
2020-02-11,44.75,43.650001525878906,44.189998626708984,44.439998626708984,2816500.0,42.85269546508789
2020-02-12,45.70000076293945,44.58000183105469,44.7400016784668,45.36000061035156,3254000.0,43.739837646484375
2020-02-13,45.130001068115234,44.27000045776367,45.0099983215332,44.63999938964844,2574800.0,43.04555130004883
2020-02-14,44.720001220703125,44.11000061035156,44.68000030517578,44.470001220703125,2218900.0,42.88162612915039
2020-02-18,44.279998779296875,43.36000061035156,44.220001220703125,43.83000183105469,3327900.0,42.26448440551758
2020-02-19,44.33000183105469,43.18000030517578,43.83000183105469,44.0,2975000.0,42.42841339111328
2020-02-20,45.52000045776367,43.810001373291016,43.95000076293945,44.77000045776367,3062300.0,43.1709098815918
2020-02-21,45.029998779296875,43.939998626708984,44.22999954223633,44.54999923706055,2448400.0,42.95876693725586
2020-02-24,43.5099983215332,42.36000061035156,42.880001068115234,43.130001068115234,2766400.0,41.5894889831543
2020-02-25,43.560001373291016,40.459999084472656,43.380001068115234,41.099998474121094,3623600.0,39.63199234008789
2020-02-26,41.779998779296875,39.90999984741211,41.310001373291016,40.02000045776367,4236300.0,38.59056854248047
2020-02-27,40.849998474121094,37.11000061035156,38.75,38.91999816894531,5744500.0,37.52985763549805
2020-02-28,39.75,37.5099983215332,37.54999923706055,39.150001525878906,4627400.0,37.751644134521484
2020-03-02,39.20000076293945,37.16999816894531,39.20000076293945,38.439998626708984,5781700.0,37.06700134277344
2020-03-03,40.099998474121094,36.58000183105469,39.86000061035156,37.43000030517578,11105300.0,36.09307861328125
2020-03-04,37.77000045776367,35.7400016784668,37.77000045776367,36.52000045776367,5865500.0,35.21558380126953
2020-03-05,35.959999084472656,34.0099983215332,35.41999816894531,34.13999938964844,6754300.0,32.920589447021484
2020-03-06,35.97999954223633,32.880001068115234,33.5,34.650001525878906,6341600.0,33.412376403808594
2020-03-09,32.790000915527344,31.100000381469727,32.08000183105469,32.5,5365600.0,31.339168548583984
2020-03-10,34.209999084472656,30.049999237060547,34.02000045776367,31.610000610351562,7072600.0,30.48095703125
2020-03-11,30.690000534057617,28.09000015258789,30.579999923706055,28.450000762939453,7410800.0,27.433826446533203
2020-03-12,25.5,23.0,24.75,23.010000228881836,7803300.0,22.18813133239746
2020-03-13,24.899999618530273,22.049999237060547,24.600000381469727,24.790000915527344,9208500.0,23.90455436706543
2020-03-16,22.079999923706055,19.700000762939453,21.65999984741211,19.709999084472656,7129200.0,19.005998611450195
2020-03-17,19.350000381469727,15.949999809265137,19.299999237060547,17.0,11065700.0,17.0
2020-03-18,16.479999542236328,13.979999542236328,15.920000076293945,15.59000015258789,7246800.0,15.59000015258789
2020-03-19,18.06999969482422,14.359999656677246,15.350000381469727,17.18000030517578,8203200.0,17.18000030517578
2020-03-20,17.600000381469727,15.329999923706055,17.0,15.850000381469727,8900900.0,15.850000381469727
2020-03-23,15.789999961853027,12.850000381469727,15.600000381469727,13.09000015258789,14523900.0,13.09000015258789
2020-03-24,16.84000015258789,14.010000228881836,14.199999809265137,16.6299991607666,12213200.0,16.6299991607666
2020-03-25,18.299999237060547,15.890000343322754,17.389999389648438,17.700000762939453,11926900.0,17.700000762939453
2020-03-26,18.889999389648438,17.110000610351562,18.40999984741211,17.959999084472656,7977800.0,17.959999084472656
2020-03-27,18.260000228881836,15.770000457763672,16.770000457763672,17.549999237060547,8296100.0,17.549999237060547
2020-03-30,17.540000915527344,15.699999809265137,17.020000457763672,16.030000686645508,6602800.0,16.030000686645508
2020-03-31,16.459999084472656,14.449999809265137,15.920000076293945,14.59000015258789,8780400.0,14.59000015258789
2020-04-01,13.920000076293945,12.850000381469727,13.789999961853027,12.9399995803833,9759800.0,12.9399995803833
2020-04-02,13.770000457763672,11.520000457763672,12.899999618530273,11.710000038146973,10388500.0,11.710000038146973
2020-04-03,11.989999771118164,10.890000343322754,11.75,11.510000228881836,9657500.0,11.510000228881836
2020-04-06,14.59000015258789,12.3100004196167,12.420000076293945,14.149999618530273,14233700.0,14.149999618530273
2020-04-07,18.6299991607666,16.510000228881836,16.649999618530273,17.010000228881836,23043500.0,17.010000228881836
2020-04-08,18.5,17.0,17.950000762939453,17.520000457763672,14489300.0,17.520000457763672
2020-04-09,21.280000686645508,18.809999465942383,18.8799991607666,19.90999984741211,16693600.0,19.90999984741211
2020-04-13,20.899999618530273,17.920000076293945,20.420000076293945,18.790000915527344,10311200.0,18.790000915527344
2020-04-14,20.329999923706055,18.56999969482422,19.43000030517578,19.010000228881836,9173500.0,19.010000228881836
2020-04-15,18.469999313354492,17.079999923706055,17.600000381469727,17.690000534057617,7415600.0,17.690000534057617
2020-04-16,18.079999923706055,17.200000762939453,17.850000381469727,17.610000610351562,5104382.0,17.610000610351562
